[2025-05-12 19:55:39] local.ERROR: SQLSTATE[42000]: [Microsoft][ODBC Driver 17 for SQL Server][SQL Server]String or binary data would be truncated in table 'dbRacso.dbo.recetas_d', column 'frecuencia'. Truncated value: '||||||||||||||||||||||||||||||||||||||||||||||||||||||||||||||||||||||||||||||||||||||||||||||||||||'. (Connection: sqlsrv, SQL: insert into [recetas_d] ([cantidad], [cie10], [cod_producto], [dosis], [duracion], [frecuencia], [fuente], [idmedicamento], [idreceta_h], [presentacion], [producto], [state], [via_administracion]) values (2, J00X, 9663, 1AMPOLLA, POR 2 DIAS, CADA 24 HORAS, 0, 7678, 239654, 1, KETOROLACO  60MG /2ML AMP. X 25  (DANY), 0, Intramuscular), (2, J00X, 3004, 1AMPOLLA, POR 2 DIAS, CADA 24 HORAS, 1, 6975, 239655, 1, CLORFENAMINA 10MG/1ML INY. AMP CJA X 100 (SAND), 0, Intramuscular), (2, J00X, 3922, AMPOLLA, POR 2 DIAS, CADA 24 HORAS, 0, 7648, 239654, 18, JERINGA 10 ML NIPRO, 0, Intramuscular), (6, J00X, 15506, 01 TB, POR 3 DIAS, CADA 12 HR, 0, 8714, 239654, 16, IRAXEN 550MG X100TAB, 0, Oral), (2, J00X, 3941, 01 AMP, POR 2 DIAS, CADA 24 HR, 0, 6541, 239654, 18, AGUJA 21 X 1 1/2, 0, Intramuscular), (10, J00X, 0000167581, 01 TAB, POR 3 DIAS, |||||||||||||||||||||||||||||||||||||||||||||||||||||||||||||||||||||||||||||||||||||||||||||||||||||||||||||||||||||||||||||||||||||||||||||||||||||||||||||||||||||||||||||||||||||||||||||||||||||||||||||||||||||||||||||||||||||||||||||||||||||||||||||||||||||||||||||||||||||||||||||||||||||||||||||||||||||||||||||||||||||||||||||||||||||||||||||||||||||||||||||||||||||||||||||||||||||||||||||||||||||||||||||||||||||||||||||||||||||||||||||||POR 2 DIAS, 1, 8886, 239655, 16, DON GRIPPA TAB REC CJA X 100, 0, Oral), (3, J00X, 2832, 01 CARAMELO, POR 3 DIAS, CADA 8 HR, 0, 7960, 239654, 14, MULTIBIOTICOS SOBRE X 4 CJA X 50, 0, Oral)) {"userId":1341,"exception":"[object] (Illuminate\\Database\\QueryException(code: 42000): SQLSTATE[42000]: [Microsoft][ODBC Driver 17 for SQL Server][SQL Server]String or binary data would be truncated in table 'dbRacso.dbo.recetas_d', column 'frecuencia'. Truncated value: '||||||||||||||||||||||||||||||||||||||||||||||||||||||||||||||||||||||||||||||||||||||||||||||||||||'. (Connection: sqlsrv, SQL: insert into [recetas_d] ([cantidad], [cie10], [cod_producto], [dosis], [duracion], [frecuencia], [fuente], [idmedicamento], [idreceta_h], [presentacion], [producto], [state], [via_administracion]) values (2, J00X, 9663, 1AMPOLLA, POR 2 DIAS, CADA 24 HORAS, 0, 7678, 239654, 1, KETOROLACO  60MG /2ML AMP. X 25  (DANY), 0, Intramuscular), (2, J00X, 3004, 1AMPOLLA, POR 2 DIAS, CADA 24 HORAS, 1, 6975, 239655, 1, CLORFENAMINA 10MG/1ML INY. AMP CJA X 100 (SAND), 0, Intramuscular), (2, J00X, 3922, AMPOLLA, POR 2 DIAS, CADA 24 HORAS, 0, 7648, 239654, 18, JERINGA 10 ML NIPRO, 0, Intramuscular), (6, J00X, 15506, 01 TB, POR 3 DIAS, CADA 12 HR, 0, 8714, 239654, 16, IRAXEN 550MG X100TAB, 0, Oral), (2, J00X, 3941, 01 AMP, POR 2 DIAS, CADA 24 HR, 0, 6541, 239654, 18, AGUJA 21 X 1 1/2, 0, Intramuscular), (10, J00X, 0000167581, 01 TAB, POR 3 DIAS, |||||||||||||||||||||||||||||||||||||||||||||||||||||||||||||||||||||||||||||||||||||||||||||||||||||||||||||||||||||||||||||||||||||||||||||||||||||||||||||||||||||||||||||||||||||||||||||||||||||||||||||||||||||||||||||||||||||||||||||||||||||||||||||||||||||||||||||||||||||||||||||||||||||||||||||||||||||||||||||||||||||||||||||||||||||||||||||||||||||||||||||||||||||||||||||||||||||||||||||||||||||||||||||||||||||||||||||||||||||||||||||||POR 2 DIAS, 1, 8886, 239655, 16, DON GRIPPA TAB REC CJA X 100, 0, Oral), (3, J00X, 2832, 01 CARAMELO, POR 3 DIAS, CADA 8 HR, 0, 7960, 239654, 14, MULTIBIOTICOS SOBRE X 4 CJA X 50, 0, Oral)) at C:\\Eureka\\htdocs\\sanna\\services\\vendor\\laravel\\framework\\src\\Illuminate\\Database\\Connection.php:829)
[stacktrace]
#0 C:\\Eureka\\htdocs\\sanna\\services\\vendor\\laravel\\framework\\src\\Illuminate\\Database\\Connection.php(783): Illuminate\\Database\\Connection->runQueryCallback()
#1 C:\\Eureka\\htdocs\\sanna\\services\\vendor\\laravel\\framework\\src\\Illuminate\\Database\\Connection.php(576): Illuminate\\Database\\Connection->run()
#2 C:\\Eureka\\htdocs\\sanna\\services\\vendor\\laravel\\framework\\src\\Illuminate\\Database\\Connection.php(540): Illuminate\\Database\\Connection->statement()
#3 C:\\Eureka\\htdocs\\sanna\\services\\vendor\\laravel\\framework\\src\\Illuminate\\Database\\Query\\Builder.php(3456): Illuminate\\Database\\Connection->insert()
#4 C:\\Eureka\\htdocs\\sanna\\services\\app\\Http\\Controllers\\RegistroatencionController.php(1246): Illuminate\\Database\\Query\\Builder->insert()
#5 C:\\Eureka\\htdocs\\sanna\\services\\vendor\\laravel\\framework\\src\\Illuminate\\Routing\\Controller.php(54): App\\Http\\Controllers\\RegistroatencionController->generarRecetamedicaConsulta()
#6 C:\\Eureka\\htdocs\\sanna\\services\\vendor\\laravel\\framework\\src\\Illuminate\\Routing\\ControllerDispatcher.php(43): Illuminate\\Routing\\Controller->callAction()
#7 C:\\Eureka\\htdocs\\sanna\\services\\vendor\\laravel\\framework\\src\\Illuminate\\Routing\\Route.php(259): Illuminate\\Routing\\ControllerDispatcher->dispatch()
#8 C:\\Eureka\\htdocs\\sanna\\services\\vendor\\laravel\\framework\\src\\Illuminate\\Routing\\Route.php(205): Illuminate\\Routing\\Route->runController()
#9 C:\\Eureka\\htdocs\\sanna\\services\\vendor\\laravel\\framework\\src\\Illuminate\\Routing\\Router.php(806): Illuminate\\Routing\\Route->run()
#10 C:\\Eureka\\htdocs\\sanna\\services\\vendor\\laravel\\framework\\src\\Illuminate\\Pipeline\\Pipeline.php(144): Illuminate\\Routing\\Router->Illuminate\\Routing\\{closure}()
#11 C:\\Eureka\\htdocs\\sanna\\services\\app\\Http\\Middleware\\ValidarToken.php(32): Illuminate\\Pipeline\\Pipeline->Illuminate\\Pipeline\\{closure}()
#12 C:\\Eureka\\htdocs\\sanna\\services\\vendor\\laravel\\framework\\src\\Illuminate\\Pipeline\\Pipeline.php(183): App\\Http\\Middleware\\ValidarToken->handle()
#13 C:\\Eureka\\htdocs\\sanna\\services\\vendor\\laravel\\framework\\src\\Illuminate\\Routing\\Middleware\\SubstituteBindings.php(50): Illuminate\\Pipeline\\Pipeline->Illuminate\\Pipeline\\{closure}()
#14 C:\\Eureka\\htdocs\\sanna\\services\\vendor\\laravel\\framework\\src\\Illuminate\\Pipeline\\Pipeline.php(183): Illuminate\\Routing\\Middleware\\SubstituteBindings->handle()
#15 C:\\Eureka\\htdocs\\sanna\\services\\vendor\\laravel\\framework\\src\\Illuminate\\Routing\\Middleware\\ThrottleRequests.php(159): Illuminate\\Pipeline\\Pipeline->Illuminate\\Pipeline\\{closure}()
#16 C:\\Eureka\\htdocs\\sanna\\services\\vendor\\laravel\\framework\\src\\Illuminate\\Routing\\Middleware\\ThrottleRequests.php(125): Illuminate\\Routing\\Middleware\\ThrottleRequests->handleRequest()
#17 C:\\Eureka\\htdocs\\sanna\\services\\vendor\\laravel\\framework\\src\\Illuminate\\Routing\\Middleware\\ThrottleRequests.php(87): Illuminate\\Routing\\Middleware\\ThrottleRequests->handleRequestUsingNamedLimiter()
#18 C:\\Eureka\\htdocs\\sanna\\services\\vendor\\laravel\\framework\\src\\Illuminate\\Pipeline\\Pipeline.php(183): Illuminate\\Routing\\Middleware\\ThrottleRequests->handle()
#19 C:\\Eureka\\htdocs\\sanna\\services\\vendor\\laravel\\framework\\src\\Illuminate\\Pipeline\\Pipeline.php(119): Illuminate\\Pipeline\\Pipeline->Illuminate\\Pipeline\\{closure}()
#20 C:\\Eureka\\htdocs\\sanna\\services\\vendor\\laravel\\framework\\src\\Illuminate\\Routing\\Router.php(805): Illuminate\\Pipeline\\Pipeline->then()
#21 C:\\Eureka\\htdocs\\sanna\\services\\vendor\\laravel\\framework\\src\\Illuminate\\Routing\\Router.php(784): Illuminate\\Routing\\Router->runRouteWithinStack()
#22 C:\\Eureka\\htdocs\\sanna\\services\\vendor\\laravel\\framework\\src\\Illuminate\\Routing\\Router.php(748): Illuminate\\Routing\\Router->runRoute()
#23 C:\\Eureka\\htdocs\\sanna\\services\\vendor\\laravel\\framework\\src\\Illuminate\\Routing\\Router.php(737): Illuminate\\Routing\\Router->dispatchToRoute()
#24 C:\\Eureka\\htdocs\\sanna\\services\\vendor\\laravel\\framework\\src\\Illuminate\\Foundation\\Http\\Kernel.php(200): Illuminate\\Routing\\Router->dispatch()
#25 C:\\Eureka\\htdocs\\sanna\\services\\vendor\\laravel\\framework\\src\\Illuminate\\Pipeline\\Pipeline.php(144): Illuminate\\Foundation\\Http\\Kernel->Illuminate\\Foundation\\Http\\{closure}()
#26 C:\\Eureka\\htdocs\\sanna\\services\\vendor\\laravel\\framework\\src\\Illuminate\\Foundation\\Http\\Middleware\\TransformsRequest.php(21): Illuminate\\Pipeline\\Pipeline->Illuminate\\Pipeline\\{closure}()
#27 C:\\Eureka\\htdocs\\sanna\\services\\vendor\\laravel\\framework\\src\\Illuminate\\Foundation\\Http\\Middleware\\ConvertEmptyStringsToNull.php(31): Illuminate\\Foundation\\Http\\Middleware\\TransformsRequest->handle()
#28 C:\\Eureka\\htdocs\\sanna\\services\\vendor\\laravel\\framework\\src\\Illuminate\\Pipeline\\Pipeline.php(183): Illuminate\\Foundation\\Http\\Middleware\\ConvertEmptyStringsToNull->handle()
#29 C:\\Eureka\\htdocs\\sanna\\services\\vendor\\laravel\\framework\\src\\Illuminate\\Foundation\\Http\\Middleware\\TransformsRequest.php(21): Illuminate\\Pipeline\\Pipeline->Illuminate\\Pipeline\\{closure}()
#30 C:\\Eureka\\htdocs\\sanna\\services\\vendor\\laravel\\framework\\src\\Illuminate\\Foundation\\Http\\Middleware\\TrimStrings.php(40): Illuminate\\Foundation\\Http\\Middleware\\TransformsRequest->handle()
#31 C:\\Eureka\\htdocs\\sanna\\services\\vendor\\laravel\\framework\\src\\Illuminate\\Pipeline\\Pipeline.php(183): Illuminate\\Foundation\\Http\\Middleware\\TrimStrings->handle()
#32 C:\\Eureka\\htdocs\\sanna\\services\\vendor\\laravel\\framework\\src\\Illuminate\\Foundation\\Http\\Middleware\\ValidatePostSize.php(27): Illuminate\\Pipeline\\Pipeline->Illuminate\\Pipeline\\{closure}()
#33 C:\\Eureka\\htdocs\\sanna\\services\\vendor\\laravel\\framework\\src\\Illuminate\\Pipeline\\Pipeline.php(183): Illuminate\\Foundation\\Http\\Middleware\\ValidatePostSize->handle()
#34 C:\\Eureka\\htdocs\\sanna\\services\\vendor\\laravel\\framework\\src\\Illuminate\\Foundation\\Http\\Middleware\\PreventRequestsDuringMaintenance.php(99): Illuminate\\Pipeline\\Pipeline->Illuminate\\Pipeline\\{closure}()
#35 C:\\Eureka\\htdocs\\sanna\\services\\vendor\\laravel\\framework\\src\\Illuminate\\Pipeline\\Pipeline.php(183): Illuminate\\Foundation\\Http\\Middleware\\PreventRequestsDuringMaintenance->handle()
#36 C:\\Eureka\\htdocs\\sanna\\services\\vendor\\laravel\\framework\\src\\Illuminate\\Http\\Middleware\\HandleCors.php(62): Illuminate\\Pipeline\\Pipeline->Illuminate\\Pipeline\\{closure}()
#37 C:\\Eureka\\htdocs\\sanna\\services\\vendor\\laravel\\framework\\src\\Illuminate\\Pipeline\\Pipeline.php(183): Illuminate\\Http\\Middleware\\HandleCors->handle()
#38 C:\\Eureka\\htdocs\\sanna\\services\\vendor\\laravel\\framework\\src\\Illuminate\\Http\\Middleware\\TrustProxies.php(39): Illuminate\\Pipeline\\Pipeline->Illuminate\\Pipeline\\{closure}()
#39 C:\\Eureka\\htdocs\\sanna\\services\\vendor\\laravel\\framework\\src\\Illuminate\\Pipeline\\Pipeline.php(183): Illuminate\\Http\\Middleware\\TrustProxies->handle()
#40 C:\\Eureka\\htdocs\\sanna\\services\\vendor\\laravel\\framework\\src\\Illuminate\\Pipeline\\Pipeline.php(119): Illuminate\\Pipeline\\Pipeline->Illuminate\\Pipeline\\{closure}()
#41 C:\\Eureka\\htdocs\\sanna\\services\\vendor\\laravel\\framework\\src\\Illuminate\\Foundation\\Http\\Kernel.php(175): Illuminate\\Pipeline\\Pipeline->then()
#42 C:\\Eureka\\htdocs\\sanna\\services\\vendor\\laravel\\framework\\src\\Illuminate\\Foundation\\Http\\Kernel.php(144): Illuminate\\Foundation\\Http\\Kernel->sendRequestThroughRouter()
#43 C:\\Eureka\\htdocs\\sanna\\services\\public\\index.php(54): Illuminate\\Foundation\\Http\\Kernel->handle()
#44 {main}

[previous exception] [object] (PDOException(code: 42000): SQLSTATE[42000]: [Microsoft][ODBC Driver 17 for SQL Server][SQL Server]String or binary data would be truncated in table 'dbRacso.dbo.recetas_d', column 'frecuencia'. Truncated value: '||||||||||||||||||||||||||||||||||||||||||||||||||||||||||||||||||||||||||||||||||||||||||||||||||||'. at C:\\Eureka\\htdocs\\sanna\\services\\vendor\\laravel\\framework\\src\\Illuminate\\Database\\Connection.php:587)
[stacktrace]
#0 C:\\Eureka\\htdocs\\sanna\\services\\vendor\\laravel\\framework\\src\\Illuminate\\Database\\Connection.php(587): PDOStatement->execute()
#1 C:\\Eureka\\htdocs\\sanna\\services\\vendor\\laravel\\framework\\src\\Illuminate\\Database\\Connection.php(816): Illuminate\\Database\\Connection->Illuminate\\Database\\{closure}()
#2 C:\\Eureka\\htdocs\\sanna\\services\\vendor\\laravel\\framework\\src\\Illuminate\\Database\\Connection.php(783): Illuminate\\Database\\Connection->runQueryCallback()
#3 C:\\Eureka\\htdocs\\sanna\\services\\vendor\\laravel\\framework\\src\\Illuminate\\Database\\Connection.php(576): Illuminate\\Database\\Connection->run()
#4 C:\\Eureka\\htdocs\\sanna\\services\\vendor\\laravel\\framework\\src\\Illuminate\\Database\\Connection.php(540): Illuminate\\Database\\Connection->statement()
#5 C:\\Eureka\\htdocs\\sanna\\services\\vendor\\laravel\\framework\\src\\Illuminate\\Database\\Query\\Builder.php(3456): Illuminate\\Database\\Connection->insert()
#6 C:\\Eureka\\htdocs\\sanna\\services\\app\\Http\\Controllers\\RegistroatencionController.php(1246): Illuminate\\Database\\Query\\Builder->insert()
#7 C:\\Eureka\\htdocs\\sanna\\services\\vendor\\laravel\\framework\\src\\Illuminate\\Routing\\Controller.php(54): App\\Http\\Controllers\\RegistroatencionController->generarRecetamedicaConsulta()
#8 C:\\Eureka\\htdocs\\sanna\\services\\vendor\\laravel\\framework\\src\\Illuminate\\Routing\\ControllerDispatcher.php(43): Illuminate\\Routing\\Controller->callAction()
#9 C:\\Eureka\\htdocs\\sanna\\services\\vendor\\laravel\\framework\\src\\Illuminate\\Routing\\Route.php(259): Illuminate\\Routing\\ControllerDispatcher->dispatch()
#10 C:\\Eureka\\htdocs\\sanna\\services\\vendor\\laravel\\framework\\src\\Illuminate\\Routing\\Route.php(205): Illuminate\\Routing\\Route->runController()
#11 C:\\Eureka\\htdocs\\sanna\\services\\vendor\\laravel\\framework\\src\\Illuminate\\Routing\\Router.php(806): Illuminate\\Routing\\Route->run()
#12 C:\\Eureka\\htdocs\\sanna\\services\\vendor\\laravel\\framework\\src\\Illuminate\\Pipeline\\Pipeline.php(144): Illuminate\\Routing\\Router->Illuminate\\Routing\\{closure}()
#13 C:\\Eureka\\htdocs\\sanna\\services\\app\\Http\\Middleware\\ValidarToken.php(32): Illuminate\\Pipeline\\Pipeline->Illuminate\\Pipeline\\{closure}()
#14 C:\\Eureka\\htdocs\\sanna\\services\\vendor\\laravel\\framework\\src\\Illuminate\\Pipeline\\Pipeline.php(183): App\\Http\\Middleware\\ValidarToken->handle()
#15 C:\\Eureka\\htdocs\\sanna\\services\\vendor\\laravel\\framework\\src\\Illuminate\\Routing\\Middleware\\SubstituteBindings.php(50): Illuminate\\Pipeline\\Pipeline->Illuminate\\Pipeline\\{closure}()
#16 C:\\Eureka\\htdocs\\sanna\\services\\vendor\\laravel\\framework\\src\\Illuminate\\Pipeline\\Pipeline.php(183): Illuminate\\Routing\\Middleware\\SubstituteBindings->handle()
#17 C:\\Eureka\\htdocs\\sanna\\services\\vendor\\laravel\\framework\\src\\Illuminate\\Routing\\Middleware\\ThrottleRequests.php(159): Illuminate\\Pipeline\\Pipeline->Illuminate\\Pipeline\\{closure}()
#18 C:\\Eureka\\htdocs\\sanna\\services\\vendor\\laravel\\framework\\src\\Illuminate\\Routing\\Middleware\\ThrottleRequests.php(125): Illuminate\\Routing\\Middleware\\ThrottleRequests->handleRequest()
#19 C:\\Eureka\\htdocs\\sanna\\services\\vendor\\laravel\\framework\\src\\Illuminate\\Routing\\Middleware\\ThrottleRequests.php(87): Illuminate\\Routing\\Middleware\\ThrottleRequests->handleRequestUsingNamedLimiter()
#20 C:\\Eureka\\htdocs\\sanna\\services\\vendor\\laravel\\framework\\src\\Illuminate\\Pipeline\\Pipeline.php(183): Illuminate\\Routing\\Middleware\\ThrottleRequests->handle()
#21 C:\\Eureka\\htdocs\\sanna\\services\\vendor\\laravel\\framework\\src\\Illuminate\\Pipeline\\Pipeline.php(119): Illuminate\\Pipeline\\Pipeline->Illuminate\\Pipeline\\{closure}()
#22 C:\\Eureka\\htdocs\\sanna\\services\\vendor\\laravel\\framework\\src\\Illuminate\\Routing\\Router.php(805): Illuminate\\Pipeline\\Pipeline->then()
#23 C:\\Eureka\\htdocs\\sanna\\services\\vendor\\laravel\\framework\\src\\Illuminate\\Routing\\Router.php(784): Illuminate\\Routing\\Router->runRouteWithinStack()
#24 C:\\Eureka\\htdocs\\sanna\\services\\vendor\\laravel\\framework\\src\\Illuminate\\Routing\\Router.php(748): Illuminate\\Routing\\Router->runRoute()
#25 C:\\Eureka\\htdocs\\sanna\\services\\vendor\\laravel\\framework\\src\\Illuminate\\Routing\\Router.php(737): Illuminate\\Routing\\Router->dispatchToRoute()
#26 C:\\Eureka\\htdocs\\sanna\\services\\vendor\\laravel\\framework\\src\\Illuminate\\Foundation\\Http\\Kernel.php(200): Illuminate\\Routing\\Router->dispatch()
#27 C:\\Eureka\\htdocs\\sanna\\services\\vendor\\laravel\\framework\\src\\Illuminate\\Pipeline\\Pipeline.php(144): Illuminate\\Foundation\\Http\\Kernel->Illuminate\\Foundation\\Http\\{closure}()
#28 C:\\Eureka\\htdocs\\sanna\\services\\vendor\\laravel\\framework\\src\\Illuminate\\Foundation\\Http\\Middleware\\TransformsRequest.php(21): Illuminate\\Pipeline\\Pipeline->Illuminate\\Pipeline\\{closure}()
#29 C:\\Eureka\\htdocs\\sanna\\services\\vendor\\laravel\\framework\\src\\Illuminate\\Foundation\\Http\\Middleware\\ConvertEmptyStringsToNull.php(31): Illuminate\\Foundation\\Http\\Middleware\\TransformsRequest->handle()
#30 C:\\Eureka\\htdocs\\sanna\\services\\vendor\\laravel\\framework\\src\\Illuminate\\Pipeline\\Pipeline.php(183): Illuminate\\Foundation\\Http\\Middleware\\ConvertEmptyStringsToNull->handle()
#31 C:\\Eureka\\htdocs\\sanna\\services\\vendor\\laravel\\framework\\src\\Illuminate\\Foundation\\Http\\Middleware\\TransformsRequest.php(21): Illuminate\\Pipeline\\Pipeline->Illuminate\\Pipeline\\{closure}()
#32 C:\\Eureka\\htdocs\\sanna\\services\\vendor\\laravel\\framework\\src\\Illuminate\\Foundation\\Http\\Middleware\\TrimStrings.php(40): Illuminate\\Foundation\\Http\\Middleware\\TransformsRequest->handle()
#33 C:\\Eureka\\htdocs\\sanna\\services\\vendor\\laravel\\framework\\src\\Illuminate\\Pipeline\\Pipeline.php(183): Illuminate\\Foundation\\Http\\Middleware\\TrimStrings->handle()
#34 C:\\Eureka\\htdocs\\sanna\\services\\vendor\\laravel\\framework\\src\\Illuminate\\Foundation\\Http\\Middleware\\ValidatePostSize.php(27): Illuminate\\Pipeline\\Pipeline->Illuminate\\Pipeline\\{closure}()
#35 C:\\Eureka\\htdocs\\sanna\\services\\vendor\\laravel\\framework\\src\\Illuminate\\Pipeline\\Pipeline.php(183): Illuminate\\Foundation\\Http\\Middleware\\ValidatePostSize->handle()
#36 C:\\Eureka\\htdocs\\sanna\\services\\vendor\\laravel\\framework\\src\\Illuminate\\Foundation\\Http\\Middleware\\PreventRequestsDuringMaintenance.php(99): Illuminate\\Pipeline\\Pipeline->Illuminate\\Pipeline\\{closure}()
#37 C:\\Eureka\\htdocs\\sanna\\services\\vendor\\laravel\\framework\\src\\Illuminate\\Pipeline\\Pipeline.php(183): Illuminate\\Foundation\\Http\\Middleware\\PreventRequestsDuringMaintenance->handle()
#38 C:\\Eureka\\htdocs\\sanna\\services\\vendor\\laravel\\framework\\src\\Illuminate\\Http\\Middleware\\HandleCors.php(62): Illuminate\\Pipeline\\Pipeline->Illuminate\\Pipeline\\{closure}()
#39 C:\\Eureka\\htdocs\\sanna\\services\\vendor\\laravel\\framework\\src\\Illuminate\\Pipeline\\Pipeline.php(183): Illuminate\\Http\\Middleware\\HandleCors->handle()
#40 C:\\Eureka\\htdocs\\sanna\\services\\vendor\\laravel\\framework\\src\\Illuminate\\Http\\Middleware\\TrustProxies.php(39): Illuminate\\Pipeline\\Pipeline->Illuminate\\Pipeline\\{closure}()
#41 C:\\Eureka\\htdocs\\sanna\\services\\vendor\\laravel\\framework\\src\\Illuminate\\Pipeline\\Pipeline.php(183): Illuminate\\Http\\Middleware\\TrustProxies->handle()
#42 C:\\Eureka\\htdocs\\sanna\\services\\vendor\\laravel\\framework\\src\\Illuminate\\Pipeline\\Pipeline.php(119): Illuminate\\Pipeline\\Pipeline->Illuminate\\Pipeline\\{closure}()
#43 C:\\Eureka\\htdocs\\sanna\\services\\vendor\\laravel\\framework\\src\\Illuminate\\Foundation\\Http\\Kernel.php(175): Illuminate\\Pipeline\\Pipeline->then()
#44 C:\\Eureka\\htdocs\\sanna\\services\\vendor\\laravel\\framework\\src\\Illuminate\\Foundation\\Http\\Kernel.php(144): Illuminate\\Foundation\\Http\\Kernel->sendRequestThroughRouter()
#45 C:\\Eureka\\htdocs\\sanna\\services\\public\\index.php(54): Illuminate\\Foundation\\Http\\Kernel->handle()
#46 {main}
"} 
[2025-05-12 19:55:53] local.ERROR: SQLSTATE[42000]: [Microsoft][ODBC Driver 17 for SQL Server][SQL Server]String or binary data would be truncated in table 'dbRacso.dbo.recetas_d', column 'frecuencia'. Truncated value: '||||||||||||||||||||||||||||||||||||||||||||||||||||||||||||||||||||||||||||||||||||||||||||||||||||'. (Connection: sqlsrv, SQL: insert into [recetas_d] ([cantidad], [cie10], [cod_producto], [dosis], [duracion], [frecuencia], [fuente], [idmedicamento], [idreceta_h], [presentacion], [producto], [state], [via_administracion]) values (2, J00X, 9663, 1AMPOLLA, POR 2 DIAS, CADA 24 HORAS, 0, 7678, 239656, 1, KETOROLACO  60MG /2ML AMP. X 25  (DANY), 0, Intramuscular), (2, J00X, 3004, 1AMPOLLA, POR 2 DIAS, CADA 24 HORAS, 1, 6975, 239657, 1, CLORFENAMINA 10MG/1ML INY. AMP CJA X 100 (SAND), 0, Intramuscular), (2, J00X, 3922, AMPOLLA, POR 2 DIAS, CADA 24 HORAS, 0, 7648, 239656, 18, JERINGA 10 ML NIPRO, 0, Intramuscular), (6, J00X, 15506, 01 TB, POR 3 DIAS, CADA 12 HR, 0, 8714, 239656, 16, IRAXEN 550MG X100TAB, 0, Oral), (2, J00X, 3941, 01 AMP, POR 2 DIAS, CADA 24 HR, 0, 6541, 239656, 18, AGUJA 21 X 1 1/2, 0, Intramuscular), (10, J00X, 0000167581, 01 TAB, POR 3 DIAS, |||||||||||||||||||||||||||||||||||||||||||||||||||||||||||||||||||||||||||||||||||||||||||||||||||||||||||||||||||||||||||||||||||||||||||||||||||||||||||||||||||||||||||||||||||||||||||||||||||||||||||||||||||||||||||||||||||||||||||||||||||||||||||||||||||||||||||||||||||||||||||||||||||||||||||||||||||||||||||||||||||||||||||||||||||||||||||||||||||||||||||||||||||||||||||||||||||||||||||||||||||||||||||||||||||||||||||||||||||||||||||||||POR 2 DIAS, 1, 8886, 239657, 16, DON GRIPPA TAB REC CJA X 100, 0, Oral), (3, J00X, 2832, 01 CARAMELO, POR 3 DIAS, CADA 8 HR, 0, 7960, 239656, 14, MULTIBIOTICOS SOBRE X 4 CJA X 50, 0, Oral)) {"userId":1341,"exception":"[object] (Illuminate\\Database\\QueryException(code: 42000): SQLSTATE[42000]: [Microsoft][ODBC Driver 17 for SQL Server][SQL Server]String or binary data would be truncated in table 'dbRacso.dbo.recetas_d', column 'frecuencia'. Truncated value: '||||||||||||||||||||||||||||||||||||||||||||||||||||||||||||||||||||||||||||||||||||||||||||||||||||'. (Connection: sqlsrv, SQL: insert into [recetas_d] ([cantidad], [cie10], [cod_producto], [dosis], [duracion], [frecuencia], [fuente], [idmedicamento], [idreceta_h], [presentacion], [producto], [state], [via_administracion]) values (2, J00X, 9663, 1AMPOLLA, POR 2 DIAS, CADA 24 HORAS, 0, 7678, 239656, 1, KETOROLACO  60MG /2ML AMP. X 25  (DANY), 0, Intramuscular), (2, J00X, 3004, 1AMPOLLA, POR 2 DIAS, CADA 24 HORAS, 1, 6975, 239657, 1, CLORFENAMINA 10MG/1ML INY. AMP CJA X 100 (SAND), 0, Intramuscular), (2, J00X, 3922, AMPOLLA, POR 2 DIAS, CADA 24 HORAS, 0, 7648, 239656, 18, JERINGA 10 ML NIPRO, 0, Intramuscular), (6, J00X, 15506, 01 TB, POR 3 DIAS, CADA 12 HR, 0, 8714, 239656, 16, IRAXEN 550MG X100TAB, 0, Oral), (2, J00X, 3941, 01 AMP, POR 2 DIAS, CADA 24 HR, 0, 6541, 239656, 18, AGUJA 21 X 1 1/2, 0, Intramuscular), (10, J00X, 0000167581, 01 TAB, POR 3 DIAS, |||||||||||||||||||||||||||||||||||||||||||||||||||||||||||||||||||||||||||||||||||||||||||||||||||||||||||||||||||||||||||||||||||||||||||||||||||||||||||||||||||||||||||||||||||||||||||||||||||||||||||||||||||||||||||||||||||||||||||||||||||||||||||||||||||||||||||||||||||||||||||||||||||||||||||||||||||||||||||||||||||||||||||||||||||||||||||||||||||||||||||||||||||||||||||||||||||||||||||||||||||||||||||||||||||||||||||||||||||||||||||||||POR 2 DIAS, 1, 8886, 239657, 16, DON GRIPPA TAB REC CJA X 100, 0, Oral), (3, J00X, 2832, 01 CARAMELO, POR 3 DIAS, CADA 8 HR, 0, 7960, 239656, 14, MULTIBIOTICOS SOBRE X 4 CJA X 50, 0, Oral)) at C:\\Eureka\\htdocs\\sanna\\services\\vendor\\laravel\\framework\\src\\Illuminate\\Database\\Connection.php:829)
[stacktrace]
#0 C:\\Eureka\\htdocs\\sanna\\services\\vendor\\laravel\\framework\\src\\Illuminate\\Database\\Connection.php(783): Illuminate\\Database\\Connection->runQueryCallback()
#1 C:\\Eureka\\htdocs\\sanna\\services\\vendor\\laravel\\framework\\src\\Illuminate\\Database\\Connection.php(576): Illuminate\\Database\\Connection->run()
#2 C:\\Eureka\\htdocs\\sanna\\services\\vendor\\laravel\\framework\\src\\Illuminate\\Database\\Connection.php(540): Illuminate\\Database\\Connection->statement()
#3 C:\\Eureka\\htdocs\\sanna\\services\\vendor\\laravel\\framework\\src\\Illuminate\\Database\\Query\\Builder.php(3456): Illuminate\\Database\\Connection->insert()
#4 C:\\Eureka\\htdocs\\sanna\\services\\app\\Http\\Controllers\\RegistroatencionController.php(1246): Illuminate\\Database\\Query\\Builder->insert()
#5 C:\\Eureka\\htdocs\\sanna\\services\\vendor\\laravel\\framework\\src\\Illuminate\\Routing\\Controller.php(54): App\\Http\\Controllers\\RegistroatencionController->generarRecetamedicaConsulta()
#6 C:\\Eureka\\htdocs\\sanna\\services\\vendor\\laravel\\framework\\src\\Illuminate\\Routing\\ControllerDispatcher.php(43): Illuminate\\Routing\\Controller->callAction()
#7 C:\\Eureka\\htdocs\\sanna\\services\\vendor\\laravel\\framework\\src\\Illuminate\\Routing\\Route.php(259): Illuminate\\Routing\\ControllerDispatcher->dispatch()
#8 C:\\Eureka\\htdocs\\sanna\\services\\vendor\\laravel\\framework\\src\\Illuminate\\Routing\\Route.php(205): Illuminate\\Routing\\Route->runController()
#9 C:\\Eureka\\htdocs\\sanna\\services\\vendor\\laravel\\framework\\src\\Illuminate\\Routing\\Router.php(806): Illuminate\\Routing\\Route->run()
#10 C:\\Eureka\\htdocs\\sanna\\services\\vendor\\laravel\\framework\\src\\Illuminate\\Pipeline\\Pipeline.php(144): Illuminate\\Routing\\Router->Illuminate\\Routing\\{closure}()
#11 C:\\Eureka\\htdocs\\sanna\\services\\app\\Http\\Middleware\\ValidarToken.php(32): Illuminate\\Pipeline\\Pipeline->Illuminate\\Pipeline\\{closure}()
#12 C:\\Eureka\\htdocs\\sanna\\services\\vendor\\laravel\\framework\\src\\Illuminate\\Pipeline\\Pipeline.php(183): App\\Http\\Middleware\\ValidarToken->handle()
#13 C:\\Eureka\\htdocs\\sanna\\services\\vendor\\laravel\\framework\\src\\Illuminate\\Routing\\Middleware\\SubstituteBindings.php(50): Illuminate\\Pipeline\\Pipeline->Illuminate\\Pipeline\\{closure}()
#14 C:\\Eureka\\htdocs\\sanna\\services\\vendor\\laravel\\framework\\src\\Illuminate\\Pipeline\\Pipeline.php(183): Illuminate\\Routing\\Middleware\\SubstituteBindings->handle()
#15 C:\\Eureka\\htdocs\\sanna\\services\\vendor\\laravel\\framework\\src\\Illuminate\\Routing\\Middleware\\ThrottleRequests.php(159): Illuminate\\Pipeline\\Pipeline->Illuminate\\Pipeline\\{closure}()
#16 C:\\Eureka\\htdocs\\sanna\\services\\vendor\\laravel\\framework\\src\\Illuminate\\Routing\\Middleware\\ThrottleRequests.php(125): Illuminate\\Routing\\Middleware\\ThrottleRequests->handleRequest()
#17 C:\\Eureka\\htdocs\\sanna\\services\\vendor\\laravel\\framework\\src\\Illuminate\\Routing\\Middleware\\ThrottleRequests.php(87): Illuminate\\Routing\\Middleware\\ThrottleRequests->handleRequestUsingNamedLimiter()
#18 C:\\Eureka\\htdocs\\sanna\\services\\vendor\\laravel\\framework\\src\\Illuminate\\Pipeline\\Pipeline.php(183): Illuminate\\Routing\\Middleware\\ThrottleRequests->handle()
#19 C:\\Eureka\\htdocs\\sanna\\services\\vendor\\laravel\\framework\\src\\Illuminate\\Pipeline\\Pipeline.php(119): Illuminate\\Pipeline\\Pipeline->Illuminate\\Pipeline\\{closure}()
#20 C:\\Eureka\\htdocs\\sanna\\services\\vendor\\laravel\\framework\\src\\Illuminate\\Routing\\Router.php(805): Illuminate\\Pipeline\\Pipeline->then()
#21 C:\\Eureka\\htdocs\\sanna\\services\\vendor\\laravel\\framework\\src\\Illuminate\\Routing\\Router.php(784): Illuminate\\Routing\\Router->runRouteWithinStack()
#22 C:\\Eureka\\htdocs\\sanna\\services\\vendor\\laravel\\framework\\src\\Illuminate\\Routing\\Router.php(748): Illuminate\\Routing\\Router->runRoute()
#23 C:\\Eureka\\htdocs\\sanna\\services\\vendor\\laravel\\framework\\src\\Illuminate\\Routing\\Router.php(737): Illuminate\\Routing\\Router->dispatchToRoute()
#24 C:\\Eureka\\htdocs\\sanna\\services\\vendor\\laravel\\framework\\src\\Illuminate\\Foundation\\Http\\Kernel.php(200): Illuminate\\Routing\\Router->dispatch()
#25 C:\\Eureka\\htdocs\\sanna\\services\\vendor\\laravel\\framework\\src\\Illuminate\\Pipeline\\Pipeline.php(144): Illuminate\\Foundation\\Http\\Kernel->Illuminate\\Foundation\\Http\\{closure}()
#26 C:\\Eureka\\htdocs\\sanna\\services\\vendor\\laravel\\framework\\src\\Illuminate\\Foundation\\Http\\Middleware\\TransformsRequest.php(21): Illuminate\\Pipeline\\Pipeline->Illuminate\\Pipeline\\{closure}()
#27 C:\\Eureka\\htdocs\\sanna\\services\\vendor\\laravel\\framework\\src\\Illuminate\\Foundation\\Http\\Middleware\\ConvertEmptyStringsToNull.php(31): Illuminate\\Foundation\\Http\\Middleware\\TransformsRequest->handle()
#28 C:\\Eureka\\htdocs\\sanna\\services\\vendor\\laravel\\framework\\src\\Illuminate\\Pipeline\\Pipeline.php(183): Illuminate\\Foundation\\Http\\Middleware\\ConvertEmptyStringsToNull->handle()
#29 C:\\Eureka\\htdocs\\sanna\\services\\vendor\\laravel\\framework\\src\\Illuminate\\Foundation\\Http\\Middleware\\TransformsRequest.php(21): Illuminate\\Pipeline\\Pipeline->Illuminate\\Pipeline\\{closure}()
#30 C:\\Eureka\\htdocs\\sanna\\services\\vendor\\laravel\\framework\\src\\Illuminate\\Foundation\\Http\\Middleware\\TrimStrings.php(40): Illuminate\\Foundation\\Http\\Middleware\\TransformsRequest->handle()
#31 C:\\Eureka\\htdocs\\sanna\\services\\vendor\\laravel\\framework\\src\\Illuminate\\Pipeline\\Pipeline.php(183): Illuminate\\Foundation\\Http\\Middleware\\TrimStrings->handle()
#32 C:\\Eureka\\htdocs\\sanna\\services\\vendor\\laravel\\framework\\src\\Illuminate\\Foundation\\Http\\Middleware\\ValidatePostSize.php(27): Illuminate\\Pipeline\\Pipeline->Illuminate\\Pipeline\\{closure}()
#33 C:\\Eureka\\htdocs\\sanna\\services\\vendor\\laravel\\framework\\src\\Illuminate\\Pipeline\\Pipeline.php(183): Illuminate\\Foundation\\Http\\Middleware\\ValidatePostSize->handle()
#34 C:\\Eureka\\htdocs\\sanna\\services\\vendor\\laravel\\framework\\src\\Illuminate\\Foundation\\Http\\Middleware\\PreventRequestsDuringMaintenance.php(99): Illuminate\\Pipeline\\Pipeline->Illuminate\\Pipeline\\{closure}()
#35 C:\\Eureka\\htdocs\\sanna\\services\\vendor\\laravel\\framework\\src\\Illuminate\\Pipeline\\Pipeline.php(183): Illuminate\\Foundation\\Http\\Middleware\\PreventRequestsDuringMaintenance->handle()
#36 C:\\Eureka\\htdocs\\sanna\\services\\vendor\\laravel\\framework\\src\\Illuminate\\Http\\Middleware\\HandleCors.php(62): Illuminate\\Pipeline\\Pipeline->Illuminate\\Pipeline\\{closure}()
#37 C:\\Eureka\\htdocs\\sanna\\services\\vendor\\laravel\\framework\\src\\Illuminate\\Pipeline\\Pipeline.php(183): Illuminate\\Http\\Middleware\\HandleCors->handle()
#38 C:\\Eureka\\htdocs\\sanna\\services\\vendor\\laravel\\framework\\src\\Illuminate\\Http\\Middleware\\TrustProxies.php(39): Illuminate\\Pipeline\\Pipeline->Illuminate\\Pipeline\\{closure}()
#39 C:\\Eureka\\htdocs\\sanna\\services\\vendor\\laravel\\framework\\src\\Illuminate\\Pipeline\\Pipeline.php(183): Illuminate\\Http\\Middleware\\TrustProxies->handle()
#40 C:\\Eureka\\htdocs\\sanna\\services\\vendor\\laravel\\framework\\src\\Illuminate\\Pipeline\\Pipeline.php(119): Illuminate\\Pipeline\\Pipeline->Illuminate\\Pipeline\\{closure}()
#41 C:\\Eureka\\htdocs\\sanna\\services\\vendor\\laravel\\framework\\src\\Illuminate\\Foundation\\Http\\Kernel.php(175): Illuminate\\Pipeline\\Pipeline->then()
#42 C:\\Eureka\\htdocs\\sanna\\services\\vendor\\laravel\\framework\\src\\Illuminate\\Foundation\\Http\\Kernel.php(144): Illuminate\\Foundation\\Http\\Kernel->sendRequestThroughRouter()
#43 C:\\Eureka\\htdocs\\sanna\\services\\public\\index.php(54): Illuminate\\Foundation\\Http\\Kernel->handle()
#44 {main}

[previous exception] [object] (PDOException(code: 42000): SQLSTATE[42000]: [Microsoft][ODBC Driver 17 for SQL Server][SQL Server]String or binary data would be truncated in table 'dbRacso.dbo.recetas_d', column 'frecuencia'. Truncated value: '||||||||||||||||||||||||||||||||||||||||||||||||||||||||||||||||||||||||||||||||||||||||||||||||||||'. at C:\\Eureka\\htdocs\\sanna\\services\\vendor\\laravel\\framework\\src\\Illuminate\\Database\\Connection.php:587)
[stacktrace]
#0 C:\\Eureka\\htdocs\\sanna\\services\\vendor\\laravel\\framework\\src\\Illuminate\\Database\\Connection.php(587): PDOStatement->execute()
#1 C:\\Eureka\\htdocs\\sanna\\services\\vendor\\laravel\\framework\\src\\Illuminate\\Database\\Connection.php(816): Illuminate\\Database\\Connection->Illuminate\\Database\\{closure}()
#2 C:\\Eureka\\htdocs\\sanna\\services\\vendor\\laravel\\framework\\src\\Illuminate\\Database\\Connection.php(783): Illuminate\\Database\\Connection->runQueryCallback()
#3 C:\\Eureka\\htdocs\\sanna\\services\\vendor\\laravel\\framework\\src\\Illuminate\\Database\\Connection.php(576): Illuminate\\Database\\Connection->run()
#4 C:\\Eureka\\htdocs\\sanna\\services\\vendor\\laravel\\framework\\src\\Illuminate\\Database\\Connection.php(540): Illuminate\\Database\\Connection->statement()
#5 C:\\Eureka\\htdocs\\sanna\\services\\vendor\\laravel\\framework\\src\\Illuminate\\Database\\Query\\Builder.php(3456): Illuminate\\Database\\Connection->insert()
#6 C:\\Eureka\\htdocs\\sanna\\services\\app\\Http\\Controllers\\RegistroatencionController.php(1246): Illuminate\\Database\\Query\\Builder->insert()
#7 C:\\Eureka\\htdocs\\sanna\\services\\vendor\\laravel\\framework\\src\\Illuminate\\Routing\\Controller.php(54): App\\Http\\Controllers\\RegistroatencionController->generarRecetamedicaConsulta()
#8 C:\\Eureka\\htdocs\\sanna\\services\\vendor\\laravel\\framework\\src\\Illuminate\\Routing\\ControllerDispatcher.php(43): Illuminate\\Routing\\Controller->callAction()
#9 C:\\Eureka\\htdocs\\sanna\\services\\vendor\\laravel\\framework\\src\\Illuminate\\Routing\\Route.php(259): Illuminate\\Routing\\ControllerDispatcher->dispatch()
#10 C:\\Eureka\\htdocs\\sanna\\services\\vendor\\laravel\\framework\\src\\Illuminate\\Routing\\Route.php(205): Illuminate\\Routing\\Route->runController()
#11 C:\\Eureka\\htdocs\\sanna\\services\\vendor\\laravel\\framework\\src\\Illuminate\\Routing\\Router.php(806): Illuminate\\Routing\\Route->run()
#12 C:\\Eureka\\htdocs\\sanna\\services\\vendor\\laravel\\framework\\src\\Illuminate\\Pipeline\\Pipeline.php(144): Illuminate\\Routing\\Router->Illuminate\\Routing\\{closure}()
#13 C:\\Eureka\\htdocs\\sanna\\services\\app\\Http\\Middleware\\ValidarToken.php(32): Illuminate\\Pipeline\\Pipeline->Illuminate\\Pipeline\\{closure}()
#14 C:\\Eureka\\htdocs\\sanna\\services\\vendor\\laravel\\framework\\src\\Illuminate\\Pipeline\\Pipeline.php(183): App\\Http\\Middleware\\ValidarToken->handle()
#15 C:\\Eureka\\htdocs\\sanna\\services\\vendor\\laravel\\framework\\src\\Illuminate\\Routing\\Middleware\\SubstituteBindings.php(50): Illuminate\\Pipeline\\Pipeline->Illuminate\\Pipeline\\{closure}()
#16 C:\\Eureka\\htdocs\\sanna\\services\\vendor\\laravel\\framework\\src\\Illuminate\\Pipeline\\Pipeline.php(183): Illuminate\\Routing\\Middleware\\SubstituteBindings->handle()
#17 C:\\Eureka\\htdocs\\sanna\\services\\vendor\\laravel\\framework\\src\\Illuminate\\Routing\\Middleware\\ThrottleRequests.php(159): Illuminate\\Pipeline\\Pipeline->Illuminate\\Pipeline\\{closure}()
#18 C:\\Eureka\\htdocs\\sanna\\services\\vendor\\laravel\\framework\\src\\Illuminate\\Routing\\Middleware\\ThrottleRequests.php(125): Illuminate\\Routing\\Middleware\\ThrottleRequests->handleRequest()
#19 C:\\Eureka\\htdocs\\sanna\\services\\vendor\\laravel\\framework\\src\\Illuminate\\Routing\\Middleware\\ThrottleRequests.php(87): Illuminate\\Routing\\Middleware\\ThrottleRequests->handleRequestUsingNamedLimiter()
#20 C:\\Eureka\\htdocs\\sanna\\services\\vendor\\laravel\\framework\\src\\Illuminate\\Pipeline\\Pipeline.php(183): Illuminate\\Routing\\Middleware\\ThrottleRequests->handle()
#21 C:\\Eureka\\htdocs\\sanna\\services\\vendor\\laravel\\framework\\src\\Illuminate\\Pipeline\\Pipeline.php(119): Illuminate\\Pipeline\\Pipeline->Illuminate\\Pipeline\\{closure}()
#22 C:\\Eureka\\htdocs\\sanna\\services\\vendor\\laravel\\framework\\src\\Illuminate\\Routing\\Router.php(805): Illuminate\\Pipeline\\Pipeline->then()
#23 C:\\Eureka\\htdocs\\sanna\\services\\vendor\\laravel\\framework\\src\\Illuminate\\Routing\\Router.php(784): Illuminate\\Routing\\Router->runRouteWithinStack()
#24 C:\\Eureka\\htdocs\\sanna\\services\\vendor\\laravel\\framework\\src\\Illuminate\\Routing\\Router.php(748): Illuminate\\Routing\\Router->runRoute()
#25 C:\\Eureka\\htdocs\\sanna\\services\\vendor\\laravel\\framework\\src\\Illuminate\\Routing\\Router.php(737): Illuminate\\Routing\\Router->dispatchToRoute()
#26 C:\\Eureka\\htdocs\\sanna\\services\\vendor\\laravel\\framework\\src\\Illuminate\\Foundation\\Http\\Kernel.php(200): Illuminate\\Routing\\Router->dispatch()
#27 C:\\Eureka\\htdocs\\sanna\\services\\vendor\\laravel\\framework\\src\\Illuminate\\Pipeline\\Pipeline.php(144): Illuminate\\Foundation\\Http\\Kernel->Illuminate\\Foundation\\Http\\{closure}()
#28 C:\\Eureka\\htdocs\\sanna\\services\\vendor\\laravel\\framework\\src\\Illuminate\\Foundation\\Http\\Middleware\\TransformsRequest.php(21): Illuminate\\Pipeline\\Pipeline->Illuminate\\Pipeline\\{closure}()
#29 C:\\Eureka\\htdocs\\sanna\\services\\vendor\\laravel\\framework\\src\\Illuminate\\Foundation\\Http\\Middleware\\ConvertEmptyStringsToNull.php(31): Illuminate\\Foundation\\Http\\Middleware\\TransformsRequest->handle()
#30 C:\\Eureka\\htdocs\\sanna\\services\\vendor\\laravel\\framework\\src\\Illuminate\\Pipeline\\Pipeline.php(183): Illuminate\\Foundation\\Http\\Middleware\\ConvertEmptyStringsToNull->handle()
#31 C:\\Eureka\\htdocs\\sanna\\services\\vendor\\laravel\\framework\\src\\Illuminate\\Foundation\\Http\\Middleware\\TransformsRequest.php(21): Illuminate\\Pipeline\\Pipeline->Illuminate\\Pipeline\\{closure}()
#32 C:\\Eureka\\htdocs\\sanna\\services\\vendor\\laravel\\framework\\src\\Illuminate\\Foundation\\Http\\Middleware\\TrimStrings.php(40): Illuminate\\Foundation\\Http\\Middleware\\TransformsRequest->handle()
#33 C:\\Eureka\\htdocs\\sanna\\services\\vendor\\laravel\\framework\\src\\Illuminate\\Pipeline\\Pipeline.php(183): Illuminate\\Foundation\\Http\\Middleware\\TrimStrings->handle()
#34 C:\\Eureka\\htdocs\\sanna\\services\\vendor\\laravel\\framework\\src\\Illuminate\\Foundation\\Http\\Middleware\\ValidatePostSize.php(27): Illuminate\\Pipeline\\Pipeline->Illuminate\\Pipeline\\{closure}()
#35 C:\\Eureka\\htdocs\\sanna\\services\\vendor\\laravel\\framework\\src\\Illuminate\\Pipeline\\Pipeline.php(183): Illuminate\\Foundation\\Http\\Middleware\\ValidatePostSize->handle()
#36 C:\\Eureka\\htdocs\\sanna\\services\\vendor\\laravel\\framework\\src\\Illuminate\\Foundation\\Http\\Middleware\\PreventRequestsDuringMaintenance.php(99): Illuminate\\Pipeline\\Pipeline->Illuminate\\Pipeline\\{closure}()
#37 C:\\Eureka\\htdocs\\sanna\\services\\vendor\\laravel\\framework\\src\\Illuminate\\Pipeline\\Pipeline.php(183): Illuminate\\Foundation\\Http\\Middleware\\PreventRequestsDuringMaintenance->handle()
#38 C:\\Eureka\\htdocs\\sanna\\services\\vendor\\laravel\\framework\\src\\Illuminate\\Http\\Middleware\\HandleCors.php(62): Illuminate\\Pipeline\\Pipeline->Illuminate\\Pipeline\\{closure}()
#39 C:\\Eureka\\htdocs\\sanna\\services\\vendor\\laravel\\framework\\src\\Illuminate\\Pipeline\\Pipeline.php(183): Illuminate\\Http\\Middleware\\HandleCors->handle()
#40 C:\\Eureka\\htdocs\\sanna\\services\\vendor\\laravel\\framework\\src\\Illuminate\\Http\\Middleware\\TrustProxies.php(39): Illuminate\\Pipeline\\Pipeline->Illuminate\\Pipeline\\{closure}()
#41 C:\\Eureka\\htdocs\\sanna\\services\\vendor\\laravel\\framework\\src\\Illuminate\\Pipeline\\Pipeline.php(183): Illuminate\\Http\\Middleware\\TrustProxies->handle()
#42 C:\\Eureka\\htdocs\\sanna\\services\\vendor\\laravel\\framework\\src\\Illuminate\\Pipeline\\Pipeline.php(119): Illuminate\\Pipeline\\Pipeline->Illuminate\\Pipeline\\{closure}()
#43 C:\\Eureka\\htdocs\\sanna\\services\\vendor\\laravel\\framework\\src\\Illuminate\\Foundation\\Http\\Kernel.php(175): Illuminate\\Pipeline\\Pipeline->then()
#44 C:\\Eureka\\htdocs\\sanna\\services\\vendor\\laravel\\framework\\src\\Illuminate\\Foundation\\Http\\Kernel.php(144): Illuminate\\Foundation\\Http\\Kernel->sendRequestThroughRouter()
#45 C:\\Eureka\\htdocs\\sanna\\services\\public\\index.php(54): Illuminate\\Foundation\\Http\\Kernel->handle()
#46 {main}
"} 
[2025-05-12 19:56:45] local.ERROR: SQLSTATE[42000]: [Microsoft][ODBC Driver 17 for SQL Server][SQL Server]String or binary data would be truncated in table 'dbRacso.dbo.recetas_d', column 'frecuencia'. Truncated value: '||||||||||||||||||||||||||||||||||||||||||||||||||||||||||||||||||||||||||||||||||||||||||||||||||||'. (Connection: sqlsrv, SQL: insert into [recetas_d] ([cantidad], [cie10], [cod_producto], [dosis], [duracion], [frecuencia], [fuente], [idmedicamento], [idreceta_h], [presentacion], [producto], [state], [via_administracion]) values (2, J00X, 9663, 1AMPOLLA, POR 2 DIAS, CADA 24 HORAS, 0, 7678, 239659, 1, KETOROLACO  60MG /2ML AMP. X 25  (DANY), 0, Intramuscular), (2, J00X, 3004, 1AMPOLLA, POR 2 DIAS, CADA 24 HORAS, 1, 6975, 239660, 1, CLORFENAMINA 10MG/1ML INY. AMP CJA X 100 (SAND), 0, Intramuscular), (2, J00X, 3922, AMPOLLA, POR 2 DIAS, CADA 24 HORAS, 0, 7648, 239659, 18, JERINGA 10 ML NIPRO, 0, Intramuscular), (6, J00X, 15506, 01 TB, POR 3 DIAS, CADA 12 HR, 0, 8714, 239659, 16, IRAXEN 550MG X100TAB, 0, Oral), (2, J00X, 3941, 01 AMP, POR 2 DIAS, CADA 24 HR, 0, 6541, 239659, 18, AGUJA 21 X 1 1/2, 0, Intramuscular), (10, J00X, 0000167581, 01 TAB, POR 3 DIAS, |||||||||||||||||||||||||||||||||||||||||||||||||||||||||||||||||||||||||||||||||||||||||||||||||||||||||||||||||||||||||||||||||||||||||||||||||||||||||||||||||||||||||||||||||||||||||||||||||||||||||||||||||||||||||||||||||||||||||||||||||||||||||||||||||||||||||||||||||||||||||||||||||||||||||||||||||||||||||||||||||||||||||||||||||||||||||||||||||||||||||||||||||||||||||||||||||||||||||||||||||||||||||||||||||||||||||||||||||||||||||||||||POR 2 DIAS, 1, 8886, 239660, 16, DON GRIPPA TAB REC CJA X 100, 0, Oral), (3, J00X, 2832, 01 CARAMELO, POR 3 DIAS, CADA 8 HR, 0, 7960, 239659, 14, MULTIBIOTICOS SOBRE X 4 CJA X 50, 0, Oral)) {"userId":1341,"exception":"[object] (Illuminate\\Database\\QueryException(code: 42000): SQLSTATE[42000]: [Microsoft][ODBC Driver 17 for SQL Server][SQL Server]String or binary data would be truncated in table 'dbRacso.dbo.recetas_d', column 'frecuencia'. Truncated value: '||||||||||||||||||||||||||||||||||||||||||||||||||||||||||||||||||||||||||||||||||||||||||||||||||||'. (Connection: sqlsrv, SQL: insert into [recetas_d] ([cantidad], [cie10], [cod_producto], [dosis], [duracion], [frecuencia], [fuente], [idmedicamento], [idreceta_h], [presentacion], [producto], [state], [via_administracion]) values (2, J00X, 9663, 1AMPOLLA, POR 2 DIAS, CADA 24 HORAS, 0, 7678, 239659, 1, KETOROLACO  60MG /2ML AMP. X 25  (DANY), 0, Intramuscular), (2, J00X, 3004, 1AMPOLLA, POR 2 DIAS, CADA 24 HORAS, 1, 6975, 239660, 1, CLORFENAMINA 10MG/1ML INY. AMP CJA X 100 (SAND), 0, Intramuscular), (2, J00X, 3922, AMPOLLA, POR 2 DIAS, CADA 24 HORAS, 0, 7648, 239659, 18, JERINGA 10 ML NIPRO, 0, Intramuscular), (6, J00X, 15506, 01 TB, POR 3 DIAS, CADA 12 HR, 0, 8714, 239659, 16, IRAXEN 550MG X100TAB, 0, Oral), (2, J00X, 3941, 01 AMP, POR 2 DIAS, CADA 24 HR, 0, 6541, 239659, 18, AGUJA 21 X 1 1/2, 0, Intramuscular), (10, J00X, 0000167581, 01 TAB, POR 3 DIAS, |||||||||||||||||||||||||||||||||||||||||||||||||||||||||||||||||||||||||||||||||||||||||||||||||||||||||||||||||||||||||||||||||||||||||||||||||||||||||||||||||||||||||||||||||||||||||||||||||||||||||||||||||||||||||||||||||||||||||||||||||||||||||||||||||||||||||||||||||||||||||||||||||||||||||||||||||||||||||||||||||||||||||||||||||||||||||||||||||||||||||||||||||||||||||||||||||||||||||||||||||||||||||||||||||||||||||||||||||||||||||||||||POR 2 DIAS, 1, 8886, 239660, 16, DON GRIPPA TAB REC CJA X 100, 0, Oral), (3, J00X, 2832, 01 CARAMELO, POR 3 DIAS, CADA 8 HR, 0, 7960, 239659, 14, MULTIBIOTICOS SOBRE X 4 CJA X 50, 0, Oral)) at C:\\Eureka\\htdocs\\sanna\\services\\vendor\\laravel\\framework\\src\\Illuminate\\Database\\Connection.php:829)
[stacktrace]
#0 C:\\Eureka\\htdocs\\sanna\\services\\vendor\\laravel\\framework\\src\\Illuminate\\Database\\Connection.php(783): Illuminate\\Database\\Connection->runQueryCallback()
#1 C:\\Eureka\\htdocs\\sanna\\services\\vendor\\laravel\\framework\\src\\Illuminate\\Database\\Connection.php(576): Illuminate\\Database\\Connection->run()
#2 C:\\Eureka\\htdocs\\sanna\\services\\vendor\\laravel\\framework\\src\\Illuminate\\Database\\Connection.php(540): Illuminate\\Database\\Connection->statement()
#3 C:\\Eureka\\htdocs\\sanna\\services\\vendor\\laravel\\framework\\src\\Illuminate\\Database\\Query\\Builder.php(3456): Illuminate\\Database\\Connection->insert()
#4 C:\\Eureka\\htdocs\\sanna\\services\\app\\Http\\Controllers\\RegistroatencionController.php(1246): Illuminate\\Database\\Query\\Builder->insert()
#5 C:\\Eureka\\htdocs\\sanna\\services\\vendor\\laravel\\framework\\src\\Illuminate\\Routing\\Controller.php(54): App\\Http\\Controllers\\RegistroatencionController->generarRecetamedicaConsulta()
#6 C:\\Eureka\\htdocs\\sanna\\services\\vendor\\laravel\\framework\\src\\Illuminate\\Routing\\ControllerDispatcher.php(43): Illuminate\\Routing\\Controller->callAction()
#7 C:\\Eureka\\htdocs\\sanna\\services\\vendor\\laravel\\framework\\src\\Illuminate\\Routing\\Route.php(259): Illuminate\\Routing\\ControllerDispatcher->dispatch()
#8 C:\\Eureka\\htdocs\\sanna\\services\\vendor\\laravel\\framework\\src\\Illuminate\\Routing\\Route.php(205): Illuminate\\Routing\\Route->runController()
#9 C:\\Eureka\\htdocs\\sanna\\services\\vendor\\laravel\\framework\\src\\Illuminate\\Routing\\Router.php(806): Illuminate\\Routing\\Route->run()
#10 C:\\Eureka\\htdocs\\sanna\\services\\vendor\\laravel\\framework\\src\\Illuminate\\Pipeline\\Pipeline.php(144): Illuminate\\Routing\\Router->Illuminate\\Routing\\{closure}()
#11 C:\\Eureka\\htdocs\\sanna\\services\\app\\Http\\Middleware\\ValidarToken.php(32): Illuminate\\Pipeline\\Pipeline->Illuminate\\Pipeline\\{closure}()
#12 C:\\Eureka\\htdocs\\sanna\\services\\vendor\\laravel\\framework\\src\\Illuminate\\Pipeline\\Pipeline.php(183): App\\Http\\Middleware\\ValidarToken->handle()
#13 C:\\Eureka\\htdocs\\sanna\\services\\vendor\\laravel\\framework\\src\\Illuminate\\Routing\\Middleware\\SubstituteBindings.php(50): Illuminate\\Pipeline\\Pipeline->Illuminate\\Pipeline\\{closure}()
#14 C:\\Eureka\\htdocs\\sanna\\services\\vendor\\laravel\\framework\\src\\Illuminate\\Pipeline\\Pipeline.php(183): Illuminate\\Routing\\Middleware\\SubstituteBindings->handle()
#15 C:\\Eureka\\htdocs\\sanna\\services\\vendor\\laravel\\framework\\src\\Illuminate\\Routing\\Middleware\\ThrottleRequests.php(159): Illuminate\\Pipeline\\Pipeline->Illuminate\\Pipeline\\{closure}()
#16 C:\\Eureka\\htdocs\\sanna\\services\\vendor\\laravel\\framework\\src\\Illuminate\\Routing\\Middleware\\ThrottleRequests.php(125): Illuminate\\Routing\\Middleware\\ThrottleRequests->handleRequest()
#17 C:\\Eureka\\htdocs\\sanna\\services\\vendor\\laravel\\framework\\src\\Illuminate\\Routing\\Middleware\\ThrottleRequests.php(87): Illuminate\\Routing\\Middleware\\ThrottleRequests->handleRequestUsingNamedLimiter()
#18 C:\\Eureka\\htdocs\\sanna\\services\\vendor\\laravel\\framework\\src\\Illuminate\\Pipeline\\Pipeline.php(183): Illuminate\\Routing\\Middleware\\ThrottleRequests->handle()
#19 C:\\Eureka\\htdocs\\sanna\\services\\vendor\\laravel\\framework\\src\\Illuminate\\Pipeline\\Pipeline.php(119): Illuminate\\Pipeline\\Pipeline->Illuminate\\Pipeline\\{closure}()
#20 C:\\Eureka\\htdocs\\sanna\\services\\vendor\\laravel\\framework\\src\\Illuminate\\Routing\\Router.php(805): Illuminate\\Pipeline\\Pipeline->then()
#21 C:\\Eureka\\htdocs\\sanna\\services\\vendor\\laravel\\framework\\src\\Illuminate\\Routing\\Router.php(784): Illuminate\\Routing\\Router->runRouteWithinStack()
#22 C:\\Eureka\\htdocs\\sanna\\services\\vendor\\laravel\\framework\\src\\Illuminate\\Routing\\Router.php(748): Illuminate\\Routing\\Router->runRoute()
#23 C:\\Eureka\\htdocs\\sanna\\services\\vendor\\laravel\\framework\\src\\Illuminate\\Routing\\Router.php(737): Illuminate\\Routing\\Router->dispatchToRoute()
#24 C:\\Eureka\\htdocs\\sanna\\services\\vendor\\laravel\\framework\\src\\Illuminate\\Foundation\\Http\\Kernel.php(200): Illuminate\\Routing\\Router->dispatch()
#25 C:\\Eureka\\htdocs\\sanna\\services\\vendor\\laravel\\framework\\src\\Illuminate\\Pipeline\\Pipeline.php(144): Illuminate\\Foundation\\Http\\Kernel->Illuminate\\Foundation\\Http\\{closure}()
#26 C:\\Eureka\\htdocs\\sanna\\services\\vendor\\laravel\\framework\\src\\Illuminate\\Foundation\\Http\\Middleware\\TransformsRequest.php(21): Illuminate\\Pipeline\\Pipeline->Illuminate\\Pipeline\\{closure}()
#27 C:\\Eureka\\htdocs\\sanna\\services\\vendor\\laravel\\framework\\src\\Illuminate\\Foundation\\Http\\Middleware\\ConvertEmptyStringsToNull.php(31): Illuminate\\Foundation\\Http\\Middleware\\TransformsRequest->handle()
#28 C:\\Eureka\\htdocs\\sanna\\services\\vendor\\laravel\\framework\\src\\Illuminate\\Pipeline\\Pipeline.php(183): Illuminate\\Foundation\\Http\\Middleware\\ConvertEmptyStringsToNull->handle()
#29 C:\\Eureka\\htdocs\\sanna\\services\\vendor\\laravel\\framework\\src\\Illuminate\\Foundation\\Http\\Middleware\\TransformsRequest.php(21): Illuminate\\Pipeline\\Pipeline->Illuminate\\Pipeline\\{closure}()
#30 C:\\Eureka\\htdocs\\sanna\\services\\vendor\\laravel\\framework\\src\\Illuminate\\Foundation\\Http\\Middleware\\TrimStrings.php(40): Illuminate\\Foundation\\Http\\Middleware\\TransformsRequest->handle()
#31 C:\\Eureka\\htdocs\\sanna\\services\\vendor\\laravel\\framework\\src\\Illuminate\\Pipeline\\Pipeline.php(183): Illuminate\\Foundation\\Http\\Middleware\\TrimStrings->handle()
#32 C:\\Eureka\\htdocs\\sanna\\services\\vendor\\laravel\\framework\\src\\Illuminate\\Foundation\\Http\\Middleware\\ValidatePostSize.php(27): Illuminate\\Pipeline\\Pipeline->Illuminate\\Pipeline\\{closure}()
#33 C:\\Eureka\\htdocs\\sanna\\services\\vendor\\laravel\\framework\\src\\Illuminate\\Pipeline\\Pipeline.php(183): Illuminate\\Foundation\\Http\\Middleware\\ValidatePostSize->handle()
#34 C:\\Eureka\\htdocs\\sanna\\services\\vendor\\laravel\\framework\\src\\Illuminate\\Foundation\\Http\\Middleware\\PreventRequestsDuringMaintenance.php(99): Illuminate\\Pipeline\\Pipeline->Illuminate\\Pipeline\\{closure}()
#35 C:\\Eureka\\htdocs\\sanna\\services\\vendor\\laravel\\framework\\src\\Illuminate\\Pipeline\\Pipeline.php(183): Illuminate\\Foundation\\Http\\Middleware\\PreventRequestsDuringMaintenance->handle()
#36 C:\\Eureka\\htdocs\\sanna\\services\\vendor\\laravel\\framework\\src\\Illuminate\\Http\\Middleware\\HandleCors.php(62): Illuminate\\Pipeline\\Pipeline->Illuminate\\Pipeline\\{closure}()
#37 C:\\Eureka\\htdocs\\sanna\\services\\vendor\\laravel\\framework\\src\\Illuminate\\Pipeline\\Pipeline.php(183): Illuminate\\Http\\Middleware\\HandleCors->handle()
#38 C:\\Eureka\\htdocs\\sanna\\services\\vendor\\laravel\\framework\\src\\Illuminate\\Http\\Middleware\\TrustProxies.php(39): Illuminate\\Pipeline\\Pipeline->Illuminate\\Pipeline\\{closure}()
#39 C:\\Eureka\\htdocs\\sanna\\services\\vendor\\laravel\\framework\\src\\Illuminate\\Pipeline\\Pipeline.php(183): Illuminate\\Http\\Middleware\\TrustProxies->handle()
#40 C:\\Eureka\\htdocs\\sanna\\services\\vendor\\laravel\\framework\\src\\Illuminate\\Pipeline\\Pipeline.php(119): Illuminate\\Pipeline\\Pipeline->Illuminate\\Pipeline\\{closure}()
#41 C:\\Eureka\\htdocs\\sanna\\services\\vendor\\laravel\\framework\\src\\Illuminate\\Foundation\\Http\\Kernel.php(175): Illuminate\\Pipeline\\Pipeline->then()
#42 C:\\Eureka\\htdocs\\sanna\\services\\vendor\\laravel\\framework\\src\\Illuminate\\Foundation\\Http\\Kernel.php(144): Illuminate\\Foundation\\Http\\Kernel->sendRequestThroughRouter()
#43 C:\\Eureka\\htdocs\\sanna\\services\\public\\index.php(54): Illuminate\\Foundation\\Http\\Kernel->handle()
#44 {main}

[previous exception] [object] (PDOException(code: 42000): SQLSTATE[42000]: [Microsoft][ODBC Driver 17 for SQL Server][SQL Server]String or binary data would be truncated in table 'dbRacso.dbo.recetas_d', column 'frecuencia'. Truncated value: '||||||||||||||||||||||||||||||||||||||||||||||||||||||||||||||||||||||||||||||||||||||||||||||||||||'. at C:\\Eureka\\htdocs\\sanna\\services\\vendor\\laravel\\framework\\src\\Illuminate\\Database\\Connection.php:587)
[stacktrace]
#0 C:\\Eureka\\htdocs\\sanna\\services\\vendor\\laravel\\framework\\src\\Illuminate\\Database\\Connection.php(587): PDOStatement->execute()
#1 C:\\Eureka\\htdocs\\sanna\\services\\vendor\\laravel\\framework\\src\\Illuminate\\Database\\Connection.php(816): Illuminate\\Database\\Connection->Illuminate\\Database\\{closure}()
#2 C:\\Eureka\\htdocs\\sanna\\services\\vendor\\laravel\\framework\\src\\Illuminate\\Database\\Connection.php(783): Illuminate\\Database\\Connection->runQueryCallback()
#3 C:\\Eureka\\htdocs\\sanna\\services\\vendor\\laravel\\framework\\src\\Illuminate\\Database\\Connection.php(576): Illuminate\\Database\\Connection->run()
#4 C:\\Eureka\\htdocs\\sanna\\services\\vendor\\laravel\\framework\\src\\Illuminate\\Database\\Connection.php(540): Illuminate\\Database\\Connection->statement()
#5 C:\\Eureka\\htdocs\\sanna\\services\\vendor\\laravel\\framework\\src\\Illuminate\\Database\\Query\\Builder.php(3456): Illuminate\\Database\\Connection->insert()
#6 C:\\Eureka\\htdocs\\sanna\\services\\app\\Http\\Controllers\\RegistroatencionController.php(1246): Illuminate\\Database\\Query\\Builder->insert()
#7 C:\\Eureka\\htdocs\\sanna\\services\\vendor\\laravel\\framework\\src\\Illuminate\\Routing\\Controller.php(54): App\\Http\\Controllers\\RegistroatencionController->generarRecetamedicaConsulta()
#8 C:\\Eureka\\htdocs\\sanna\\services\\vendor\\laravel\\framework\\src\\Illuminate\\Routing\\ControllerDispatcher.php(43): Illuminate\\Routing\\Controller->callAction()
#9 C:\\Eureka\\htdocs\\sanna\\services\\vendor\\laravel\\framework\\src\\Illuminate\\Routing\\Route.php(259): Illuminate\\Routing\\ControllerDispatcher->dispatch()
#10 C:\\Eureka\\htdocs\\sanna\\services\\vendor\\laravel\\framework\\src\\Illuminate\\Routing\\Route.php(205): Illuminate\\Routing\\Route->runController()
#11 C:\\Eureka\\htdocs\\sanna\\services\\vendor\\laravel\\framework\\src\\Illuminate\\Routing\\Router.php(806): Illuminate\\Routing\\Route->run()
#12 C:\\Eureka\\htdocs\\sanna\\services\\vendor\\laravel\\framework\\src\\Illuminate\\Pipeline\\Pipeline.php(144): Illuminate\\Routing\\Router->Illuminate\\Routing\\{closure}()
#13 C:\\Eureka\\htdocs\\sanna\\services\\app\\Http\\Middleware\\ValidarToken.php(32): Illuminate\\Pipeline\\Pipeline->Illuminate\\Pipeline\\{closure}()
#14 C:\\Eureka\\htdocs\\sanna\\services\\vendor\\laravel\\framework\\src\\Illuminate\\Pipeline\\Pipeline.php(183): App\\Http\\Middleware\\ValidarToken->handle()
#15 C:\\Eureka\\htdocs\\sanna\\services\\vendor\\laravel\\framework\\src\\Illuminate\\Routing\\Middleware\\SubstituteBindings.php(50): Illuminate\\Pipeline\\Pipeline->Illuminate\\Pipeline\\{closure}()
#16 C:\\Eureka\\htdocs\\sanna\\services\\vendor\\laravel\\framework\\src\\Illuminate\\Pipeline\\Pipeline.php(183): Illuminate\\Routing\\Middleware\\SubstituteBindings->handle()
#17 C:\\Eureka\\htdocs\\sanna\\services\\vendor\\laravel\\framework\\src\\Illuminate\\Routing\\Middleware\\ThrottleRequests.php(159): Illuminate\\Pipeline\\Pipeline->Illuminate\\Pipeline\\{closure}()
#18 C:\\Eureka\\htdocs\\sanna\\services\\vendor\\laravel\\framework\\src\\Illuminate\\Routing\\Middleware\\ThrottleRequests.php(125): Illuminate\\Routing\\Middleware\\ThrottleRequests->handleRequest()
#19 C:\\Eureka\\htdocs\\sanna\\services\\vendor\\laravel\\framework\\src\\Illuminate\\Routing\\Middleware\\ThrottleRequests.php(87): Illuminate\\Routing\\Middleware\\ThrottleRequests->handleRequestUsingNamedLimiter()
#20 C:\\Eureka\\htdocs\\sanna\\services\\vendor\\laravel\\framework\\src\\Illuminate\\Pipeline\\Pipeline.php(183): Illuminate\\Routing\\Middleware\\ThrottleRequests->handle()
#21 C:\\Eureka\\htdocs\\sanna\\services\\vendor\\laravel\\framework\\src\\Illuminate\\Pipeline\\Pipeline.php(119): Illuminate\\Pipeline\\Pipeline->Illuminate\\Pipeline\\{closure}()
#22 C:\\Eureka\\htdocs\\sanna\\services\\vendor\\laravel\\framework\\src\\Illuminate\\Routing\\Router.php(805): Illuminate\\Pipeline\\Pipeline->then()
#23 C:\\Eureka\\htdocs\\sanna\\services\\vendor\\laravel\\framework\\src\\Illuminate\\Routing\\Router.php(784): Illuminate\\Routing\\Router->runRouteWithinStack()
#24 C:\\Eureka\\htdocs\\sanna\\services\\vendor\\laravel\\framework\\src\\Illuminate\\Routing\\Router.php(748): Illuminate\\Routing\\Router->runRoute()
#25 C:\\Eureka\\htdocs\\sanna\\services\\vendor\\laravel\\framework\\src\\Illuminate\\Routing\\Router.php(737): Illuminate\\Routing\\Router->dispatchToRoute()
#26 C:\\Eureka\\htdocs\\sanna\\services\\vendor\\laravel\\framework\\src\\Illuminate\\Foundation\\Http\\Kernel.php(200): Illuminate\\Routing\\Router->dispatch()
#27 C:\\Eureka\\htdocs\\sanna\\services\\vendor\\laravel\\framework\\src\\Illuminate\\Pipeline\\Pipeline.php(144): Illuminate\\Foundation\\Http\\Kernel->Illuminate\\Foundation\\Http\\{closure}()
#28 C:\\Eureka\\htdocs\\sanna\\services\\vendor\\laravel\\framework\\src\\Illuminate\\Foundation\\Http\\Middleware\\TransformsRequest.php(21): Illuminate\\Pipeline\\Pipeline->Illuminate\\Pipeline\\{closure}()
#29 C:\\Eureka\\htdocs\\sanna\\services\\vendor\\laravel\\framework\\src\\Illuminate\\Foundation\\Http\\Middleware\\ConvertEmptyStringsToNull.php(31): Illuminate\\Foundation\\Http\\Middleware\\TransformsRequest->handle()
#30 C:\\Eureka\\htdocs\\sanna\\services\\vendor\\laravel\\framework\\src\\Illuminate\\Pipeline\\Pipeline.php(183): Illuminate\\Foundation\\Http\\Middleware\\ConvertEmptyStringsToNull->handle()
#31 C:\\Eureka\\htdocs\\sanna\\services\\vendor\\laravel\\framework\\src\\Illuminate\\Foundation\\Http\\Middleware\\TransformsRequest.php(21): Illuminate\\Pipeline\\Pipeline->Illuminate\\Pipeline\\{closure}()
#32 C:\\Eureka\\htdocs\\sanna\\services\\vendor\\laravel\\framework\\src\\Illuminate\\Foundation\\Http\\Middleware\\TrimStrings.php(40): Illuminate\\Foundation\\Http\\Middleware\\TransformsRequest->handle()
#33 C:\\Eureka\\htdocs\\sanna\\services\\vendor\\laravel\\framework\\src\\Illuminate\\Pipeline\\Pipeline.php(183): Illuminate\\Foundation\\Http\\Middleware\\TrimStrings->handle()
#34 C:\\Eureka\\htdocs\\sanna\\services\\vendor\\laravel\\framework\\src\\Illuminate\\Foundation\\Http\\Middleware\\ValidatePostSize.php(27): Illuminate\\Pipeline\\Pipeline->Illuminate\\Pipeline\\{closure}()
#35 C:\\Eureka\\htdocs\\sanna\\services\\vendor\\laravel\\framework\\src\\Illuminate\\Pipeline\\Pipeline.php(183): Illuminate\\Foundation\\Http\\Middleware\\ValidatePostSize->handle()
#36 C:\\Eureka\\htdocs\\sanna\\services\\vendor\\laravel\\framework\\src\\Illuminate\\Foundation\\Http\\Middleware\\PreventRequestsDuringMaintenance.php(99): Illuminate\\Pipeline\\Pipeline->Illuminate\\Pipeline\\{closure}()
#37 C:\\Eureka\\htdocs\\sanna\\services\\vendor\\laravel\\framework\\src\\Illuminate\\Pipeline\\Pipeline.php(183): Illuminate\\Foundation\\Http\\Middleware\\PreventRequestsDuringMaintenance->handle()
#38 C:\\Eureka\\htdocs\\sanna\\services\\vendor\\laravel\\framework\\src\\Illuminate\\Http\\Middleware\\HandleCors.php(62): Illuminate\\Pipeline\\Pipeline->Illuminate\\Pipeline\\{closure}()
#39 C:\\Eureka\\htdocs\\sanna\\services\\vendor\\laravel\\framework\\src\\Illuminate\\Pipeline\\Pipeline.php(183): Illuminate\\Http\\Middleware\\HandleCors->handle()
#40 C:\\Eureka\\htdocs\\sanna\\services\\vendor\\laravel\\framework\\src\\Illuminate\\Http\\Middleware\\TrustProxies.php(39): Illuminate\\Pipeline\\Pipeline->Illuminate\\Pipeline\\{closure}()
#41 C:\\Eureka\\htdocs\\sanna\\services\\vendor\\laravel\\framework\\src\\Illuminate\\Pipeline\\Pipeline.php(183): Illuminate\\Http\\Middleware\\TrustProxies->handle()
#42 C:\\Eureka\\htdocs\\sanna\\services\\vendor\\laravel\\framework\\src\\Illuminate\\Pipeline\\Pipeline.php(119): Illuminate\\Pipeline\\Pipeline->Illuminate\\Pipeline\\{closure}()
#43 C:\\Eureka\\htdocs\\sanna\\services\\vendor\\laravel\\framework\\src\\Illuminate\\Foundation\\Http\\Kernel.php(175): Illuminate\\Pipeline\\Pipeline->then()
#44 C:\\Eureka\\htdocs\\sanna\\services\\vendor\\laravel\\framework\\src\\Illuminate\\Foundation\\Http\\Kernel.php(144): Illuminate\\Foundation\\Http\\Kernel->sendRequestThroughRouter()
#45 C:\\Eureka\\htdocs\\sanna\\services\\public\\index.php(54): Illuminate\\Foundation\\Http\\Kernel->handle()
#46 {main}
"} 
[2025-05-25 01:22:03] local.ERROR: SQLSTATE[42S22]: [Microsoft][ODBC Driver 17 for SQL Server][SQL Server]Invalid column name 'DHUAYUNGA'. (Connection: sqlsrv, SQL: SELECT email
                            FROM profesionales
                            WHERE num_doc='DHUAYUNGA' OR num_doc=DHUAYUNGA ORDER BY idprofesional DESC ) {"exception":"[object] (Illuminate\\Database\\QueryException(code: 42S22): SQLSTATE[42S22]: [Microsoft][ODBC Driver 17 for SQL Server][SQL Server]Invalid column name 'DHUAYUNGA'. (Connection: sqlsrv, SQL: SELECT email

                            FROM profesionales

                            WHERE num_doc='DHUAYUNGA' OR num_doc=DHUAYUNGA ORDER BY idprofesional DESC ) at C:\\Eureka\\htdocs\\sanna\\services\\vendor\\laravel\\framework\\src\\Illuminate\\Database\\Connection.php:829)
[stacktrace]
#0 C:\\Eureka\\htdocs\\sanna\\services\\vendor\\laravel\\framework\\src\\Illuminate\\Database\\Connection.php(783): Illuminate\\Database\\Connection->runQueryCallback()
#1 C:\\Eureka\\htdocs\\sanna\\services\\vendor\\laravel\\framework\\src\\Illuminate\\Database\\Connection.php(414): Illuminate\\Database\\Connection->run()
#2 C:\\Eureka\\htdocs\\sanna\\services\\vendor\\laravel\\framework\\src\\Illuminate\\Database\\DatabaseManager.php(509): Illuminate\\Database\\Connection->select()
#3 C:\\Eureka\\htdocs\\sanna\\services\\vendor\\laravel\\framework\\src\\Illuminate\\Support\\Facades\\Facade.php(355): Illuminate\\Database\\DatabaseManager->__call()
#4 C:\\Eureka\\htdocs\\sanna\\services\\app\\Http\\Controllers\\AuthController.php(215): Illuminate\\Support\\Facades\\Facade::__callStatic()
#5 C:\\Eureka\\htdocs\\sanna\\services\\vendor\\laravel\\framework\\src\\Illuminate\\Routing\\Controller.php(54): App\\Http\\Controllers\\AuthController->getCodigo()
#6 C:\\Eureka\\htdocs\\sanna\\services\\vendor\\laravel\\framework\\src\\Illuminate\\Routing\\ControllerDispatcher.php(43): Illuminate\\Routing\\Controller->callAction()
#7 C:\\Eureka\\htdocs\\sanna\\services\\vendor\\laravel\\framework\\src\\Illuminate\\Routing\\Route.php(259): Illuminate\\Routing\\ControllerDispatcher->dispatch()
#8 C:\\Eureka\\htdocs\\sanna\\services\\vendor\\laravel\\framework\\src\\Illuminate\\Routing\\Route.php(205): Illuminate\\Routing\\Route->runController()
#9 C:\\Eureka\\htdocs\\sanna\\services\\vendor\\laravel\\framework\\src\\Illuminate\\Routing\\Router.php(806): Illuminate\\Routing\\Route->run()
#10 C:\\Eureka\\htdocs\\sanna\\services\\vendor\\laravel\\framework\\src\\Illuminate\\Pipeline\\Pipeline.php(144): Illuminate\\Routing\\Router->Illuminate\\Routing\\{closure}()
#11 C:\\Eureka\\htdocs\\sanna\\services\\vendor\\laravel\\framework\\src\\Illuminate\\Routing\\Middleware\\SubstituteBindings.php(50): Illuminate\\Pipeline\\Pipeline->Illuminate\\Pipeline\\{closure}()
#12 C:\\Eureka\\htdocs\\sanna\\services\\vendor\\laravel\\framework\\src\\Illuminate\\Pipeline\\Pipeline.php(183): Illuminate\\Routing\\Middleware\\SubstituteBindings->handle()
#13 C:\\Eureka\\htdocs\\sanna\\services\\vendor\\laravel\\framework\\src\\Illuminate\\Routing\\Middleware\\ThrottleRequests.php(159): Illuminate\\Pipeline\\Pipeline->Illuminate\\Pipeline\\{closure}()
#14 C:\\Eureka\\htdocs\\sanna\\services\\vendor\\laravel\\framework\\src\\Illuminate\\Routing\\Middleware\\ThrottleRequests.php(125): Illuminate\\Routing\\Middleware\\ThrottleRequests->handleRequest()
#15 C:\\Eureka\\htdocs\\sanna\\services\\vendor\\laravel\\framework\\src\\Illuminate\\Routing\\Middleware\\ThrottleRequests.php(87): Illuminate\\Routing\\Middleware\\ThrottleRequests->handleRequestUsingNamedLimiter()
#16 C:\\Eureka\\htdocs\\sanna\\services\\vendor\\laravel\\framework\\src\\Illuminate\\Pipeline\\Pipeline.php(183): Illuminate\\Routing\\Middleware\\ThrottleRequests->handle()
#17 C:\\Eureka\\htdocs\\sanna\\services\\vendor\\laravel\\framework\\src\\Illuminate\\Pipeline\\Pipeline.php(119): Illuminate\\Pipeline\\Pipeline->Illuminate\\Pipeline\\{closure}()
#18 C:\\Eureka\\htdocs\\sanna\\services\\vendor\\laravel\\framework\\src\\Illuminate\\Routing\\Router.php(805): Illuminate\\Pipeline\\Pipeline->then()
#19 C:\\Eureka\\htdocs\\sanna\\services\\vendor\\laravel\\framework\\src\\Illuminate\\Routing\\Router.php(784): Illuminate\\Routing\\Router->runRouteWithinStack()
#20 C:\\Eureka\\htdocs\\sanna\\services\\vendor\\laravel\\framework\\src\\Illuminate\\Routing\\Router.php(748): Illuminate\\Routing\\Router->runRoute()
#21 C:\\Eureka\\htdocs\\sanna\\services\\vendor\\laravel\\framework\\src\\Illuminate\\Routing\\Router.php(737): Illuminate\\Routing\\Router->dispatchToRoute()
#22 C:\\Eureka\\htdocs\\sanna\\services\\vendor\\laravel\\framework\\src\\Illuminate\\Foundation\\Http\\Kernel.php(200): Illuminate\\Routing\\Router->dispatch()
#23 C:\\Eureka\\htdocs\\sanna\\services\\vendor\\laravel\\framework\\src\\Illuminate\\Pipeline\\Pipeline.php(144): Illuminate\\Foundation\\Http\\Kernel->Illuminate\\Foundation\\Http\\{closure}()
#24 C:\\Eureka\\htdocs\\sanna\\services\\vendor\\laravel\\framework\\src\\Illuminate\\Foundation\\Http\\Middleware\\TransformsRequest.php(21): Illuminate\\Pipeline\\Pipeline->Illuminate\\Pipeline\\{closure}()
#25 C:\\Eureka\\htdocs\\sanna\\services\\vendor\\laravel\\framework\\src\\Illuminate\\Foundation\\Http\\Middleware\\ConvertEmptyStringsToNull.php(31): Illuminate\\Foundation\\Http\\Middleware\\TransformsRequest->handle()
#26 C:\\Eureka\\htdocs\\sanna\\services\\vendor\\laravel\\framework\\src\\Illuminate\\Pipeline\\Pipeline.php(183): Illuminate\\Foundation\\Http\\Middleware\\ConvertEmptyStringsToNull->handle()
#27 C:\\Eureka\\htdocs\\sanna\\services\\vendor\\laravel\\framework\\src\\Illuminate\\Foundation\\Http\\Middleware\\TransformsRequest.php(21): Illuminate\\Pipeline\\Pipeline->Illuminate\\Pipeline\\{closure}()
#28 C:\\Eureka\\htdocs\\sanna\\services\\vendor\\laravel\\framework\\src\\Illuminate\\Foundation\\Http\\Middleware\\TrimStrings.php(40): Illuminate\\Foundation\\Http\\Middleware\\TransformsRequest->handle()
#29 C:\\Eureka\\htdocs\\sanna\\services\\vendor\\laravel\\framework\\src\\Illuminate\\Pipeline\\Pipeline.php(183): Illuminate\\Foundation\\Http\\Middleware\\TrimStrings->handle()
#30 C:\\Eureka\\htdocs\\sanna\\services\\vendor\\laravel\\framework\\src\\Illuminate\\Foundation\\Http\\Middleware\\ValidatePostSize.php(27): Illuminate\\Pipeline\\Pipeline->Illuminate\\Pipeline\\{closure}()
#31 C:\\Eureka\\htdocs\\sanna\\services\\vendor\\laravel\\framework\\src\\Illuminate\\Pipeline\\Pipeline.php(183): Illuminate\\Foundation\\Http\\Middleware\\ValidatePostSize->handle()
#32 C:\\Eureka\\htdocs\\sanna\\services\\vendor\\laravel\\framework\\src\\Illuminate\\Foundation\\Http\\Middleware\\PreventRequestsDuringMaintenance.php(99): Illuminate\\Pipeline\\Pipeline->Illuminate\\Pipeline\\{closure}()
#33 C:\\Eureka\\htdocs\\sanna\\services\\vendor\\laravel\\framework\\src\\Illuminate\\Pipeline\\Pipeline.php(183): Illuminate\\Foundation\\Http\\Middleware\\PreventRequestsDuringMaintenance->handle()
#34 C:\\Eureka\\htdocs\\sanna\\services\\vendor\\laravel\\framework\\src\\Illuminate\\Http\\Middleware\\HandleCors.php(62): Illuminate\\Pipeline\\Pipeline->Illuminate\\Pipeline\\{closure}()
#35 C:\\Eureka\\htdocs\\sanna\\services\\vendor\\laravel\\framework\\src\\Illuminate\\Pipeline\\Pipeline.php(183): Illuminate\\Http\\Middleware\\HandleCors->handle()
#36 C:\\Eureka\\htdocs\\sanna\\services\\vendor\\laravel\\framework\\src\\Illuminate\\Http\\Middleware\\TrustProxies.php(39): Illuminate\\Pipeline\\Pipeline->Illuminate\\Pipeline\\{closure}()
#37 C:\\Eureka\\htdocs\\sanna\\services\\vendor\\laravel\\framework\\src\\Illuminate\\Pipeline\\Pipeline.php(183): Illuminate\\Http\\Middleware\\TrustProxies->handle()
#38 C:\\Eureka\\htdocs\\sanna\\services\\vendor\\laravel\\framework\\src\\Illuminate\\Pipeline\\Pipeline.php(119): Illuminate\\Pipeline\\Pipeline->Illuminate\\Pipeline\\{closure}()
#39 C:\\Eureka\\htdocs\\sanna\\services\\vendor\\laravel\\framework\\src\\Illuminate\\Foundation\\Http\\Kernel.php(175): Illuminate\\Pipeline\\Pipeline->then()
#40 C:\\Eureka\\htdocs\\sanna\\services\\vendor\\laravel\\framework\\src\\Illuminate\\Foundation\\Http\\Kernel.php(144): Illuminate\\Foundation\\Http\\Kernel->sendRequestThroughRouter()
#41 C:\\Eureka\\htdocs\\sanna\\services\\public\\index.php(54): Illuminate\\Foundation\\Http\\Kernel->handle()
#42 {main}

[previous exception] [object] (PDOException(code: 42S22): SQLSTATE[42S22]: [Microsoft][ODBC Driver 17 for SQL Server][SQL Server]Invalid column name 'DHUAYUNGA'. at C:\\Eureka\\htdocs\\sanna\\services\\vendor\\laravel\\framework\\src\\Illuminate\\Database\\Connection.php:428)
[stacktrace]
#0 C:\\Eureka\\htdocs\\sanna\\services\\vendor\\laravel\\framework\\src\\Illuminate\\Database\\Connection.php(428): PDOStatement->execute()
#1 C:\\Eureka\\htdocs\\sanna\\services\\vendor\\laravel\\framework\\src\\Illuminate\\Database\\Connection.php(816): Illuminate\\Database\\Connection->Illuminate\\Database\\{closure}()
#2 C:\\Eureka\\htdocs\\sanna\\services\\vendor\\laravel\\framework\\src\\Illuminate\\Database\\Connection.php(783): Illuminate\\Database\\Connection->runQueryCallback()
#3 C:\\Eureka\\htdocs\\sanna\\services\\vendor\\laravel\\framework\\src\\Illuminate\\Database\\Connection.php(414): Illuminate\\Database\\Connection->run()
#4 C:\\Eureka\\htdocs\\sanna\\services\\vendor\\laravel\\framework\\src\\Illuminate\\Database\\DatabaseManager.php(509): Illuminate\\Database\\Connection->select()
#5 C:\\Eureka\\htdocs\\sanna\\services\\vendor\\laravel\\framework\\src\\Illuminate\\Support\\Facades\\Facade.php(355): Illuminate\\Database\\DatabaseManager->__call()
#6 C:\\Eureka\\htdocs\\sanna\\services\\app\\Http\\Controllers\\AuthController.php(215): Illuminate\\Support\\Facades\\Facade::__callStatic()
#7 C:\\Eureka\\htdocs\\sanna\\services\\vendor\\laravel\\framework\\src\\Illuminate\\Routing\\Controller.php(54): App\\Http\\Controllers\\AuthController->getCodigo()
#8 C:\\Eureka\\htdocs\\sanna\\services\\vendor\\laravel\\framework\\src\\Illuminate\\Routing\\ControllerDispatcher.php(43): Illuminate\\Routing\\Controller->callAction()
#9 C:\\Eureka\\htdocs\\sanna\\services\\vendor\\laravel\\framework\\src\\Illuminate\\Routing\\Route.php(259): Illuminate\\Routing\\ControllerDispatcher->dispatch()
#10 C:\\Eureka\\htdocs\\sanna\\services\\vendor\\laravel\\framework\\src\\Illuminate\\Routing\\Route.php(205): Illuminate\\Routing\\Route->runController()
#11 C:\\Eureka\\htdocs\\sanna\\services\\vendor\\laravel\\framework\\src\\Illuminate\\Routing\\Router.php(806): Illuminate\\Routing\\Route->run()
#12 C:\\Eureka\\htdocs\\sanna\\services\\vendor\\laravel\\framework\\src\\Illuminate\\Pipeline\\Pipeline.php(144): Illuminate\\Routing\\Router->Illuminate\\Routing\\{closure}()
#13 C:\\Eureka\\htdocs\\sanna\\services\\vendor\\laravel\\framework\\src\\Illuminate\\Routing\\Middleware\\SubstituteBindings.php(50): Illuminate\\Pipeline\\Pipeline->Illuminate\\Pipeline\\{closure}()
#14 C:\\Eureka\\htdocs\\sanna\\services\\vendor\\laravel\\framework\\src\\Illuminate\\Pipeline\\Pipeline.php(183): Illuminate\\Routing\\Middleware\\SubstituteBindings->handle()
#15 C:\\Eureka\\htdocs\\sanna\\services\\vendor\\laravel\\framework\\src\\Illuminate\\Routing\\Middleware\\ThrottleRequests.php(159): Illuminate\\Pipeline\\Pipeline->Illuminate\\Pipeline\\{closure}()
#16 C:\\Eureka\\htdocs\\sanna\\services\\vendor\\laravel\\framework\\src\\Illuminate\\Routing\\Middleware\\ThrottleRequests.php(125): Illuminate\\Routing\\Middleware\\ThrottleRequests->handleRequest()
#17 C:\\Eureka\\htdocs\\sanna\\services\\vendor\\laravel\\framework\\src\\Illuminate\\Routing\\Middleware\\ThrottleRequests.php(87): Illuminate\\Routing\\Middleware\\ThrottleRequests->handleRequestUsingNamedLimiter()
#18 C:\\Eureka\\htdocs\\sanna\\services\\vendor\\laravel\\framework\\src\\Illuminate\\Pipeline\\Pipeline.php(183): Illuminate\\Routing\\Middleware\\ThrottleRequests->handle()
#19 C:\\Eureka\\htdocs\\sanna\\services\\vendor\\laravel\\framework\\src\\Illuminate\\Pipeline\\Pipeline.php(119): Illuminate\\Pipeline\\Pipeline->Illuminate\\Pipeline\\{closure}()
#20 C:\\Eureka\\htdocs\\sanna\\services\\vendor\\laravel\\framework\\src\\Illuminate\\Routing\\Router.php(805): Illuminate\\Pipeline\\Pipeline->then()
#21 C:\\Eureka\\htdocs\\sanna\\services\\vendor\\laravel\\framework\\src\\Illuminate\\Routing\\Router.php(784): Illuminate\\Routing\\Router->runRouteWithinStack()
#22 C:\\Eureka\\htdocs\\sanna\\services\\vendor\\laravel\\framework\\src\\Illuminate\\Routing\\Router.php(748): Illuminate\\Routing\\Router->runRoute()
#23 C:\\Eureka\\htdocs\\sanna\\services\\vendor\\laravel\\framework\\src\\Illuminate\\Routing\\Router.php(737): Illuminate\\Routing\\Router->dispatchToRoute()
#24 C:\\Eureka\\htdocs\\sanna\\services\\vendor\\laravel\\framework\\src\\Illuminate\\Foundation\\Http\\Kernel.php(200): Illuminate\\Routing\\Router->dispatch()
#25 C:\\Eureka\\htdocs\\sanna\\services\\vendor\\laravel\\framework\\src\\Illuminate\\Pipeline\\Pipeline.php(144): Illuminate\\Foundation\\Http\\Kernel->Illuminate\\Foundation\\Http\\{closure}()
#26 C:\\Eureka\\htdocs\\sanna\\services\\vendor\\laravel\\framework\\src\\Illuminate\\Foundation\\Http\\Middleware\\TransformsRequest.php(21): Illuminate\\Pipeline\\Pipeline->Illuminate\\Pipeline\\{closure}()
#27 C:\\Eureka\\htdocs\\sanna\\services\\vendor\\laravel\\framework\\src\\Illuminate\\Foundation\\Http\\Middleware\\ConvertEmptyStringsToNull.php(31): Illuminate\\Foundation\\Http\\Middleware\\TransformsRequest->handle()
#28 C:\\Eureka\\htdocs\\sanna\\services\\vendor\\laravel\\framework\\src\\Illuminate\\Pipeline\\Pipeline.php(183): Illuminate\\Foundation\\Http\\Middleware\\ConvertEmptyStringsToNull->handle()
#29 C:\\Eureka\\htdocs\\sanna\\services\\vendor\\laravel\\framework\\src\\Illuminate\\Foundation\\Http\\Middleware\\TransformsRequest.php(21): Illuminate\\Pipeline\\Pipeline->Illuminate\\Pipeline\\{closure}()
#30 C:\\Eureka\\htdocs\\sanna\\services\\vendor\\laravel\\framework\\src\\Illuminate\\Foundation\\Http\\Middleware\\TrimStrings.php(40): Illuminate\\Foundation\\Http\\Middleware\\TransformsRequest->handle()
#31 C:\\Eureka\\htdocs\\sanna\\services\\vendor\\laravel\\framework\\src\\Illuminate\\Pipeline\\Pipeline.php(183): Illuminate\\Foundation\\Http\\Middleware\\TrimStrings->handle()
#32 C:\\Eureka\\htdocs\\sanna\\services\\vendor\\laravel\\framework\\src\\Illuminate\\Foundation\\Http\\Middleware\\ValidatePostSize.php(27): Illuminate\\Pipeline\\Pipeline->Illuminate\\Pipeline\\{closure}()
#33 C:\\Eureka\\htdocs\\sanna\\services\\vendor\\laravel\\framework\\src\\Illuminate\\Pipeline\\Pipeline.php(183): Illuminate\\Foundation\\Http\\Middleware\\ValidatePostSize->handle()
#34 C:\\Eureka\\htdocs\\sanna\\services\\vendor\\laravel\\framework\\src\\Illuminate\\Foundation\\Http\\Middleware\\PreventRequestsDuringMaintenance.php(99): Illuminate\\Pipeline\\Pipeline->Illuminate\\Pipeline\\{closure}()
#35 C:\\Eureka\\htdocs\\sanna\\services\\vendor\\laravel\\framework\\src\\Illuminate\\Pipeline\\Pipeline.php(183): Illuminate\\Foundation\\Http\\Middleware\\PreventRequestsDuringMaintenance->handle()
#36 C:\\Eureka\\htdocs\\sanna\\services\\vendor\\laravel\\framework\\src\\Illuminate\\Http\\Middleware\\HandleCors.php(62): Illuminate\\Pipeline\\Pipeline->Illuminate\\Pipeline\\{closure}()
#37 C:\\Eureka\\htdocs\\sanna\\services\\vendor\\laravel\\framework\\src\\Illuminate\\Pipeline\\Pipeline.php(183): Illuminate\\Http\\Middleware\\HandleCors->handle()
#38 C:\\Eureka\\htdocs\\sanna\\services\\vendor\\laravel\\framework\\src\\Illuminate\\Http\\Middleware\\TrustProxies.php(39): Illuminate\\Pipeline\\Pipeline->Illuminate\\Pipeline\\{closure}()
#39 C:\\Eureka\\htdocs\\sanna\\services\\vendor\\laravel\\framework\\src\\Illuminate\\Pipeline\\Pipeline.php(183): Illuminate\\Http\\Middleware\\TrustProxies->handle()
#40 C:\\Eureka\\htdocs\\sanna\\services\\vendor\\laravel\\framework\\src\\Illuminate\\Pipeline\\Pipeline.php(119): Illuminate\\Pipeline\\Pipeline->Illuminate\\Pipeline\\{closure}()
#41 C:\\Eureka\\htdocs\\sanna\\services\\vendor\\laravel\\framework\\src\\Illuminate\\Foundation\\Http\\Kernel.php(175): Illuminate\\Pipeline\\Pipeline->then()
#42 C:\\Eureka\\htdocs\\sanna\\services\\vendor\\laravel\\framework\\src\\Illuminate\\Foundation\\Http\\Kernel.php(144): Illuminate\\Foundation\\Http\\Kernel->sendRequestThroughRouter()
#43 C:\\Eureka\\htdocs\\sanna\\services\\public\\index.php(54): Illuminate\\Foundation\\Http\\Kernel->handle()
#44 {main}
"} 
[2025-06-03 18:08:53] local.ERROR: SQLSTATE[08S01]: [Microsoft][ODBC Driver 17 for SQL Server]TCP Provider: Se produjo un error durante el intento de conexión ya que la parte conectada no respondió adecuadamente tras un periodo de tiempo, o bien se produjo un error en la conexión establecida ya que el host conectado no ha podido responder.
 (Connection: sqlsrv, SQL: SELECT medicamentos.*, botiquinitems.cantidad, botiquinitems.idbotiquinitem
            FROM medicamentos
            JOIN botiquinitems 
            ON botiquinitems.iditem=medicamentos.idmedicamento
            JOIN botiquines
            ON botiquines.idbotiquin=botiquinitems.idbotiquin
            WHERE medicamentos.producto LIKE '%%' AND botiquines.idtopico='107' AND botiquinitems.tipo=0 AND botiquinitems.state<>-1
            ORDER BY botiquinitems.created_at DESC) {"userId":208,"exception":"[object] (Illuminate\\Database\\QueryException(code: 08S01): SQLSTATE[08S01]: [Microsoft][ODBC Driver 17 for SQL Server]TCP Provider: Se produjo un error durante el intento de conexión ya que la parte conectada no respondió adecuadamente tras un periodo de tiempo, o bien se produjo un error en la conexión establecida ya que el host conectado no ha podido responder.

 (Connection: sqlsrv, SQL: SELECT medicamentos.*, botiquinitems.cantidad, botiquinitems.idbotiquinitem

            FROM medicamentos

            JOIN botiquinitems 

            ON botiquinitems.iditem=medicamentos.idmedicamento

            JOIN botiquines

            ON botiquines.idbotiquin=botiquinitems.idbotiquin

            WHERE medicamentos.producto LIKE '%%' AND botiquines.idtopico='107' AND botiquinitems.tipo=0 AND botiquinitems.state<>-1

            ORDER BY botiquinitems.created_at DESC) at C:\\Eureka\\htdocs\\sanna\\services\\vendor\\laravel\\framework\\src\\Illuminate\\Database\\Connection.php:829)
[stacktrace]
#0 C:\\Eureka\\htdocs\\sanna\\services\\vendor\\laravel\\framework\\src\\Illuminate\\Database\\Connection.php(783): Illuminate\\Database\\Connection->runQueryCallback()
#1 C:\\Eureka\\htdocs\\sanna\\services\\vendor\\laravel\\framework\\src\\Illuminate\\Database\\Connection.php(414): Illuminate\\Database\\Connection->run()
#2 C:\\Eureka\\htdocs\\sanna\\services\\vendor\\laravel\\framework\\src\\Illuminate\\Database\\DatabaseManager.php(509): Illuminate\\Database\\Connection->select()
#3 C:\\Eureka\\htdocs\\sanna\\services\\vendor\\laravel\\framework\\src\\Illuminate\\Support\\Facades\\Facade.php(355): Illuminate\\Database\\DatabaseManager->__call()
#4 C:\\Eureka\\htdocs\\sanna\\services\\app\\Http\\Controllers\\RegistroatencionController.php(1056): Illuminate\\Support\\Facades\\Facade::__callStatic()
#5 C:\\Eureka\\htdocs\\sanna\\services\\vendor\\laravel\\framework\\src\\Illuminate\\Routing\\Controller.php(54): App\\Http\\Controllers\\RegistroatencionController->getMedicamentoTopico()
#6 C:\\Eureka\\htdocs\\sanna\\services\\vendor\\laravel\\framework\\src\\Illuminate\\Routing\\ControllerDispatcher.php(43): Illuminate\\Routing\\Controller->callAction()
#7 C:\\Eureka\\htdocs\\sanna\\services\\vendor\\laravel\\framework\\src\\Illuminate\\Routing\\Route.php(259): Illuminate\\Routing\\ControllerDispatcher->dispatch()
#8 C:\\Eureka\\htdocs\\sanna\\services\\vendor\\laravel\\framework\\src\\Illuminate\\Routing\\Route.php(205): Illuminate\\Routing\\Route->runController()
#9 C:\\Eureka\\htdocs\\sanna\\services\\vendor\\laravel\\framework\\src\\Illuminate\\Routing\\Router.php(806): Illuminate\\Routing\\Route->run()
#10 C:\\Eureka\\htdocs\\sanna\\services\\vendor\\laravel\\framework\\src\\Illuminate\\Pipeline\\Pipeline.php(144): Illuminate\\Routing\\Router->Illuminate\\Routing\\{closure}()
#11 C:\\Eureka\\htdocs\\sanna\\services\\app\\Http\\Middleware\\ValidarToken.php(32): Illuminate\\Pipeline\\Pipeline->Illuminate\\Pipeline\\{closure}()
#12 C:\\Eureka\\htdocs\\sanna\\services\\vendor\\laravel\\framework\\src\\Illuminate\\Pipeline\\Pipeline.php(183): App\\Http\\Middleware\\ValidarToken->handle()
#13 C:\\Eureka\\htdocs\\sanna\\services\\vendor\\laravel\\framework\\src\\Illuminate\\Routing\\Middleware\\SubstituteBindings.php(50): Illuminate\\Pipeline\\Pipeline->Illuminate\\Pipeline\\{closure}()
#14 C:\\Eureka\\htdocs\\sanna\\services\\vendor\\laravel\\framework\\src\\Illuminate\\Pipeline\\Pipeline.php(183): Illuminate\\Routing\\Middleware\\SubstituteBindings->handle()
#15 C:\\Eureka\\htdocs\\sanna\\services\\vendor\\laravel\\framework\\src\\Illuminate\\Routing\\Middleware\\ThrottleRequests.php(159): Illuminate\\Pipeline\\Pipeline->Illuminate\\Pipeline\\{closure}()
#16 C:\\Eureka\\htdocs\\sanna\\services\\vendor\\laravel\\framework\\src\\Illuminate\\Routing\\Middleware\\ThrottleRequests.php(125): Illuminate\\Routing\\Middleware\\ThrottleRequests->handleRequest()
#17 C:\\Eureka\\htdocs\\sanna\\services\\vendor\\laravel\\framework\\src\\Illuminate\\Routing\\Middleware\\ThrottleRequests.php(87): Illuminate\\Routing\\Middleware\\ThrottleRequests->handleRequestUsingNamedLimiter()
#18 C:\\Eureka\\htdocs\\sanna\\services\\vendor\\laravel\\framework\\src\\Illuminate\\Pipeline\\Pipeline.php(183): Illuminate\\Routing\\Middleware\\ThrottleRequests->handle()
#19 C:\\Eureka\\htdocs\\sanna\\services\\vendor\\laravel\\framework\\src\\Illuminate\\Pipeline\\Pipeline.php(119): Illuminate\\Pipeline\\Pipeline->Illuminate\\Pipeline\\{closure}()
#20 C:\\Eureka\\htdocs\\sanna\\services\\vendor\\laravel\\framework\\src\\Illuminate\\Routing\\Router.php(805): Illuminate\\Pipeline\\Pipeline->then()
#21 C:\\Eureka\\htdocs\\sanna\\services\\vendor\\laravel\\framework\\src\\Illuminate\\Routing\\Router.php(784): Illuminate\\Routing\\Router->runRouteWithinStack()
#22 C:\\Eureka\\htdocs\\sanna\\services\\vendor\\laravel\\framework\\src\\Illuminate\\Routing\\Router.php(748): Illuminate\\Routing\\Router->runRoute()
#23 C:\\Eureka\\htdocs\\sanna\\services\\vendor\\laravel\\framework\\src\\Illuminate\\Routing\\Router.php(737): Illuminate\\Routing\\Router->dispatchToRoute()
#24 C:\\Eureka\\htdocs\\sanna\\services\\vendor\\laravel\\framework\\src\\Illuminate\\Foundation\\Http\\Kernel.php(200): Illuminate\\Routing\\Router->dispatch()
#25 C:\\Eureka\\htdocs\\sanna\\services\\vendor\\laravel\\framework\\src\\Illuminate\\Pipeline\\Pipeline.php(144): Illuminate\\Foundation\\Http\\Kernel->Illuminate\\Foundation\\Http\\{closure}()
#26 C:\\Eureka\\htdocs\\sanna\\services\\vendor\\laravel\\framework\\src\\Illuminate\\Foundation\\Http\\Middleware\\TransformsRequest.php(21): Illuminate\\Pipeline\\Pipeline->Illuminate\\Pipeline\\{closure}()
#27 C:\\Eureka\\htdocs\\sanna\\services\\vendor\\laravel\\framework\\src\\Illuminate\\Foundation\\Http\\Middleware\\ConvertEmptyStringsToNull.php(31): Illuminate\\Foundation\\Http\\Middleware\\TransformsRequest->handle()
#28 C:\\Eureka\\htdocs\\sanna\\services\\vendor\\laravel\\framework\\src\\Illuminate\\Pipeline\\Pipeline.php(183): Illuminate\\Foundation\\Http\\Middleware\\ConvertEmptyStringsToNull->handle()
#29 C:\\Eureka\\htdocs\\sanna\\services\\vendor\\laravel\\framework\\src\\Illuminate\\Foundation\\Http\\Middleware\\TransformsRequest.php(21): Illuminate\\Pipeline\\Pipeline->Illuminate\\Pipeline\\{closure}()
#30 C:\\Eureka\\htdocs\\sanna\\services\\vendor\\laravel\\framework\\src\\Illuminate\\Foundation\\Http\\Middleware\\TrimStrings.php(40): Illuminate\\Foundation\\Http\\Middleware\\TransformsRequest->handle()
#31 C:\\Eureka\\htdocs\\sanna\\services\\vendor\\laravel\\framework\\src\\Illuminate\\Pipeline\\Pipeline.php(183): Illuminate\\Foundation\\Http\\Middleware\\TrimStrings->handle()
#32 C:\\Eureka\\htdocs\\sanna\\services\\vendor\\laravel\\framework\\src\\Illuminate\\Foundation\\Http\\Middleware\\ValidatePostSize.php(27): Illuminate\\Pipeline\\Pipeline->Illuminate\\Pipeline\\{closure}()
#33 C:\\Eureka\\htdocs\\sanna\\services\\vendor\\laravel\\framework\\src\\Illuminate\\Pipeline\\Pipeline.php(183): Illuminate\\Foundation\\Http\\Middleware\\ValidatePostSize->handle()
#34 C:\\Eureka\\htdocs\\sanna\\services\\vendor\\laravel\\framework\\src\\Illuminate\\Foundation\\Http\\Middleware\\PreventRequestsDuringMaintenance.php(99): Illuminate\\Pipeline\\Pipeline->Illuminate\\Pipeline\\{closure}()
#35 C:\\Eureka\\htdocs\\sanna\\services\\vendor\\laravel\\framework\\src\\Illuminate\\Pipeline\\Pipeline.php(183): Illuminate\\Foundation\\Http\\Middleware\\PreventRequestsDuringMaintenance->handle()
#36 C:\\Eureka\\htdocs\\sanna\\services\\vendor\\laravel\\framework\\src\\Illuminate\\Http\\Middleware\\HandleCors.php(62): Illuminate\\Pipeline\\Pipeline->Illuminate\\Pipeline\\{closure}()
#37 C:\\Eureka\\htdocs\\sanna\\services\\vendor\\laravel\\framework\\src\\Illuminate\\Pipeline\\Pipeline.php(183): Illuminate\\Http\\Middleware\\HandleCors->handle()
#38 C:\\Eureka\\htdocs\\sanna\\services\\vendor\\laravel\\framework\\src\\Illuminate\\Http\\Middleware\\TrustProxies.php(39): Illuminate\\Pipeline\\Pipeline->Illuminate\\Pipeline\\{closure}()
#39 C:\\Eureka\\htdocs\\sanna\\services\\vendor\\laravel\\framework\\src\\Illuminate\\Pipeline\\Pipeline.php(183): Illuminate\\Http\\Middleware\\TrustProxies->handle()
#40 C:\\Eureka\\htdocs\\sanna\\services\\vendor\\laravel\\framework\\src\\Illuminate\\Pipeline\\Pipeline.php(119): Illuminate\\Pipeline\\Pipeline->Illuminate\\Pipeline\\{closure}()
#41 C:\\Eureka\\htdocs\\sanna\\services\\vendor\\laravel\\framework\\src\\Illuminate\\Foundation\\Http\\Kernel.php(175): Illuminate\\Pipeline\\Pipeline->then()
#42 C:\\Eureka\\htdocs\\sanna\\services\\vendor\\laravel\\framework\\src\\Illuminate\\Foundation\\Http\\Kernel.php(144): Illuminate\\Foundation\\Http\\Kernel->sendRequestThroughRouter()
#43 C:\\Eureka\\htdocs\\sanna\\services\\public\\index.php(54): Illuminate\\Foundation\\Http\\Kernel->handle()
#44 {main}

[previous exception] [object] (PDOException(code: 08S01): SQLSTATE[08S01]: [Microsoft][ODBC Driver 17 for SQL Server]TCP Provider: Se produjo un error durante el intento de conexión ya que la parte conectada no respondió adecuadamente tras un periodo de tiempo, o bien se produjo un error en la conexión establecida ya que el host conectado no ha podido responder.

 at C:\\Eureka\\htdocs\\sanna\\services\\vendor\\laravel\\framework\\src\\Illuminate\\Database\\Connection.php:428)
[stacktrace]
#0 C:\\Eureka\\htdocs\\sanna\\services\\vendor\\laravel\\framework\\src\\Illuminate\\Database\\Connection.php(428): PDOStatement->execute()
#1 C:\\Eureka\\htdocs\\sanna\\services\\vendor\\laravel\\framework\\src\\Illuminate\\Database\\Connection.php(816): Illuminate\\Database\\Connection->Illuminate\\Database\\{closure}()
#2 C:\\Eureka\\htdocs\\sanna\\services\\vendor\\laravel\\framework\\src\\Illuminate\\Database\\Connection.php(783): Illuminate\\Database\\Connection->runQueryCallback()
#3 C:\\Eureka\\htdocs\\sanna\\services\\vendor\\laravel\\framework\\src\\Illuminate\\Database\\Connection.php(414): Illuminate\\Database\\Connection->run()
#4 C:\\Eureka\\htdocs\\sanna\\services\\vendor\\laravel\\framework\\src\\Illuminate\\Database\\DatabaseManager.php(509): Illuminate\\Database\\Connection->select()
#5 C:\\Eureka\\htdocs\\sanna\\services\\vendor\\laravel\\framework\\src\\Illuminate\\Support\\Facades\\Facade.php(355): Illuminate\\Database\\DatabaseManager->__call()
#6 C:\\Eureka\\htdocs\\sanna\\services\\app\\Http\\Controllers\\RegistroatencionController.php(1056): Illuminate\\Support\\Facades\\Facade::__callStatic()
#7 C:\\Eureka\\htdocs\\sanna\\services\\vendor\\laravel\\framework\\src\\Illuminate\\Routing\\Controller.php(54): App\\Http\\Controllers\\RegistroatencionController->getMedicamentoTopico()
#8 C:\\Eureka\\htdocs\\sanna\\services\\vendor\\laravel\\framework\\src\\Illuminate\\Routing\\ControllerDispatcher.php(43): Illuminate\\Routing\\Controller->callAction()
#9 C:\\Eureka\\htdocs\\sanna\\services\\vendor\\laravel\\framework\\src\\Illuminate\\Routing\\Route.php(259): Illuminate\\Routing\\ControllerDispatcher->dispatch()
#10 C:\\Eureka\\htdocs\\sanna\\services\\vendor\\laravel\\framework\\src\\Illuminate\\Routing\\Route.php(205): Illuminate\\Routing\\Route->runController()
#11 C:\\Eureka\\htdocs\\sanna\\services\\vendor\\laravel\\framework\\src\\Illuminate\\Routing\\Router.php(806): Illuminate\\Routing\\Route->run()
#12 C:\\Eureka\\htdocs\\sanna\\services\\vendor\\laravel\\framework\\src\\Illuminate\\Pipeline\\Pipeline.php(144): Illuminate\\Routing\\Router->Illuminate\\Routing\\{closure}()
#13 C:\\Eureka\\htdocs\\sanna\\services\\app\\Http\\Middleware\\ValidarToken.php(32): Illuminate\\Pipeline\\Pipeline->Illuminate\\Pipeline\\{closure}()
#14 C:\\Eureka\\htdocs\\sanna\\services\\vendor\\laravel\\framework\\src\\Illuminate\\Pipeline\\Pipeline.php(183): App\\Http\\Middleware\\ValidarToken->handle()
#15 C:\\Eureka\\htdocs\\sanna\\services\\vendor\\laravel\\framework\\src\\Illuminate\\Routing\\Middleware\\SubstituteBindings.php(50): Illuminate\\Pipeline\\Pipeline->Illuminate\\Pipeline\\{closure}()
#16 C:\\Eureka\\htdocs\\sanna\\services\\vendor\\laravel\\framework\\src\\Illuminate\\Pipeline\\Pipeline.php(183): Illuminate\\Routing\\Middleware\\SubstituteBindings->handle()
#17 C:\\Eureka\\htdocs\\sanna\\services\\vendor\\laravel\\framework\\src\\Illuminate\\Routing\\Middleware\\ThrottleRequests.php(159): Illuminate\\Pipeline\\Pipeline->Illuminate\\Pipeline\\{closure}()
#18 C:\\Eureka\\htdocs\\sanna\\services\\vendor\\laravel\\framework\\src\\Illuminate\\Routing\\Middleware\\ThrottleRequests.php(125): Illuminate\\Routing\\Middleware\\ThrottleRequests->handleRequest()
#19 C:\\Eureka\\htdocs\\sanna\\services\\vendor\\laravel\\framework\\src\\Illuminate\\Routing\\Middleware\\ThrottleRequests.php(87): Illuminate\\Routing\\Middleware\\ThrottleRequests->handleRequestUsingNamedLimiter()
#20 C:\\Eureka\\htdocs\\sanna\\services\\vendor\\laravel\\framework\\src\\Illuminate\\Pipeline\\Pipeline.php(183): Illuminate\\Routing\\Middleware\\ThrottleRequests->handle()
#21 C:\\Eureka\\htdocs\\sanna\\services\\vendor\\laravel\\framework\\src\\Illuminate\\Pipeline\\Pipeline.php(119): Illuminate\\Pipeline\\Pipeline->Illuminate\\Pipeline\\{closure}()
#22 C:\\Eureka\\htdocs\\sanna\\services\\vendor\\laravel\\framework\\src\\Illuminate\\Routing\\Router.php(805): Illuminate\\Pipeline\\Pipeline->then()
#23 C:\\Eureka\\htdocs\\sanna\\services\\vendor\\laravel\\framework\\src\\Illuminate\\Routing\\Router.php(784): Illuminate\\Routing\\Router->runRouteWithinStack()
#24 C:\\Eureka\\htdocs\\sanna\\services\\vendor\\laravel\\framework\\src\\Illuminate\\Routing\\Router.php(748): Illuminate\\Routing\\Router->runRoute()
#25 C:\\Eureka\\htdocs\\sanna\\services\\vendor\\laravel\\framework\\src\\Illuminate\\Routing\\Router.php(737): Illuminate\\Routing\\Router->dispatchToRoute()
#26 C:\\Eureka\\htdocs\\sanna\\services\\vendor\\laravel\\framework\\src\\Illuminate\\Foundation\\Http\\Kernel.php(200): Illuminate\\Routing\\Router->dispatch()
#27 C:\\Eureka\\htdocs\\sanna\\services\\vendor\\laravel\\framework\\src\\Illuminate\\Pipeline\\Pipeline.php(144): Illuminate\\Foundation\\Http\\Kernel->Illuminate\\Foundation\\Http\\{closure}()
#28 C:\\Eureka\\htdocs\\sanna\\services\\vendor\\laravel\\framework\\src\\Illuminate\\Foundation\\Http\\Middleware\\TransformsRequest.php(21): Illuminate\\Pipeline\\Pipeline->Illuminate\\Pipeline\\{closure}()
#29 C:\\Eureka\\htdocs\\sanna\\services\\vendor\\laravel\\framework\\src\\Illuminate\\Foundation\\Http\\Middleware\\ConvertEmptyStringsToNull.php(31): Illuminate\\Foundation\\Http\\Middleware\\TransformsRequest->handle()
#30 C:\\Eureka\\htdocs\\sanna\\services\\vendor\\laravel\\framework\\src\\Illuminate\\Pipeline\\Pipeline.php(183): Illuminate\\Foundation\\Http\\Middleware\\ConvertEmptyStringsToNull->handle()
#31 C:\\Eureka\\htdocs\\sanna\\services\\vendor\\laravel\\framework\\src\\Illuminate\\Foundation\\Http\\Middleware\\TransformsRequest.php(21): Illuminate\\Pipeline\\Pipeline->Illuminate\\Pipeline\\{closure}()
#32 C:\\Eureka\\htdocs\\sanna\\services\\vendor\\laravel\\framework\\src\\Illuminate\\Foundation\\Http\\Middleware\\TrimStrings.php(40): Illuminate\\Foundation\\Http\\Middleware\\TransformsRequest->handle()
#33 C:\\Eureka\\htdocs\\sanna\\services\\vendor\\laravel\\framework\\src\\Illuminate\\Pipeline\\Pipeline.php(183): Illuminate\\Foundation\\Http\\Middleware\\TrimStrings->handle()
#34 C:\\Eureka\\htdocs\\sanna\\services\\vendor\\laravel\\framework\\src\\Illuminate\\Foundation\\Http\\Middleware\\ValidatePostSize.php(27): Illuminate\\Pipeline\\Pipeline->Illuminate\\Pipeline\\{closure}()
#35 C:\\Eureka\\htdocs\\sanna\\services\\vendor\\laravel\\framework\\src\\Illuminate\\Pipeline\\Pipeline.php(183): Illuminate\\Foundation\\Http\\Middleware\\ValidatePostSize->handle()
#36 C:\\Eureka\\htdocs\\sanna\\services\\vendor\\laravel\\framework\\src\\Illuminate\\Foundation\\Http\\Middleware\\PreventRequestsDuringMaintenance.php(99): Illuminate\\Pipeline\\Pipeline->Illuminate\\Pipeline\\{closure}()
#37 C:\\Eureka\\htdocs\\sanna\\services\\vendor\\laravel\\framework\\src\\Illuminate\\Pipeline\\Pipeline.php(183): Illuminate\\Foundation\\Http\\Middleware\\PreventRequestsDuringMaintenance->handle()
#38 C:\\Eureka\\htdocs\\sanna\\services\\vendor\\laravel\\framework\\src\\Illuminate\\Http\\Middleware\\HandleCors.php(62): Illuminate\\Pipeline\\Pipeline->Illuminate\\Pipeline\\{closure}()
#39 C:\\Eureka\\htdocs\\sanna\\services\\vendor\\laravel\\framework\\src\\Illuminate\\Pipeline\\Pipeline.php(183): Illuminate\\Http\\Middleware\\HandleCors->handle()
#40 C:\\Eureka\\htdocs\\sanna\\services\\vendor\\laravel\\framework\\src\\Illuminate\\Http\\Middleware\\TrustProxies.php(39): Illuminate\\Pipeline\\Pipeline->Illuminate\\Pipeline\\{closure}()
#41 C:\\Eureka\\htdocs\\sanna\\services\\vendor\\laravel\\framework\\src\\Illuminate\\Pipeline\\Pipeline.php(183): Illuminate\\Http\\Middleware\\TrustProxies->handle()
#42 C:\\Eureka\\htdocs\\sanna\\services\\vendor\\laravel\\framework\\src\\Illuminate\\Pipeline\\Pipeline.php(119): Illuminate\\Pipeline\\Pipeline->Illuminate\\Pipeline\\{closure}()
#43 C:\\Eureka\\htdocs\\sanna\\services\\vendor\\laravel\\framework\\src\\Illuminate\\Foundation\\Http\\Kernel.php(175): Illuminate\\Pipeline\\Pipeline->then()
#44 C:\\Eureka\\htdocs\\sanna\\services\\vendor\\laravel\\framework\\src\\Illuminate\\Foundation\\Http\\Kernel.php(144): Illuminate\\Foundation\\Http\\Kernel->sendRequestThroughRouter()
#45 C:\\Eureka\\htdocs\\sanna\\services\\public\\index.php(54): Illuminate\\Foundation\\Http\\Kernel->handle()
#46 {main}
"} 
[2025-06-10 16:40:54] local.ERROR: SQLSTATE[22018]: [Microsoft][ODBC Driver 17 for SQL Server][SQL Server]Conversion failed when converting the nvarchar value '9.' to data type int. (Connection: sqlsrv, SQL: insert into [afiliados] ([dni], [nombres], [ape_paterno], [ape_materno], [direccion], [telf1], [telf2], [manejodatos], [hoja_filiacion]) values (70285861, ESTEFANI PILAR, RODRIGUEZ, PALOMO, ., 9., , 1, {"NombreContratante":"-1","codigo_afi":"","etnia":"","idioma":"","religion":".","email":"Pilarrodriguez1879@gmail.com","estadocivil":"soltero(a)","gradoinstitucion":",","ocupacion":".","procedencia":".","no_patologico":[{"id":"100","nombre":"Niega","txt":null}],"patologicos":[{"id":"100","nombre":"Niega","txt":null}],"quirurgico":"","padres":"Niega","abuelos":"Niega","hermanos":"Niega","conyugue":"Niega","persona_responsable":".","celular_responsble":".","tlf_casa_paciente":"."})) {"userId":1367,"exception":"[object] (Illuminate\\Database\\QueryException(code: 22018): SQLSTATE[22018]: [Microsoft][ODBC Driver 17 for SQL Server][SQL Server]Conversion failed when converting the nvarchar value '9.' to data type int. (Connection: sqlsrv, SQL: insert into [afiliados] ([dni], [nombres], [ape_paterno], [ape_materno], [direccion], [telf1], [telf2], [manejodatos], [hoja_filiacion]) values (70285861, ESTEFANI PILAR, RODRIGUEZ, PALOMO, ., 9., , 1, {\"NombreContratante\":\"-1\",\"codigo_afi\":\"\",\"etnia\":\"\",\"idioma\":\"\",\"religion\":\".\",\"email\":\"Pilarrodriguez1879@gmail.com\",\"estadocivil\":\"soltero(a)\",\"gradoinstitucion\":\",\",\"ocupacion\":\".\",\"procedencia\":\".\",\"no_patologico\":[{\"id\":\"100\",\"nombre\":\"Niega\",\"txt\":null}],\"patologicos\":[{\"id\":\"100\",\"nombre\":\"Niega\",\"txt\":null}],\"quirurgico\":\"\",\"padres\":\"Niega\",\"abuelos\":\"Niega\",\"hermanos\":\"Niega\",\"conyugue\":\"Niega\",\"persona_responsable\":\".\",\"celular_responsble\":\".\",\"tlf_casa_paciente\":\".\"})) at C:\\Eureka\\htdocs\\sanna\\services\\vendor\\laravel\\framework\\src\\Illuminate\\Database\\Connection.php:829)
[stacktrace]
#0 C:\\Eureka\\htdocs\\sanna\\services\\vendor\\laravel\\framework\\src\\Illuminate\\Database\\Connection.php(783): Illuminate\\Database\\Connection->runQueryCallback()
#1 C:\\Eureka\\htdocs\\sanna\\services\\vendor\\laravel\\framework\\src\\Illuminate\\Database\\Connection.php(576): Illuminate\\Database\\Connection->run()
#2 C:\\Eureka\\htdocs\\sanna\\services\\vendor\\laravel\\framework\\src\\Illuminate\\Database\\Connection.php(540): Illuminate\\Database\\Connection->statement()
#3 C:\\Eureka\\htdocs\\sanna\\services\\vendor\\laravel\\framework\\src\\Illuminate\\Database\\Query\\Builder.php(3456): Illuminate\\Database\\Connection->insert()
#4 C:\\Eureka\\htdocs\\sanna\\services\\vendor\\laravel\\framework\\src\\Illuminate\\Database\\Query\\Builder.php(3596): Illuminate\\Database\\Query\\Builder->insert()
#5 C:\\Eureka\\htdocs\\sanna\\services\\app\\Http\\Controllers\\RegistroatencionController.php(662): Illuminate\\Database\\Query\\Builder->updateOrInsert()
#6 C:\\Eureka\\htdocs\\sanna\\services\\vendor\\laravel\\framework\\src\\Illuminate\\Routing\\Controller.php(54): App\\Http\\Controllers\\RegistroatencionController->generarHistoriaClinica()
#7 C:\\Eureka\\htdocs\\sanna\\services\\vendor\\laravel\\framework\\src\\Illuminate\\Routing\\ControllerDispatcher.php(43): Illuminate\\Routing\\Controller->callAction()
#8 C:\\Eureka\\htdocs\\sanna\\services\\vendor\\laravel\\framework\\src\\Illuminate\\Routing\\Route.php(259): Illuminate\\Routing\\ControllerDispatcher->dispatch()
#9 C:\\Eureka\\htdocs\\sanna\\services\\vendor\\laravel\\framework\\src\\Illuminate\\Routing\\Route.php(205): Illuminate\\Routing\\Route->runController()
#10 C:\\Eureka\\htdocs\\sanna\\services\\vendor\\laravel\\framework\\src\\Illuminate\\Routing\\Router.php(806): Illuminate\\Routing\\Route->run()
#11 C:\\Eureka\\htdocs\\sanna\\services\\vendor\\laravel\\framework\\src\\Illuminate\\Pipeline\\Pipeline.php(144): Illuminate\\Routing\\Router->Illuminate\\Routing\\{closure}()
#12 C:\\Eureka\\htdocs\\sanna\\services\\app\\Http\\Middleware\\ValidarToken.php(32): Illuminate\\Pipeline\\Pipeline->Illuminate\\Pipeline\\{closure}()
#13 C:\\Eureka\\htdocs\\sanna\\services\\vendor\\laravel\\framework\\src\\Illuminate\\Pipeline\\Pipeline.php(183): App\\Http\\Middleware\\ValidarToken->handle()
#14 C:\\Eureka\\htdocs\\sanna\\services\\vendor\\laravel\\framework\\src\\Illuminate\\Routing\\Middleware\\SubstituteBindings.php(50): Illuminate\\Pipeline\\Pipeline->Illuminate\\Pipeline\\{closure}()
#15 C:\\Eureka\\htdocs\\sanna\\services\\vendor\\laravel\\framework\\src\\Illuminate\\Pipeline\\Pipeline.php(183): Illuminate\\Routing\\Middleware\\SubstituteBindings->handle()
#16 C:\\Eureka\\htdocs\\sanna\\services\\vendor\\laravel\\framework\\src\\Illuminate\\Routing\\Middleware\\ThrottleRequests.php(159): Illuminate\\Pipeline\\Pipeline->Illuminate\\Pipeline\\{closure}()
#17 C:\\Eureka\\htdocs\\sanna\\services\\vendor\\laravel\\framework\\src\\Illuminate\\Routing\\Middleware\\ThrottleRequests.php(125): Illuminate\\Routing\\Middleware\\ThrottleRequests->handleRequest()
#18 C:\\Eureka\\htdocs\\sanna\\services\\vendor\\laravel\\framework\\src\\Illuminate\\Routing\\Middleware\\ThrottleRequests.php(87): Illuminate\\Routing\\Middleware\\ThrottleRequests->handleRequestUsingNamedLimiter()
#19 C:\\Eureka\\htdocs\\sanna\\services\\vendor\\laravel\\framework\\src\\Illuminate\\Pipeline\\Pipeline.php(183): Illuminate\\Routing\\Middleware\\ThrottleRequests->handle()
#20 C:\\Eureka\\htdocs\\sanna\\services\\vendor\\laravel\\framework\\src\\Illuminate\\Pipeline\\Pipeline.php(119): Illuminate\\Pipeline\\Pipeline->Illuminate\\Pipeline\\{closure}()
#21 C:\\Eureka\\htdocs\\sanna\\services\\vendor\\laravel\\framework\\src\\Illuminate\\Routing\\Router.php(805): Illuminate\\Pipeline\\Pipeline->then()
#22 C:\\Eureka\\htdocs\\sanna\\services\\vendor\\laravel\\framework\\src\\Illuminate\\Routing\\Router.php(784): Illuminate\\Routing\\Router->runRouteWithinStack()
#23 C:\\Eureka\\htdocs\\sanna\\services\\vendor\\laravel\\framework\\src\\Illuminate\\Routing\\Router.php(748): Illuminate\\Routing\\Router->runRoute()
#24 C:\\Eureka\\htdocs\\sanna\\services\\vendor\\laravel\\framework\\src\\Illuminate\\Routing\\Router.php(737): Illuminate\\Routing\\Router->dispatchToRoute()
#25 C:\\Eureka\\htdocs\\sanna\\services\\vendor\\laravel\\framework\\src\\Illuminate\\Foundation\\Http\\Kernel.php(200): Illuminate\\Routing\\Router->dispatch()
#26 C:\\Eureka\\htdocs\\sanna\\services\\vendor\\laravel\\framework\\src\\Illuminate\\Pipeline\\Pipeline.php(144): Illuminate\\Foundation\\Http\\Kernel->Illuminate\\Foundation\\Http\\{closure}()
#27 C:\\Eureka\\htdocs\\sanna\\services\\vendor\\laravel\\framework\\src\\Illuminate\\Foundation\\Http\\Middleware\\TransformsRequest.php(21): Illuminate\\Pipeline\\Pipeline->Illuminate\\Pipeline\\{closure}()
#28 C:\\Eureka\\htdocs\\sanna\\services\\vendor\\laravel\\framework\\src\\Illuminate\\Foundation\\Http\\Middleware\\ConvertEmptyStringsToNull.php(31): Illuminate\\Foundation\\Http\\Middleware\\TransformsRequest->handle()
#29 C:\\Eureka\\htdocs\\sanna\\services\\vendor\\laravel\\framework\\src\\Illuminate\\Pipeline\\Pipeline.php(183): Illuminate\\Foundation\\Http\\Middleware\\ConvertEmptyStringsToNull->handle()
#30 C:\\Eureka\\htdocs\\sanna\\services\\vendor\\laravel\\framework\\src\\Illuminate\\Foundation\\Http\\Middleware\\TransformsRequest.php(21): Illuminate\\Pipeline\\Pipeline->Illuminate\\Pipeline\\{closure}()
#31 C:\\Eureka\\htdocs\\sanna\\services\\vendor\\laravel\\framework\\src\\Illuminate\\Foundation\\Http\\Middleware\\TrimStrings.php(40): Illuminate\\Foundation\\Http\\Middleware\\TransformsRequest->handle()
#32 C:\\Eureka\\htdocs\\sanna\\services\\vendor\\laravel\\framework\\src\\Illuminate\\Pipeline\\Pipeline.php(183): Illuminate\\Foundation\\Http\\Middleware\\TrimStrings->handle()
#33 C:\\Eureka\\htdocs\\sanna\\services\\vendor\\laravel\\framework\\src\\Illuminate\\Foundation\\Http\\Middleware\\ValidatePostSize.php(27): Illuminate\\Pipeline\\Pipeline->Illuminate\\Pipeline\\{closure}()
#34 C:\\Eureka\\htdocs\\sanna\\services\\vendor\\laravel\\framework\\src\\Illuminate\\Pipeline\\Pipeline.php(183): Illuminate\\Foundation\\Http\\Middleware\\ValidatePostSize->handle()
#35 C:\\Eureka\\htdocs\\sanna\\services\\vendor\\laravel\\framework\\src\\Illuminate\\Foundation\\Http\\Middleware\\PreventRequestsDuringMaintenance.php(99): Illuminate\\Pipeline\\Pipeline->Illuminate\\Pipeline\\{closure}()
#36 C:\\Eureka\\htdocs\\sanna\\services\\vendor\\laravel\\framework\\src\\Illuminate\\Pipeline\\Pipeline.php(183): Illuminate\\Foundation\\Http\\Middleware\\PreventRequestsDuringMaintenance->handle()
#37 C:\\Eureka\\htdocs\\sanna\\services\\vendor\\laravel\\framework\\src\\Illuminate\\Http\\Middleware\\HandleCors.php(62): Illuminate\\Pipeline\\Pipeline->Illuminate\\Pipeline\\{closure}()
#38 C:\\Eureka\\htdocs\\sanna\\services\\vendor\\laravel\\framework\\src\\Illuminate\\Pipeline\\Pipeline.php(183): Illuminate\\Http\\Middleware\\HandleCors->handle()
#39 C:\\Eureka\\htdocs\\sanna\\services\\vendor\\laravel\\framework\\src\\Illuminate\\Http\\Middleware\\TrustProxies.php(39): Illuminate\\Pipeline\\Pipeline->Illuminate\\Pipeline\\{closure}()
#40 C:\\Eureka\\htdocs\\sanna\\services\\vendor\\laravel\\framework\\src\\Illuminate\\Pipeline\\Pipeline.php(183): Illuminate\\Http\\Middleware\\TrustProxies->handle()
#41 C:\\Eureka\\htdocs\\sanna\\services\\vendor\\laravel\\framework\\src\\Illuminate\\Pipeline\\Pipeline.php(119): Illuminate\\Pipeline\\Pipeline->Illuminate\\Pipeline\\{closure}()
#42 C:\\Eureka\\htdocs\\sanna\\services\\vendor\\laravel\\framework\\src\\Illuminate\\Foundation\\Http\\Kernel.php(175): Illuminate\\Pipeline\\Pipeline->then()
#43 C:\\Eureka\\htdocs\\sanna\\services\\vendor\\laravel\\framework\\src\\Illuminate\\Foundation\\Http\\Kernel.php(144): Illuminate\\Foundation\\Http\\Kernel->sendRequestThroughRouter()
#44 C:\\Eureka\\htdocs\\sanna\\services\\public\\index.php(54): Illuminate\\Foundation\\Http\\Kernel->handle()
#45 {main}

[previous exception] [object] (PDOException(code: 22018): SQLSTATE[22018]: [Microsoft][ODBC Driver 17 for SQL Server][SQL Server]Conversion failed when converting the nvarchar value '9.' to data type int. at C:\\Eureka\\htdocs\\sanna\\services\\vendor\\laravel\\framework\\src\\Illuminate\\Database\\Connection.php:587)
[stacktrace]
#0 C:\\Eureka\\htdocs\\sanna\\services\\vendor\\laravel\\framework\\src\\Illuminate\\Database\\Connection.php(587): PDOStatement->execute()
#1 C:\\Eureka\\htdocs\\sanna\\services\\vendor\\laravel\\framework\\src\\Illuminate\\Database\\Connection.php(816): Illuminate\\Database\\Connection->Illuminate\\Database\\{closure}()
#2 C:\\Eureka\\htdocs\\sanna\\services\\vendor\\laravel\\framework\\src\\Illuminate\\Database\\Connection.php(783): Illuminate\\Database\\Connection->runQueryCallback()
#3 C:\\Eureka\\htdocs\\sanna\\services\\vendor\\laravel\\framework\\src\\Illuminate\\Database\\Connection.php(576): Illuminate\\Database\\Connection->run()
#4 C:\\Eureka\\htdocs\\sanna\\services\\vendor\\laravel\\framework\\src\\Illuminate\\Database\\Connection.php(540): Illuminate\\Database\\Connection->statement()
#5 C:\\Eureka\\htdocs\\sanna\\services\\vendor\\laravel\\framework\\src\\Illuminate\\Database\\Query\\Builder.php(3456): Illuminate\\Database\\Connection->insert()
#6 C:\\Eureka\\htdocs\\sanna\\services\\vendor\\laravel\\framework\\src\\Illuminate\\Database\\Query\\Builder.php(3596): Illuminate\\Database\\Query\\Builder->insert()
#7 C:\\Eureka\\htdocs\\sanna\\services\\app\\Http\\Controllers\\RegistroatencionController.php(662): Illuminate\\Database\\Query\\Builder->updateOrInsert()
#8 C:\\Eureka\\htdocs\\sanna\\services\\vendor\\laravel\\framework\\src\\Illuminate\\Routing\\Controller.php(54): App\\Http\\Controllers\\RegistroatencionController->generarHistoriaClinica()
#9 C:\\Eureka\\htdocs\\sanna\\services\\vendor\\laravel\\framework\\src\\Illuminate\\Routing\\ControllerDispatcher.php(43): Illuminate\\Routing\\Controller->callAction()
#10 C:\\Eureka\\htdocs\\sanna\\services\\vendor\\laravel\\framework\\src\\Illuminate\\Routing\\Route.php(259): Illuminate\\Routing\\ControllerDispatcher->dispatch()
#11 C:\\Eureka\\htdocs\\sanna\\services\\vendor\\laravel\\framework\\src\\Illuminate\\Routing\\Route.php(205): Illuminate\\Routing\\Route->runController()
#12 C:\\Eureka\\htdocs\\sanna\\services\\vendor\\laravel\\framework\\src\\Illuminate\\Routing\\Router.php(806): Illuminate\\Routing\\Route->run()
#13 C:\\Eureka\\htdocs\\sanna\\services\\vendor\\laravel\\framework\\src\\Illuminate\\Pipeline\\Pipeline.php(144): Illuminate\\Routing\\Router->Illuminate\\Routing\\{closure}()
#14 C:\\Eureka\\htdocs\\sanna\\services\\app\\Http\\Middleware\\ValidarToken.php(32): Illuminate\\Pipeline\\Pipeline->Illuminate\\Pipeline\\{closure}()
#15 C:\\Eureka\\htdocs\\sanna\\services\\vendor\\laravel\\framework\\src\\Illuminate\\Pipeline\\Pipeline.php(183): App\\Http\\Middleware\\ValidarToken->handle()
#16 C:\\Eureka\\htdocs\\sanna\\services\\vendor\\laravel\\framework\\src\\Illuminate\\Routing\\Middleware\\SubstituteBindings.php(50): Illuminate\\Pipeline\\Pipeline->Illuminate\\Pipeline\\{closure}()
#17 C:\\Eureka\\htdocs\\sanna\\services\\vendor\\laravel\\framework\\src\\Illuminate\\Pipeline\\Pipeline.php(183): Illuminate\\Routing\\Middleware\\SubstituteBindings->handle()
#18 C:\\Eureka\\htdocs\\sanna\\services\\vendor\\laravel\\framework\\src\\Illuminate\\Routing\\Middleware\\ThrottleRequests.php(159): Illuminate\\Pipeline\\Pipeline->Illuminate\\Pipeline\\{closure}()
#19 C:\\Eureka\\htdocs\\sanna\\services\\vendor\\laravel\\framework\\src\\Illuminate\\Routing\\Middleware\\ThrottleRequests.php(125): Illuminate\\Routing\\Middleware\\ThrottleRequests->handleRequest()
#20 C:\\Eureka\\htdocs\\sanna\\services\\vendor\\laravel\\framework\\src\\Illuminate\\Routing\\Middleware\\ThrottleRequests.php(87): Illuminate\\Routing\\Middleware\\ThrottleRequests->handleRequestUsingNamedLimiter()
#21 C:\\Eureka\\htdocs\\sanna\\services\\vendor\\laravel\\framework\\src\\Illuminate\\Pipeline\\Pipeline.php(183): Illuminate\\Routing\\Middleware\\ThrottleRequests->handle()
#22 C:\\Eureka\\htdocs\\sanna\\services\\vendor\\laravel\\framework\\src\\Illuminate\\Pipeline\\Pipeline.php(119): Illuminate\\Pipeline\\Pipeline->Illuminate\\Pipeline\\{closure}()
#23 C:\\Eureka\\htdocs\\sanna\\services\\vendor\\laravel\\framework\\src\\Illuminate\\Routing\\Router.php(805): Illuminate\\Pipeline\\Pipeline->then()
#24 C:\\Eureka\\htdocs\\sanna\\services\\vendor\\laravel\\framework\\src\\Illuminate\\Routing\\Router.php(784): Illuminate\\Routing\\Router->runRouteWithinStack()
#25 C:\\Eureka\\htdocs\\sanna\\services\\vendor\\laravel\\framework\\src\\Illuminate\\Routing\\Router.php(748): Illuminate\\Routing\\Router->runRoute()
#26 C:\\Eureka\\htdocs\\sanna\\services\\vendor\\laravel\\framework\\src\\Illuminate\\Routing\\Router.php(737): Illuminate\\Routing\\Router->dispatchToRoute()
#27 C:\\Eureka\\htdocs\\sanna\\services\\vendor\\laravel\\framework\\src\\Illuminate\\Foundation\\Http\\Kernel.php(200): Illuminate\\Routing\\Router->dispatch()
#28 C:\\Eureka\\htdocs\\sanna\\services\\vendor\\laravel\\framework\\src\\Illuminate\\Pipeline\\Pipeline.php(144): Illuminate\\Foundation\\Http\\Kernel->Illuminate\\Foundation\\Http\\{closure}()
#29 C:\\Eureka\\htdocs\\sanna\\services\\vendor\\laravel\\framework\\src\\Illuminate\\Foundation\\Http\\Middleware\\TransformsRequest.php(21): Illuminate\\Pipeline\\Pipeline->Illuminate\\Pipeline\\{closure}()
#30 C:\\Eureka\\htdocs\\sanna\\services\\vendor\\laravel\\framework\\src\\Illuminate\\Foundation\\Http\\Middleware\\ConvertEmptyStringsToNull.php(31): Illuminate\\Foundation\\Http\\Middleware\\TransformsRequest->handle()
#31 C:\\Eureka\\htdocs\\sanna\\services\\vendor\\laravel\\framework\\src\\Illuminate\\Pipeline\\Pipeline.php(183): Illuminate\\Foundation\\Http\\Middleware\\ConvertEmptyStringsToNull->handle()
#32 C:\\Eureka\\htdocs\\sanna\\services\\vendor\\laravel\\framework\\src\\Illuminate\\Foundation\\Http\\Middleware\\TransformsRequest.php(21): Illuminate\\Pipeline\\Pipeline->Illuminate\\Pipeline\\{closure}()
#33 C:\\Eureka\\htdocs\\sanna\\services\\vendor\\laravel\\framework\\src\\Illuminate\\Foundation\\Http\\Middleware\\TrimStrings.php(40): Illuminate\\Foundation\\Http\\Middleware\\TransformsRequest->handle()
#34 C:\\Eureka\\htdocs\\sanna\\services\\vendor\\laravel\\framework\\src\\Illuminate\\Pipeline\\Pipeline.php(183): Illuminate\\Foundation\\Http\\Middleware\\TrimStrings->handle()
#35 C:\\Eureka\\htdocs\\sanna\\services\\vendor\\laravel\\framework\\src\\Illuminate\\Foundation\\Http\\Middleware\\ValidatePostSize.php(27): Illuminate\\Pipeline\\Pipeline->Illuminate\\Pipeline\\{closure}()
#36 C:\\Eureka\\htdocs\\sanna\\services\\vendor\\laravel\\framework\\src\\Illuminate\\Pipeline\\Pipeline.php(183): Illuminate\\Foundation\\Http\\Middleware\\ValidatePostSize->handle()
#37 C:\\Eureka\\htdocs\\sanna\\services\\vendor\\laravel\\framework\\src\\Illuminate\\Foundation\\Http\\Middleware\\PreventRequestsDuringMaintenance.php(99): Illuminate\\Pipeline\\Pipeline->Illuminate\\Pipeline\\{closure}()
#38 C:\\Eureka\\htdocs\\sanna\\services\\vendor\\laravel\\framework\\src\\Illuminate\\Pipeline\\Pipeline.php(183): Illuminate\\Foundation\\Http\\Middleware\\PreventRequestsDuringMaintenance->handle()
#39 C:\\Eureka\\htdocs\\sanna\\services\\vendor\\laravel\\framework\\src\\Illuminate\\Http\\Middleware\\HandleCors.php(62): Illuminate\\Pipeline\\Pipeline->Illuminate\\Pipeline\\{closure}()
#40 C:\\Eureka\\htdocs\\sanna\\services\\vendor\\laravel\\framework\\src\\Illuminate\\Pipeline\\Pipeline.php(183): Illuminate\\Http\\Middleware\\HandleCors->handle()
#41 C:\\Eureka\\htdocs\\sanna\\services\\vendor\\laravel\\framework\\src\\Illuminate\\Http\\Middleware\\TrustProxies.php(39): Illuminate\\Pipeline\\Pipeline->Illuminate\\Pipeline\\{closure}()
#42 C:\\Eureka\\htdocs\\sanna\\services\\vendor\\laravel\\framework\\src\\Illuminate\\Pipeline\\Pipeline.php(183): Illuminate\\Http\\Middleware\\TrustProxies->handle()
#43 C:\\Eureka\\htdocs\\sanna\\services\\vendor\\laravel\\framework\\src\\Illuminate\\Pipeline\\Pipeline.php(119): Illuminate\\Pipeline\\Pipeline->Illuminate\\Pipeline\\{closure}()
#44 C:\\Eureka\\htdocs\\sanna\\services\\vendor\\laravel\\framework\\src\\Illuminate\\Foundation\\Http\\Kernel.php(175): Illuminate\\Pipeline\\Pipeline->then()
#45 C:\\Eureka\\htdocs\\sanna\\services\\vendor\\laravel\\framework\\src\\Illuminate\\Foundation\\Http\\Kernel.php(144): Illuminate\\Foundation\\Http\\Kernel->sendRequestThroughRouter()
#46 C:\\Eureka\\htdocs\\sanna\\services\\public\\index.php(54): Illuminate\\Foundation\\Http\\Kernel->handle()
#47 {main}
"} 
[2025-06-10 16:41:06] local.ERROR: SQLSTATE[22018]: [Microsoft][ODBC Driver 17 for SQL Server][SQL Server]Conversion failed when converting the nvarchar value '9.' to data type int. (Connection: sqlsrv, SQL: insert into [afiliados] ([dni], [nombres], [ape_paterno], [ape_materno], [direccion], [telf1], [telf2], [manejodatos], [hoja_filiacion]) values (70285861, ESTEFANI PILAR, RODRIGUEZ, PALOMO, ., 9., , 1, {"NombreContratante":"-1","codigo_afi":"","etnia":"","idioma":"","religion":".","email":"Pilarrodriguez1879@gmail.com","estadocivil":"soltero(a)","gradoinstitucion":",","ocupacion":".","procedencia":".","no_patologico":[{"id":"100","nombre":"Niega","txt":null}],"patologicos":[{"id":"100","nombre":"Niega","txt":null}],"quirurgico":"","padres":"Niega","abuelos":"Niega","hermanos":"Niega","conyugue":"Niega","persona_responsable":".","celular_responsble":".","tlf_casa_paciente":"."})) {"userId":1367,"exception":"[object] (Illuminate\\Database\\QueryException(code: 22018): SQLSTATE[22018]: [Microsoft][ODBC Driver 17 for SQL Server][SQL Server]Conversion failed when converting the nvarchar value '9.' to data type int. (Connection: sqlsrv, SQL: insert into [afiliados] ([dni], [nombres], [ape_paterno], [ape_materno], [direccion], [telf1], [telf2], [manejodatos], [hoja_filiacion]) values (70285861, ESTEFANI PILAR, RODRIGUEZ, PALOMO, ., 9., , 1, {\"NombreContratante\":\"-1\",\"codigo_afi\":\"\",\"etnia\":\"\",\"idioma\":\"\",\"religion\":\".\",\"email\":\"Pilarrodriguez1879@gmail.com\",\"estadocivil\":\"soltero(a)\",\"gradoinstitucion\":\",\",\"ocupacion\":\".\",\"procedencia\":\".\",\"no_patologico\":[{\"id\":\"100\",\"nombre\":\"Niega\",\"txt\":null}],\"patologicos\":[{\"id\":\"100\",\"nombre\":\"Niega\",\"txt\":null}],\"quirurgico\":\"\",\"padres\":\"Niega\",\"abuelos\":\"Niega\",\"hermanos\":\"Niega\",\"conyugue\":\"Niega\",\"persona_responsable\":\".\",\"celular_responsble\":\".\",\"tlf_casa_paciente\":\".\"})) at C:\\Eureka\\htdocs\\sanna\\services\\vendor\\laravel\\framework\\src\\Illuminate\\Database\\Connection.php:829)
[stacktrace]
#0 C:\\Eureka\\htdocs\\sanna\\services\\vendor\\laravel\\framework\\src\\Illuminate\\Database\\Connection.php(783): Illuminate\\Database\\Connection->runQueryCallback()
#1 C:\\Eureka\\htdocs\\sanna\\services\\vendor\\laravel\\framework\\src\\Illuminate\\Database\\Connection.php(576): Illuminate\\Database\\Connection->run()
#2 C:\\Eureka\\htdocs\\sanna\\services\\vendor\\laravel\\framework\\src\\Illuminate\\Database\\Connection.php(540): Illuminate\\Database\\Connection->statement()
#3 C:\\Eureka\\htdocs\\sanna\\services\\vendor\\laravel\\framework\\src\\Illuminate\\Database\\Query\\Builder.php(3456): Illuminate\\Database\\Connection->insert()
#4 C:\\Eureka\\htdocs\\sanna\\services\\vendor\\laravel\\framework\\src\\Illuminate\\Database\\Query\\Builder.php(3596): Illuminate\\Database\\Query\\Builder->insert()
#5 C:\\Eureka\\htdocs\\sanna\\services\\app\\Http\\Controllers\\RegistroatencionController.php(662): Illuminate\\Database\\Query\\Builder->updateOrInsert()
#6 C:\\Eureka\\htdocs\\sanna\\services\\vendor\\laravel\\framework\\src\\Illuminate\\Routing\\Controller.php(54): App\\Http\\Controllers\\RegistroatencionController->generarHistoriaClinica()
#7 C:\\Eureka\\htdocs\\sanna\\services\\vendor\\laravel\\framework\\src\\Illuminate\\Routing\\ControllerDispatcher.php(43): Illuminate\\Routing\\Controller->callAction()
#8 C:\\Eureka\\htdocs\\sanna\\services\\vendor\\laravel\\framework\\src\\Illuminate\\Routing\\Route.php(259): Illuminate\\Routing\\ControllerDispatcher->dispatch()
#9 C:\\Eureka\\htdocs\\sanna\\services\\vendor\\laravel\\framework\\src\\Illuminate\\Routing\\Route.php(205): Illuminate\\Routing\\Route->runController()
#10 C:\\Eureka\\htdocs\\sanna\\services\\vendor\\laravel\\framework\\src\\Illuminate\\Routing\\Router.php(806): Illuminate\\Routing\\Route->run()
#11 C:\\Eureka\\htdocs\\sanna\\services\\vendor\\laravel\\framework\\src\\Illuminate\\Pipeline\\Pipeline.php(144): Illuminate\\Routing\\Router->Illuminate\\Routing\\{closure}()
#12 C:\\Eureka\\htdocs\\sanna\\services\\app\\Http\\Middleware\\ValidarToken.php(32): Illuminate\\Pipeline\\Pipeline->Illuminate\\Pipeline\\{closure}()
#13 C:\\Eureka\\htdocs\\sanna\\services\\vendor\\laravel\\framework\\src\\Illuminate\\Pipeline\\Pipeline.php(183): App\\Http\\Middleware\\ValidarToken->handle()
#14 C:\\Eureka\\htdocs\\sanna\\services\\vendor\\laravel\\framework\\src\\Illuminate\\Routing\\Middleware\\SubstituteBindings.php(50): Illuminate\\Pipeline\\Pipeline->Illuminate\\Pipeline\\{closure}()
#15 C:\\Eureka\\htdocs\\sanna\\services\\vendor\\laravel\\framework\\src\\Illuminate\\Pipeline\\Pipeline.php(183): Illuminate\\Routing\\Middleware\\SubstituteBindings->handle()
#16 C:\\Eureka\\htdocs\\sanna\\services\\vendor\\laravel\\framework\\src\\Illuminate\\Routing\\Middleware\\ThrottleRequests.php(159): Illuminate\\Pipeline\\Pipeline->Illuminate\\Pipeline\\{closure}()
#17 C:\\Eureka\\htdocs\\sanna\\services\\vendor\\laravel\\framework\\src\\Illuminate\\Routing\\Middleware\\ThrottleRequests.php(125): Illuminate\\Routing\\Middleware\\ThrottleRequests->handleRequest()
#18 C:\\Eureka\\htdocs\\sanna\\services\\vendor\\laravel\\framework\\src\\Illuminate\\Routing\\Middleware\\ThrottleRequests.php(87): Illuminate\\Routing\\Middleware\\ThrottleRequests->handleRequestUsingNamedLimiter()
#19 C:\\Eureka\\htdocs\\sanna\\services\\vendor\\laravel\\framework\\src\\Illuminate\\Pipeline\\Pipeline.php(183): Illuminate\\Routing\\Middleware\\ThrottleRequests->handle()
#20 C:\\Eureka\\htdocs\\sanna\\services\\vendor\\laravel\\framework\\src\\Illuminate\\Pipeline\\Pipeline.php(119): Illuminate\\Pipeline\\Pipeline->Illuminate\\Pipeline\\{closure}()
#21 C:\\Eureka\\htdocs\\sanna\\services\\vendor\\laravel\\framework\\src\\Illuminate\\Routing\\Router.php(805): Illuminate\\Pipeline\\Pipeline->then()
#22 C:\\Eureka\\htdocs\\sanna\\services\\vendor\\laravel\\framework\\src\\Illuminate\\Routing\\Router.php(784): Illuminate\\Routing\\Router->runRouteWithinStack()
#23 C:\\Eureka\\htdocs\\sanna\\services\\vendor\\laravel\\framework\\src\\Illuminate\\Routing\\Router.php(748): Illuminate\\Routing\\Router->runRoute()
#24 C:\\Eureka\\htdocs\\sanna\\services\\vendor\\laravel\\framework\\src\\Illuminate\\Routing\\Router.php(737): Illuminate\\Routing\\Router->dispatchToRoute()
#25 C:\\Eureka\\htdocs\\sanna\\services\\vendor\\laravel\\framework\\src\\Illuminate\\Foundation\\Http\\Kernel.php(200): Illuminate\\Routing\\Router->dispatch()
#26 C:\\Eureka\\htdocs\\sanna\\services\\vendor\\laravel\\framework\\src\\Illuminate\\Pipeline\\Pipeline.php(144): Illuminate\\Foundation\\Http\\Kernel->Illuminate\\Foundation\\Http\\{closure}()
#27 C:\\Eureka\\htdocs\\sanna\\services\\vendor\\laravel\\framework\\src\\Illuminate\\Foundation\\Http\\Middleware\\TransformsRequest.php(21): Illuminate\\Pipeline\\Pipeline->Illuminate\\Pipeline\\{closure}()
#28 C:\\Eureka\\htdocs\\sanna\\services\\vendor\\laravel\\framework\\src\\Illuminate\\Foundation\\Http\\Middleware\\ConvertEmptyStringsToNull.php(31): Illuminate\\Foundation\\Http\\Middleware\\TransformsRequest->handle()
#29 C:\\Eureka\\htdocs\\sanna\\services\\vendor\\laravel\\framework\\src\\Illuminate\\Pipeline\\Pipeline.php(183): Illuminate\\Foundation\\Http\\Middleware\\ConvertEmptyStringsToNull->handle()
#30 C:\\Eureka\\htdocs\\sanna\\services\\vendor\\laravel\\framework\\src\\Illuminate\\Foundation\\Http\\Middleware\\TransformsRequest.php(21): Illuminate\\Pipeline\\Pipeline->Illuminate\\Pipeline\\{closure}()
#31 C:\\Eureka\\htdocs\\sanna\\services\\vendor\\laravel\\framework\\src\\Illuminate\\Foundation\\Http\\Middleware\\TrimStrings.php(40): Illuminate\\Foundation\\Http\\Middleware\\TransformsRequest->handle()
#32 C:\\Eureka\\htdocs\\sanna\\services\\vendor\\laravel\\framework\\src\\Illuminate\\Pipeline\\Pipeline.php(183): Illuminate\\Foundation\\Http\\Middleware\\TrimStrings->handle()
#33 C:\\Eureka\\htdocs\\sanna\\services\\vendor\\laravel\\framework\\src\\Illuminate\\Foundation\\Http\\Middleware\\ValidatePostSize.php(27): Illuminate\\Pipeline\\Pipeline->Illuminate\\Pipeline\\{closure}()
#34 C:\\Eureka\\htdocs\\sanna\\services\\vendor\\laravel\\framework\\src\\Illuminate\\Pipeline\\Pipeline.php(183): Illuminate\\Foundation\\Http\\Middleware\\ValidatePostSize->handle()
#35 C:\\Eureka\\htdocs\\sanna\\services\\vendor\\laravel\\framework\\src\\Illuminate\\Foundation\\Http\\Middleware\\PreventRequestsDuringMaintenance.php(99): Illuminate\\Pipeline\\Pipeline->Illuminate\\Pipeline\\{closure}()
#36 C:\\Eureka\\htdocs\\sanna\\services\\vendor\\laravel\\framework\\src\\Illuminate\\Pipeline\\Pipeline.php(183): Illuminate\\Foundation\\Http\\Middleware\\PreventRequestsDuringMaintenance->handle()
#37 C:\\Eureka\\htdocs\\sanna\\services\\vendor\\laravel\\framework\\src\\Illuminate\\Http\\Middleware\\HandleCors.php(62): Illuminate\\Pipeline\\Pipeline->Illuminate\\Pipeline\\{closure}()
#38 C:\\Eureka\\htdocs\\sanna\\services\\vendor\\laravel\\framework\\src\\Illuminate\\Pipeline\\Pipeline.php(183): Illuminate\\Http\\Middleware\\HandleCors->handle()
#39 C:\\Eureka\\htdocs\\sanna\\services\\vendor\\laravel\\framework\\src\\Illuminate\\Http\\Middleware\\TrustProxies.php(39): Illuminate\\Pipeline\\Pipeline->Illuminate\\Pipeline\\{closure}()
#40 C:\\Eureka\\htdocs\\sanna\\services\\vendor\\laravel\\framework\\src\\Illuminate\\Pipeline\\Pipeline.php(183): Illuminate\\Http\\Middleware\\TrustProxies->handle()
#41 C:\\Eureka\\htdocs\\sanna\\services\\vendor\\laravel\\framework\\src\\Illuminate\\Pipeline\\Pipeline.php(119): Illuminate\\Pipeline\\Pipeline->Illuminate\\Pipeline\\{closure}()
#42 C:\\Eureka\\htdocs\\sanna\\services\\vendor\\laravel\\framework\\src\\Illuminate\\Foundation\\Http\\Kernel.php(175): Illuminate\\Pipeline\\Pipeline->then()
#43 C:\\Eureka\\htdocs\\sanna\\services\\vendor\\laravel\\framework\\src\\Illuminate\\Foundation\\Http\\Kernel.php(144): Illuminate\\Foundation\\Http\\Kernel->sendRequestThroughRouter()
#44 C:\\Eureka\\htdocs\\sanna\\services\\public\\index.php(54): Illuminate\\Foundation\\Http\\Kernel->handle()
#45 {main}

[previous exception] [object] (PDOException(code: 22018): SQLSTATE[22018]: [Microsoft][ODBC Driver 17 for SQL Server][SQL Server]Conversion failed when converting the nvarchar value '9.' to data type int. at C:\\Eureka\\htdocs\\sanna\\services\\vendor\\laravel\\framework\\src\\Illuminate\\Database\\Connection.php:587)
[stacktrace]
#0 C:\\Eureka\\htdocs\\sanna\\services\\vendor\\laravel\\framework\\src\\Illuminate\\Database\\Connection.php(587): PDOStatement->execute()
#1 C:\\Eureka\\htdocs\\sanna\\services\\vendor\\laravel\\framework\\src\\Illuminate\\Database\\Connection.php(816): Illuminate\\Database\\Connection->Illuminate\\Database\\{closure}()
#2 C:\\Eureka\\htdocs\\sanna\\services\\vendor\\laravel\\framework\\src\\Illuminate\\Database\\Connection.php(783): Illuminate\\Database\\Connection->runQueryCallback()
#3 C:\\Eureka\\htdocs\\sanna\\services\\vendor\\laravel\\framework\\src\\Illuminate\\Database\\Connection.php(576): Illuminate\\Database\\Connection->run()
#4 C:\\Eureka\\htdocs\\sanna\\services\\vendor\\laravel\\framework\\src\\Illuminate\\Database\\Connection.php(540): Illuminate\\Database\\Connection->statement()
#5 C:\\Eureka\\htdocs\\sanna\\services\\vendor\\laravel\\framework\\src\\Illuminate\\Database\\Query\\Builder.php(3456): Illuminate\\Database\\Connection->insert()
#6 C:\\Eureka\\htdocs\\sanna\\services\\vendor\\laravel\\framework\\src\\Illuminate\\Database\\Query\\Builder.php(3596): Illuminate\\Database\\Query\\Builder->insert()
#7 C:\\Eureka\\htdocs\\sanna\\services\\app\\Http\\Controllers\\RegistroatencionController.php(662): Illuminate\\Database\\Query\\Builder->updateOrInsert()
#8 C:\\Eureka\\htdocs\\sanna\\services\\vendor\\laravel\\framework\\src\\Illuminate\\Routing\\Controller.php(54): App\\Http\\Controllers\\RegistroatencionController->generarHistoriaClinica()
#9 C:\\Eureka\\htdocs\\sanna\\services\\vendor\\laravel\\framework\\src\\Illuminate\\Routing\\ControllerDispatcher.php(43): Illuminate\\Routing\\Controller->callAction()
#10 C:\\Eureka\\htdocs\\sanna\\services\\vendor\\laravel\\framework\\src\\Illuminate\\Routing\\Route.php(259): Illuminate\\Routing\\ControllerDispatcher->dispatch()
#11 C:\\Eureka\\htdocs\\sanna\\services\\vendor\\laravel\\framework\\src\\Illuminate\\Routing\\Route.php(205): Illuminate\\Routing\\Route->runController()
#12 C:\\Eureka\\htdocs\\sanna\\services\\vendor\\laravel\\framework\\src\\Illuminate\\Routing\\Router.php(806): Illuminate\\Routing\\Route->run()
#13 C:\\Eureka\\htdocs\\sanna\\services\\vendor\\laravel\\framework\\src\\Illuminate\\Pipeline\\Pipeline.php(144): Illuminate\\Routing\\Router->Illuminate\\Routing\\{closure}()
#14 C:\\Eureka\\htdocs\\sanna\\services\\app\\Http\\Middleware\\ValidarToken.php(32): Illuminate\\Pipeline\\Pipeline->Illuminate\\Pipeline\\{closure}()
#15 C:\\Eureka\\htdocs\\sanna\\services\\vendor\\laravel\\framework\\src\\Illuminate\\Pipeline\\Pipeline.php(183): App\\Http\\Middleware\\ValidarToken->handle()
#16 C:\\Eureka\\htdocs\\sanna\\services\\vendor\\laravel\\framework\\src\\Illuminate\\Routing\\Middleware\\SubstituteBindings.php(50): Illuminate\\Pipeline\\Pipeline->Illuminate\\Pipeline\\{closure}()
#17 C:\\Eureka\\htdocs\\sanna\\services\\vendor\\laravel\\framework\\src\\Illuminate\\Pipeline\\Pipeline.php(183): Illuminate\\Routing\\Middleware\\SubstituteBindings->handle()
#18 C:\\Eureka\\htdocs\\sanna\\services\\vendor\\laravel\\framework\\src\\Illuminate\\Routing\\Middleware\\ThrottleRequests.php(159): Illuminate\\Pipeline\\Pipeline->Illuminate\\Pipeline\\{closure}()
#19 C:\\Eureka\\htdocs\\sanna\\services\\vendor\\laravel\\framework\\src\\Illuminate\\Routing\\Middleware\\ThrottleRequests.php(125): Illuminate\\Routing\\Middleware\\ThrottleRequests->handleRequest()
#20 C:\\Eureka\\htdocs\\sanna\\services\\vendor\\laravel\\framework\\src\\Illuminate\\Routing\\Middleware\\ThrottleRequests.php(87): Illuminate\\Routing\\Middleware\\ThrottleRequests->handleRequestUsingNamedLimiter()
#21 C:\\Eureka\\htdocs\\sanna\\services\\vendor\\laravel\\framework\\src\\Illuminate\\Pipeline\\Pipeline.php(183): Illuminate\\Routing\\Middleware\\ThrottleRequests->handle()
#22 C:\\Eureka\\htdocs\\sanna\\services\\vendor\\laravel\\framework\\src\\Illuminate\\Pipeline\\Pipeline.php(119): Illuminate\\Pipeline\\Pipeline->Illuminate\\Pipeline\\{closure}()
#23 C:\\Eureka\\htdocs\\sanna\\services\\vendor\\laravel\\framework\\src\\Illuminate\\Routing\\Router.php(805): Illuminate\\Pipeline\\Pipeline->then()
#24 C:\\Eureka\\htdocs\\sanna\\services\\vendor\\laravel\\framework\\src\\Illuminate\\Routing\\Router.php(784): Illuminate\\Routing\\Router->runRouteWithinStack()
#25 C:\\Eureka\\htdocs\\sanna\\services\\vendor\\laravel\\framework\\src\\Illuminate\\Routing\\Router.php(748): Illuminate\\Routing\\Router->runRoute()
#26 C:\\Eureka\\htdocs\\sanna\\services\\vendor\\laravel\\framework\\src\\Illuminate\\Routing\\Router.php(737): Illuminate\\Routing\\Router->dispatchToRoute()
#27 C:\\Eureka\\htdocs\\sanna\\services\\vendor\\laravel\\framework\\src\\Illuminate\\Foundation\\Http\\Kernel.php(200): Illuminate\\Routing\\Router->dispatch()
#28 C:\\Eureka\\htdocs\\sanna\\services\\vendor\\laravel\\framework\\src\\Illuminate\\Pipeline\\Pipeline.php(144): Illuminate\\Foundation\\Http\\Kernel->Illuminate\\Foundation\\Http\\{closure}()
#29 C:\\Eureka\\htdocs\\sanna\\services\\vendor\\laravel\\framework\\src\\Illuminate\\Foundation\\Http\\Middleware\\TransformsRequest.php(21): Illuminate\\Pipeline\\Pipeline->Illuminate\\Pipeline\\{closure}()
#30 C:\\Eureka\\htdocs\\sanna\\services\\vendor\\laravel\\framework\\src\\Illuminate\\Foundation\\Http\\Middleware\\ConvertEmptyStringsToNull.php(31): Illuminate\\Foundation\\Http\\Middleware\\TransformsRequest->handle()
#31 C:\\Eureka\\htdocs\\sanna\\services\\vendor\\laravel\\framework\\src\\Illuminate\\Pipeline\\Pipeline.php(183): Illuminate\\Foundation\\Http\\Middleware\\ConvertEmptyStringsToNull->handle()
#32 C:\\Eureka\\htdocs\\sanna\\services\\vendor\\laravel\\framework\\src\\Illuminate\\Foundation\\Http\\Middleware\\TransformsRequest.php(21): Illuminate\\Pipeline\\Pipeline->Illuminate\\Pipeline\\{closure}()
#33 C:\\Eureka\\htdocs\\sanna\\services\\vendor\\laravel\\framework\\src\\Illuminate\\Foundation\\Http\\Middleware\\TrimStrings.php(40): Illuminate\\Foundation\\Http\\Middleware\\TransformsRequest->handle()
#34 C:\\Eureka\\htdocs\\sanna\\services\\vendor\\laravel\\framework\\src\\Illuminate\\Pipeline\\Pipeline.php(183): Illuminate\\Foundation\\Http\\Middleware\\TrimStrings->handle()
#35 C:\\Eureka\\htdocs\\sanna\\services\\vendor\\laravel\\framework\\src\\Illuminate\\Foundation\\Http\\Middleware\\ValidatePostSize.php(27): Illuminate\\Pipeline\\Pipeline->Illuminate\\Pipeline\\{closure}()
#36 C:\\Eureka\\htdocs\\sanna\\services\\vendor\\laravel\\framework\\src\\Illuminate\\Pipeline\\Pipeline.php(183): Illuminate\\Foundation\\Http\\Middleware\\ValidatePostSize->handle()
#37 C:\\Eureka\\htdocs\\sanna\\services\\vendor\\laravel\\framework\\src\\Illuminate\\Foundation\\Http\\Middleware\\PreventRequestsDuringMaintenance.php(99): Illuminate\\Pipeline\\Pipeline->Illuminate\\Pipeline\\{closure}()
#38 C:\\Eureka\\htdocs\\sanna\\services\\vendor\\laravel\\framework\\src\\Illuminate\\Pipeline\\Pipeline.php(183): Illuminate\\Foundation\\Http\\Middleware\\PreventRequestsDuringMaintenance->handle()
#39 C:\\Eureka\\htdocs\\sanna\\services\\vendor\\laravel\\framework\\src\\Illuminate\\Http\\Middleware\\HandleCors.php(62): Illuminate\\Pipeline\\Pipeline->Illuminate\\Pipeline\\{closure}()
#40 C:\\Eureka\\htdocs\\sanna\\services\\vendor\\laravel\\framework\\src\\Illuminate\\Pipeline\\Pipeline.php(183): Illuminate\\Http\\Middleware\\HandleCors->handle()
#41 C:\\Eureka\\htdocs\\sanna\\services\\vendor\\laravel\\framework\\src\\Illuminate\\Http\\Middleware\\TrustProxies.php(39): Illuminate\\Pipeline\\Pipeline->Illuminate\\Pipeline\\{closure}()
#42 C:\\Eureka\\htdocs\\sanna\\services\\vendor\\laravel\\framework\\src\\Illuminate\\Pipeline\\Pipeline.php(183): Illuminate\\Http\\Middleware\\TrustProxies->handle()
#43 C:\\Eureka\\htdocs\\sanna\\services\\vendor\\laravel\\framework\\src\\Illuminate\\Pipeline\\Pipeline.php(119): Illuminate\\Pipeline\\Pipeline->Illuminate\\Pipeline\\{closure}()
#44 C:\\Eureka\\htdocs\\sanna\\services\\vendor\\laravel\\framework\\src\\Illuminate\\Foundation\\Http\\Kernel.php(175): Illuminate\\Pipeline\\Pipeline->then()
#45 C:\\Eureka\\htdocs\\sanna\\services\\vendor\\laravel\\framework\\src\\Illuminate\\Foundation\\Http\\Kernel.php(144): Illuminate\\Foundation\\Http\\Kernel->sendRequestThroughRouter()
#46 C:\\Eureka\\htdocs\\sanna\\services\\public\\index.php(54): Illuminate\\Foundation\\Http\\Kernel->handle()
#47 {main}
"} 
[2025-06-10 16:41:24] local.ERROR: SQLSTATE[22018]: [Microsoft][ODBC Driver 17 for SQL Server][SQL Server]Conversion failed when converting the nvarchar value '9.' to data type int. (Connection: sqlsrv, SQL: insert into [afiliados] ([dni], [nombres], [ape_paterno], [ape_materno], [direccion], [telf1], [telf2], [manejodatos], [hoja_filiacion]) values (70285861, ESTEFANI PILAR, RODRIGUEZ, PALOMO, ., 9., , 1, {"NombreContratante":"-1","codigo_afi":"","etnia":"","idioma":"","religion":".","email":"Pilarrodriguez1879@gmail.com","estadocivil":"soltero(a)","gradoinstitucion":",","ocupacion":".","procedencia":".","no_patologico":[{"id":"100","nombre":"Niega","txt":null}],"patologicos":[{"id":"100","nombre":"Niega","txt":null}],"quirurgico":"","padres":"Niega","abuelos":"Niega","hermanos":"Niega","conyugue":"Niega","persona_responsable":".","celular_responsble":".","tlf_casa_paciente":"."})) {"userId":1367,"exception":"[object] (Illuminate\\Database\\QueryException(code: 22018): SQLSTATE[22018]: [Microsoft][ODBC Driver 17 for SQL Server][SQL Server]Conversion failed when converting the nvarchar value '9.' to data type int. (Connection: sqlsrv, SQL: insert into [afiliados] ([dni], [nombres], [ape_paterno], [ape_materno], [direccion], [telf1], [telf2], [manejodatos], [hoja_filiacion]) values (70285861, ESTEFANI PILAR, RODRIGUEZ, PALOMO, ., 9., , 1, {\"NombreContratante\":\"-1\",\"codigo_afi\":\"\",\"etnia\":\"\",\"idioma\":\"\",\"religion\":\".\",\"email\":\"Pilarrodriguez1879@gmail.com\",\"estadocivil\":\"soltero(a)\",\"gradoinstitucion\":\",\",\"ocupacion\":\".\",\"procedencia\":\".\",\"no_patologico\":[{\"id\":\"100\",\"nombre\":\"Niega\",\"txt\":null}],\"patologicos\":[{\"id\":\"100\",\"nombre\":\"Niega\",\"txt\":null}],\"quirurgico\":\"\",\"padres\":\"Niega\",\"abuelos\":\"Niega\",\"hermanos\":\"Niega\",\"conyugue\":\"Niega\",\"persona_responsable\":\".\",\"celular_responsble\":\".\",\"tlf_casa_paciente\":\".\"})) at C:\\Eureka\\htdocs\\sanna\\services\\vendor\\laravel\\framework\\src\\Illuminate\\Database\\Connection.php:829)
[stacktrace]
#0 C:\\Eureka\\htdocs\\sanna\\services\\vendor\\laravel\\framework\\src\\Illuminate\\Database\\Connection.php(783): Illuminate\\Database\\Connection->runQueryCallback()
#1 C:\\Eureka\\htdocs\\sanna\\services\\vendor\\laravel\\framework\\src\\Illuminate\\Database\\Connection.php(576): Illuminate\\Database\\Connection->run()
#2 C:\\Eureka\\htdocs\\sanna\\services\\vendor\\laravel\\framework\\src\\Illuminate\\Database\\Connection.php(540): Illuminate\\Database\\Connection->statement()
#3 C:\\Eureka\\htdocs\\sanna\\services\\vendor\\laravel\\framework\\src\\Illuminate\\Database\\Query\\Builder.php(3456): Illuminate\\Database\\Connection->insert()
#4 C:\\Eureka\\htdocs\\sanna\\services\\vendor\\laravel\\framework\\src\\Illuminate\\Database\\Query\\Builder.php(3596): Illuminate\\Database\\Query\\Builder->insert()
#5 C:\\Eureka\\htdocs\\sanna\\services\\app\\Http\\Controllers\\RegistroatencionController.php(662): Illuminate\\Database\\Query\\Builder->updateOrInsert()
#6 C:\\Eureka\\htdocs\\sanna\\services\\vendor\\laravel\\framework\\src\\Illuminate\\Routing\\Controller.php(54): App\\Http\\Controllers\\RegistroatencionController->generarHistoriaClinica()
#7 C:\\Eureka\\htdocs\\sanna\\services\\vendor\\laravel\\framework\\src\\Illuminate\\Routing\\ControllerDispatcher.php(43): Illuminate\\Routing\\Controller->callAction()
#8 C:\\Eureka\\htdocs\\sanna\\services\\vendor\\laravel\\framework\\src\\Illuminate\\Routing\\Route.php(259): Illuminate\\Routing\\ControllerDispatcher->dispatch()
#9 C:\\Eureka\\htdocs\\sanna\\services\\vendor\\laravel\\framework\\src\\Illuminate\\Routing\\Route.php(205): Illuminate\\Routing\\Route->runController()
#10 C:\\Eureka\\htdocs\\sanna\\services\\vendor\\laravel\\framework\\src\\Illuminate\\Routing\\Router.php(806): Illuminate\\Routing\\Route->run()
#11 C:\\Eureka\\htdocs\\sanna\\services\\vendor\\laravel\\framework\\src\\Illuminate\\Pipeline\\Pipeline.php(144): Illuminate\\Routing\\Router->Illuminate\\Routing\\{closure}()
#12 C:\\Eureka\\htdocs\\sanna\\services\\app\\Http\\Middleware\\ValidarToken.php(32): Illuminate\\Pipeline\\Pipeline->Illuminate\\Pipeline\\{closure}()
#13 C:\\Eureka\\htdocs\\sanna\\services\\vendor\\laravel\\framework\\src\\Illuminate\\Pipeline\\Pipeline.php(183): App\\Http\\Middleware\\ValidarToken->handle()
#14 C:\\Eureka\\htdocs\\sanna\\services\\vendor\\laravel\\framework\\src\\Illuminate\\Routing\\Middleware\\SubstituteBindings.php(50): Illuminate\\Pipeline\\Pipeline->Illuminate\\Pipeline\\{closure}()
#15 C:\\Eureka\\htdocs\\sanna\\services\\vendor\\laravel\\framework\\src\\Illuminate\\Pipeline\\Pipeline.php(183): Illuminate\\Routing\\Middleware\\SubstituteBindings->handle()
#16 C:\\Eureka\\htdocs\\sanna\\services\\vendor\\laravel\\framework\\src\\Illuminate\\Routing\\Middleware\\ThrottleRequests.php(159): Illuminate\\Pipeline\\Pipeline->Illuminate\\Pipeline\\{closure}()
#17 C:\\Eureka\\htdocs\\sanna\\services\\vendor\\laravel\\framework\\src\\Illuminate\\Routing\\Middleware\\ThrottleRequests.php(125): Illuminate\\Routing\\Middleware\\ThrottleRequests->handleRequest()
#18 C:\\Eureka\\htdocs\\sanna\\services\\vendor\\laravel\\framework\\src\\Illuminate\\Routing\\Middleware\\ThrottleRequests.php(87): Illuminate\\Routing\\Middleware\\ThrottleRequests->handleRequestUsingNamedLimiter()
#19 C:\\Eureka\\htdocs\\sanna\\services\\vendor\\laravel\\framework\\src\\Illuminate\\Pipeline\\Pipeline.php(183): Illuminate\\Routing\\Middleware\\ThrottleRequests->handle()
#20 C:\\Eureka\\htdocs\\sanna\\services\\vendor\\laravel\\framework\\src\\Illuminate\\Pipeline\\Pipeline.php(119): Illuminate\\Pipeline\\Pipeline->Illuminate\\Pipeline\\{closure}()
#21 C:\\Eureka\\htdocs\\sanna\\services\\vendor\\laravel\\framework\\src\\Illuminate\\Routing\\Router.php(805): Illuminate\\Pipeline\\Pipeline->then()
#22 C:\\Eureka\\htdocs\\sanna\\services\\vendor\\laravel\\framework\\src\\Illuminate\\Routing\\Router.php(784): Illuminate\\Routing\\Router->runRouteWithinStack()
#23 C:\\Eureka\\htdocs\\sanna\\services\\vendor\\laravel\\framework\\src\\Illuminate\\Routing\\Router.php(748): Illuminate\\Routing\\Router->runRoute()
#24 C:\\Eureka\\htdocs\\sanna\\services\\vendor\\laravel\\framework\\src\\Illuminate\\Routing\\Router.php(737): Illuminate\\Routing\\Router->dispatchToRoute()
#25 C:\\Eureka\\htdocs\\sanna\\services\\vendor\\laravel\\framework\\src\\Illuminate\\Foundation\\Http\\Kernel.php(200): Illuminate\\Routing\\Router->dispatch()
#26 C:\\Eureka\\htdocs\\sanna\\services\\vendor\\laravel\\framework\\src\\Illuminate\\Pipeline\\Pipeline.php(144): Illuminate\\Foundation\\Http\\Kernel->Illuminate\\Foundation\\Http\\{closure}()
#27 C:\\Eureka\\htdocs\\sanna\\services\\vendor\\laravel\\framework\\src\\Illuminate\\Foundation\\Http\\Middleware\\TransformsRequest.php(21): Illuminate\\Pipeline\\Pipeline->Illuminate\\Pipeline\\{closure}()
#28 C:\\Eureka\\htdocs\\sanna\\services\\vendor\\laravel\\framework\\src\\Illuminate\\Foundation\\Http\\Middleware\\ConvertEmptyStringsToNull.php(31): Illuminate\\Foundation\\Http\\Middleware\\TransformsRequest->handle()
#29 C:\\Eureka\\htdocs\\sanna\\services\\vendor\\laravel\\framework\\src\\Illuminate\\Pipeline\\Pipeline.php(183): Illuminate\\Foundation\\Http\\Middleware\\ConvertEmptyStringsToNull->handle()
#30 C:\\Eureka\\htdocs\\sanna\\services\\vendor\\laravel\\framework\\src\\Illuminate\\Foundation\\Http\\Middleware\\TransformsRequest.php(21): Illuminate\\Pipeline\\Pipeline->Illuminate\\Pipeline\\{closure}()
#31 C:\\Eureka\\htdocs\\sanna\\services\\vendor\\laravel\\framework\\src\\Illuminate\\Foundation\\Http\\Middleware\\TrimStrings.php(40): Illuminate\\Foundation\\Http\\Middleware\\TransformsRequest->handle()
#32 C:\\Eureka\\htdocs\\sanna\\services\\vendor\\laravel\\framework\\src\\Illuminate\\Pipeline\\Pipeline.php(183): Illuminate\\Foundation\\Http\\Middleware\\TrimStrings->handle()
#33 C:\\Eureka\\htdocs\\sanna\\services\\vendor\\laravel\\framework\\src\\Illuminate\\Foundation\\Http\\Middleware\\ValidatePostSize.php(27): Illuminate\\Pipeline\\Pipeline->Illuminate\\Pipeline\\{closure}()
#34 C:\\Eureka\\htdocs\\sanna\\services\\vendor\\laravel\\framework\\src\\Illuminate\\Pipeline\\Pipeline.php(183): Illuminate\\Foundation\\Http\\Middleware\\ValidatePostSize->handle()
#35 C:\\Eureka\\htdocs\\sanna\\services\\vendor\\laravel\\framework\\src\\Illuminate\\Foundation\\Http\\Middleware\\PreventRequestsDuringMaintenance.php(99): Illuminate\\Pipeline\\Pipeline->Illuminate\\Pipeline\\{closure}()
#36 C:\\Eureka\\htdocs\\sanna\\services\\vendor\\laravel\\framework\\src\\Illuminate\\Pipeline\\Pipeline.php(183): Illuminate\\Foundation\\Http\\Middleware\\PreventRequestsDuringMaintenance->handle()
#37 C:\\Eureka\\htdocs\\sanna\\services\\vendor\\laravel\\framework\\src\\Illuminate\\Http\\Middleware\\HandleCors.php(62): Illuminate\\Pipeline\\Pipeline->Illuminate\\Pipeline\\{closure}()
#38 C:\\Eureka\\htdocs\\sanna\\services\\vendor\\laravel\\framework\\src\\Illuminate\\Pipeline\\Pipeline.php(183): Illuminate\\Http\\Middleware\\HandleCors->handle()
#39 C:\\Eureka\\htdocs\\sanna\\services\\vendor\\laravel\\framework\\src\\Illuminate\\Http\\Middleware\\TrustProxies.php(39): Illuminate\\Pipeline\\Pipeline->Illuminate\\Pipeline\\{closure}()
#40 C:\\Eureka\\htdocs\\sanna\\services\\vendor\\laravel\\framework\\src\\Illuminate\\Pipeline\\Pipeline.php(183): Illuminate\\Http\\Middleware\\TrustProxies->handle()
#41 C:\\Eureka\\htdocs\\sanna\\services\\vendor\\laravel\\framework\\src\\Illuminate\\Pipeline\\Pipeline.php(119): Illuminate\\Pipeline\\Pipeline->Illuminate\\Pipeline\\{closure}()
#42 C:\\Eureka\\htdocs\\sanna\\services\\vendor\\laravel\\framework\\src\\Illuminate\\Foundation\\Http\\Kernel.php(175): Illuminate\\Pipeline\\Pipeline->then()
#43 C:\\Eureka\\htdocs\\sanna\\services\\vendor\\laravel\\framework\\src\\Illuminate\\Foundation\\Http\\Kernel.php(144): Illuminate\\Foundation\\Http\\Kernel->sendRequestThroughRouter()
#44 C:\\Eureka\\htdocs\\sanna\\services\\public\\index.php(54): Illuminate\\Foundation\\Http\\Kernel->handle()
#45 {main}

[previous exception] [object] (PDOException(code: 22018): SQLSTATE[22018]: [Microsoft][ODBC Driver 17 for SQL Server][SQL Server]Conversion failed when converting the nvarchar value '9.' to data type int. at C:\\Eureka\\htdocs\\sanna\\services\\vendor\\laravel\\framework\\src\\Illuminate\\Database\\Connection.php:587)
[stacktrace]
#0 C:\\Eureka\\htdocs\\sanna\\services\\vendor\\laravel\\framework\\src\\Illuminate\\Database\\Connection.php(587): PDOStatement->execute()
#1 C:\\Eureka\\htdocs\\sanna\\services\\vendor\\laravel\\framework\\src\\Illuminate\\Database\\Connection.php(816): Illuminate\\Database\\Connection->Illuminate\\Database\\{closure}()
#2 C:\\Eureka\\htdocs\\sanna\\services\\vendor\\laravel\\framework\\src\\Illuminate\\Database\\Connection.php(783): Illuminate\\Database\\Connection->runQueryCallback()
#3 C:\\Eureka\\htdocs\\sanna\\services\\vendor\\laravel\\framework\\src\\Illuminate\\Database\\Connection.php(576): Illuminate\\Database\\Connection->run()
#4 C:\\Eureka\\htdocs\\sanna\\services\\vendor\\laravel\\framework\\src\\Illuminate\\Database\\Connection.php(540): Illuminate\\Database\\Connection->statement()
#5 C:\\Eureka\\htdocs\\sanna\\services\\vendor\\laravel\\framework\\src\\Illuminate\\Database\\Query\\Builder.php(3456): Illuminate\\Database\\Connection->insert()
#6 C:\\Eureka\\htdocs\\sanna\\services\\vendor\\laravel\\framework\\src\\Illuminate\\Database\\Query\\Builder.php(3596): Illuminate\\Database\\Query\\Builder->insert()
#7 C:\\Eureka\\htdocs\\sanna\\services\\app\\Http\\Controllers\\RegistroatencionController.php(662): Illuminate\\Database\\Query\\Builder->updateOrInsert()
#8 C:\\Eureka\\htdocs\\sanna\\services\\vendor\\laravel\\framework\\src\\Illuminate\\Routing\\Controller.php(54): App\\Http\\Controllers\\RegistroatencionController->generarHistoriaClinica()
#9 C:\\Eureka\\htdocs\\sanna\\services\\vendor\\laravel\\framework\\src\\Illuminate\\Routing\\ControllerDispatcher.php(43): Illuminate\\Routing\\Controller->callAction()
#10 C:\\Eureka\\htdocs\\sanna\\services\\vendor\\laravel\\framework\\src\\Illuminate\\Routing\\Route.php(259): Illuminate\\Routing\\ControllerDispatcher->dispatch()
#11 C:\\Eureka\\htdocs\\sanna\\services\\vendor\\laravel\\framework\\src\\Illuminate\\Routing\\Route.php(205): Illuminate\\Routing\\Route->runController()
#12 C:\\Eureka\\htdocs\\sanna\\services\\vendor\\laravel\\framework\\src\\Illuminate\\Routing\\Router.php(806): Illuminate\\Routing\\Route->run()
#13 C:\\Eureka\\htdocs\\sanna\\services\\vendor\\laravel\\framework\\src\\Illuminate\\Pipeline\\Pipeline.php(144): Illuminate\\Routing\\Router->Illuminate\\Routing\\{closure}()
#14 C:\\Eureka\\htdocs\\sanna\\services\\app\\Http\\Middleware\\ValidarToken.php(32): Illuminate\\Pipeline\\Pipeline->Illuminate\\Pipeline\\{closure}()
#15 C:\\Eureka\\htdocs\\sanna\\services\\vendor\\laravel\\framework\\src\\Illuminate\\Pipeline\\Pipeline.php(183): App\\Http\\Middleware\\ValidarToken->handle()
#16 C:\\Eureka\\htdocs\\sanna\\services\\vendor\\laravel\\framework\\src\\Illuminate\\Routing\\Middleware\\SubstituteBindings.php(50): Illuminate\\Pipeline\\Pipeline->Illuminate\\Pipeline\\{closure}()
#17 C:\\Eureka\\htdocs\\sanna\\services\\vendor\\laravel\\framework\\src\\Illuminate\\Pipeline\\Pipeline.php(183): Illuminate\\Routing\\Middleware\\SubstituteBindings->handle()
#18 C:\\Eureka\\htdocs\\sanna\\services\\vendor\\laravel\\framework\\src\\Illuminate\\Routing\\Middleware\\ThrottleRequests.php(159): Illuminate\\Pipeline\\Pipeline->Illuminate\\Pipeline\\{closure}()
#19 C:\\Eureka\\htdocs\\sanna\\services\\vendor\\laravel\\framework\\src\\Illuminate\\Routing\\Middleware\\ThrottleRequests.php(125): Illuminate\\Routing\\Middleware\\ThrottleRequests->handleRequest()
#20 C:\\Eureka\\htdocs\\sanna\\services\\vendor\\laravel\\framework\\src\\Illuminate\\Routing\\Middleware\\ThrottleRequests.php(87): Illuminate\\Routing\\Middleware\\ThrottleRequests->handleRequestUsingNamedLimiter()
#21 C:\\Eureka\\htdocs\\sanna\\services\\vendor\\laravel\\framework\\src\\Illuminate\\Pipeline\\Pipeline.php(183): Illuminate\\Routing\\Middleware\\ThrottleRequests->handle()
#22 C:\\Eureka\\htdocs\\sanna\\services\\vendor\\laravel\\framework\\src\\Illuminate\\Pipeline\\Pipeline.php(119): Illuminate\\Pipeline\\Pipeline->Illuminate\\Pipeline\\{closure}()
#23 C:\\Eureka\\htdocs\\sanna\\services\\vendor\\laravel\\framework\\src\\Illuminate\\Routing\\Router.php(805): Illuminate\\Pipeline\\Pipeline->then()
#24 C:\\Eureka\\htdocs\\sanna\\services\\vendor\\laravel\\framework\\src\\Illuminate\\Routing\\Router.php(784): Illuminate\\Routing\\Router->runRouteWithinStack()
#25 C:\\Eureka\\htdocs\\sanna\\services\\vendor\\laravel\\framework\\src\\Illuminate\\Routing\\Router.php(748): Illuminate\\Routing\\Router->runRoute()
#26 C:\\Eureka\\htdocs\\sanna\\services\\vendor\\laravel\\framework\\src\\Illuminate\\Routing\\Router.php(737): Illuminate\\Routing\\Router->dispatchToRoute()
#27 C:\\Eureka\\htdocs\\sanna\\services\\vendor\\laravel\\framework\\src\\Illuminate\\Foundation\\Http\\Kernel.php(200): Illuminate\\Routing\\Router->dispatch()
#28 C:\\Eureka\\htdocs\\sanna\\services\\vendor\\laravel\\framework\\src\\Illuminate\\Pipeline\\Pipeline.php(144): Illuminate\\Foundation\\Http\\Kernel->Illuminate\\Foundation\\Http\\{closure}()
#29 C:\\Eureka\\htdocs\\sanna\\services\\vendor\\laravel\\framework\\src\\Illuminate\\Foundation\\Http\\Middleware\\TransformsRequest.php(21): Illuminate\\Pipeline\\Pipeline->Illuminate\\Pipeline\\{closure}()
#30 C:\\Eureka\\htdocs\\sanna\\services\\vendor\\laravel\\framework\\src\\Illuminate\\Foundation\\Http\\Middleware\\ConvertEmptyStringsToNull.php(31): Illuminate\\Foundation\\Http\\Middleware\\TransformsRequest->handle()
#31 C:\\Eureka\\htdocs\\sanna\\services\\vendor\\laravel\\framework\\src\\Illuminate\\Pipeline\\Pipeline.php(183): Illuminate\\Foundation\\Http\\Middleware\\ConvertEmptyStringsToNull->handle()
#32 C:\\Eureka\\htdocs\\sanna\\services\\vendor\\laravel\\framework\\src\\Illuminate\\Foundation\\Http\\Middleware\\TransformsRequest.php(21): Illuminate\\Pipeline\\Pipeline->Illuminate\\Pipeline\\{closure}()
#33 C:\\Eureka\\htdocs\\sanna\\services\\vendor\\laravel\\framework\\src\\Illuminate\\Foundation\\Http\\Middleware\\TrimStrings.php(40): Illuminate\\Foundation\\Http\\Middleware\\TransformsRequest->handle()
#34 C:\\Eureka\\htdocs\\sanna\\services\\vendor\\laravel\\framework\\src\\Illuminate\\Pipeline\\Pipeline.php(183): Illuminate\\Foundation\\Http\\Middleware\\TrimStrings->handle()
#35 C:\\Eureka\\htdocs\\sanna\\services\\vendor\\laravel\\framework\\src\\Illuminate\\Foundation\\Http\\Middleware\\ValidatePostSize.php(27): Illuminate\\Pipeline\\Pipeline->Illuminate\\Pipeline\\{closure}()
#36 C:\\Eureka\\htdocs\\sanna\\services\\vendor\\laravel\\framework\\src\\Illuminate\\Pipeline\\Pipeline.php(183): Illuminate\\Foundation\\Http\\Middleware\\ValidatePostSize->handle()
#37 C:\\Eureka\\htdocs\\sanna\\services\\vendor\\laravel\\framework\\src\\Illuminate\\Foundation\\Http\\Middleware\\PreventRequestsDuringMaintenance.php(99): Illuminate\\Pipeline\\Pipeline->Illuminate\\Pipeline\\{closure}()
#38 C:\\Eureka\\htdocs\\sanna\\services\\vendor\\laravel\\framework\\src\\Illuminate\\Pipeline\\Pipeline.php(183): Illuminate\\Foundation\\Http\\Middleware\\PreventRequestsDuringMaintenance->handle()
#39 C:\\Eureka\\htdocs\\sanna\\services\\vendor\\laravel\\framework\\src\\Illuminate\\Http\\Middleware\\HandleCors.php(62): Illuminate\\Pipeline\\Pipeline->Illuminate\\Pipeline\\{closure}()
#40 C:\\Eureka\\htdocs\\sanna\\services\\vendor\\laravel\\framework\\src\\Illuminate\\Pipeline\\Pipeline.php(183): Illuminate\\Http\\Middleware\\HandleCors->handle()
#41 C:\\Eureka\\htdocs\\sanna\\services\\vendor\\laravel\\framework\\src\\Illuminate\\Http\\Middleware\\TrustProxies.php(39): Illuminate\\Pipeline\\Pipeline->Illuminate\\Pipeline\\{closure}()
#42 C:\\Eureka\\htdocs\\sanna\\services\\vendor\\laravel\\framework\\src\\Illuminate\\Pipeline\\Pipeline.php(183): Illuminate\\Http\\Middleware\\TrustProxies->handle()
#43 C:\\Eureka\\htdocs\\sanna\\services\\vendor\\laravel\\framework\\src\\Illuminate\\Pipeline\\Pipeline.php(119): Illuminate\\Pipeline\\Pipeline->Illuminate\\Pipeline\\{closure}()
#44 C:\\Eureka\\htdocs\\sanna\\services\\vendor\\laravel\\framework\\src\\Illuminate\\Foundation\\Http\\Kernel.php(175): Illuminate\\Pipeline\\Pipeline->then()
#45 C:\\Eureka\\htdocs\\sanna\\services\\vendor\\laravel\\framework\\src\\Illuminate\\Foundation\\Http\\Kernel.php(144): Illuminate\\Foundation\\Http\\Kernel->sendRequestThroughRouter()
#46 C:\\Eureka\\htdocs\\sanna\\services\\public\\index.php(54): Illuminate\\Foundation\\Http\\Kernel->handle()
#47 {main}
"} 
[2025-06-10 16:41:38] local.ERROR: SQLSTATE[22018]: [Microsoft][ODBC Driver 17 for SQL Server][SQL Server]Conversion failed when converting the nvarchar value '9.' to data type int. (Connection: sqlsrv, SQL: insert into [afiliados] ([dni], [nombres], [ape_paterno], [ape_materno], [direccion], [telf1], [telf2], [manejodatos], [hoja_filiacion]) values (70285861, ESTEFANI PILAR, RODRIGUEZ, PALOMO, ., 9., , 1, {"NombreContratante":"-1","codigo_afi":"","etnia":"","idioma":"","religion":".","email":"Pilarrodriguez1879@gmail.com","estadocivil":"soltero(a)","gradoinstitucion":",","ocupacion":".","procedencia":".","no_patologico":[{"id":"100","nombre":"Niega","txt":null}],"patologicos":[{"id":"100","nombre":"Niega","txt":null}],"quirurgico":"","padres":"Niega","abuelos":"Niega","hermanos":"Niega","conyugue":"Niega","persona_responsable":".","celular_responsble":".","tlf_casa_paciente":"."})) {"userId":1367,"exception":"[object] (Illuminate\\Database\\QueryException(code: 22018): SQLSTATE[22018]: [Microsoft][ODBC Driver 17 for SQL Server][SQL Server]Conversion failed when converting the nvarchar value '9.' to data type int. (Connection: sqlsrv, SQL: insert into [afiliados] ([dni], [nombres], [ape_paterno], [ape_materno], [direccion], [telf1], [telf2], [manejodatos], [hoja_filiacion]) values (70285861, ESTEFANI PILAR, RODRIGUEZ, PALOMO, ., 9., , 1, {\"NombreContratante\":\"-1\",\"codigo_afi\":\"\",\"etnia\":\"\",\"idioma\":\"\",\"religion\":\".\",\"email\":\"Pilarrodriguez1879@gmail.com\",\"estadocivil\":\"soltero(a)\",\"gradoinstitucion\":\",\",\"ocupacion\":\".\",\"procedencia\":\".\",\"no_patologico\":[{\"id\":\"100\",\"nombre\":\"Niega\",\"txt\":null}],\"patologicos\":[{\"id\":\"100\",\"nombre\":\"Niega\",\"txt\":null}],\"quirurgico\":\"\",\"padres\":\"Niega\",\"abuelos\":\"Niega\",\"hermanos\":\"Niega\",\"conyugue\":\"Niega\",\"persona_responsable\":\".\",\"celular_responsble\":\".\",\"tlf_casa_paciente\":\".\"})) at C:\\Eureka\\htdocs\\sanna\\services\\vendor\\laravel\\framework\\src\\Illuminate\\Database\\Connection.php:829)
[stacktrace]
#0 C:\\Eureka\\htdocs\\sanna\\services\\vendor\\laravel\\framework\\src\\Illuminate\\Database\\Connection.php(783): Illuminate\\Database\\Connection->runQueryCallback()
#1 C:\\Eureka\\htdocs\\sanna\\services\\vendor\\laravel\\framework\\src\\Illuminate\\Database\\Connection.php(576): Illuminate\\Database\\Connection->run()
#2 C:\\Eureka\\htdocs\\sanna\\services\\vendor\\laravel\\framework\\src\\Illuminate\\Database\\Connection.php(540): Illuminate\\Database\\Connection->statement()
#3 C:\\Eureka\\htdocs\\sanna\\services\\vendor\\laravel\\framework\\src\\Illuminate\\Database\\Query\\Builder.php(3456): Illuminate\\Database\\Connection->insert()
#4 C:\\Eureka\\htdocs\\sanna\\services\\vendor\\laravel\\framework\\src\\Illuminate\\Database\\Query\\Builder.php(3596): Illuminate\\Database\\Query\\Builder->insert()
#5 C:\\Eureka\\htdocs\\sanna\\services\\app\\Http\\Controllers\\RegistroatencionController.php(662): Illuminate\\Database\\Query\\Builder->updateOrInsert()
#6 C:\\Eureka\\htdocs\\sanna\\services\\vendor\\laravel\\framework\\src\\Illuminate\\Routing\\Controller.php(54): App\\Http\\Controllers\\RegistroatencionController->generarHistoriaClinica()
#7 C:\\Eureka\\htdocs\\sanna\\services\\vendor\\laravel\\framework\\src\\Illuminate\\Routing\\ControllerDispatcher.php(43): Illuminate\\Routing\\Controller->callAction()
#8 C:\\Eureka\\htdocs\\sanna\\services\\vendor\\laravel\\framework\\src\\Illuminate\\Routing\\Route.php(259): Illuminate\\Routing\\ControllerDispatcher->dispatch()
#9 C:\\Eureka\\htdocs\\sanna\\services\\vendor\\laravel\\framework\\src\\Illuminate\\Routing\\Route.php(205): Illuminate\\Routing\\Route->runController()
#10 C:\\Eureka\\htdocs\\sanna\\services\\vendor\\laravel\\framework\\src\\Illuminate\\Routing\\Router.php(806): Illuminate\\Routing\\Route->run()
#11 C:\\Eureka\\htdocs\\sanna\\services\\vendor\\laravel\\framework\\src\\Illuminate\\Pipeline\\Pipeline.php(144): Illuminate\\Routing\\Router->Illuminate\\Routing\\{closure}()
#12 C:\\Eureka\\htdocs\\sanna\\services\\app\\Http\\Middleware\\ValidarToken.php(32): Illuminate\\Pipeline\\Pipeline->Illuminate\\Pipeline\\{closure}()
#13 C:\\Eureka\\htdocs\\sanna\\services\\vendor\\laravel\\framework\\src\\Illuminate\\Pipeline\\Pipeline.php(183): App\\Http\\Middleware\\ValidarToken->handle()
#14 C:\\Eureka\\htdocs\\sanna\\services\\vendor\\laravel\\framework\\src\\Illuminate\\Routing\\Middleware\\SubstituteBindings.php(50): Illuminate\\Pipeline\\Pipeline->Illuminate\\Pipeline\\{closure}()
#15 C:\\Eureka\\htdocs\\sanna\\services\\vendor\\laravel\\framework\\src\\Illuminate\\Pipeline\\Pipeline.php(183): Illuminate\\Routing\\Middleware\\SubstituteBindings->handle()
#16 C:\\Eureka\\htdocs\\sanna\\services\\vendor\\laravel\\framework\\src\\Illuminate\\Routing\\Middleware\\ThrottleRequests.php(159): Illuminate\\Pipeline\\Pipeline->Illuminate\\Pipeline\\{closure}()
#17 C:\\Eureka\\htdocs\\sanna\\services\\vendor\\laravel\\framework\\src\\Illuminate\\Routing\\Middleware\\ThrottleRequests.php(125): Illuminate\\Routing\\Middleware\\ThrottleRequests->handleRequest()
#18 C:\\Eureka\\htdocs\\sanna\\services\\vendor\\laravel\\framework\\src\\Illuminate\\Routing\\Middleware\\ThrottleRequests.php(87): Illuminate\\Routing\\Middleware\\ThrottleRequests->handleRequestUsingNamedLimiter()
#19 C:\\Eureka\\htdocs\\sanna\\services\\vendor\\laravel\\framework\\src\\Illuminate\\Pipeline\\Pipeline.php(183): Illuminate\\Routing\\Middleware\\ThrottleRequests->handle()
#20 C:\\Eureka\\htdocs\\sanna\\services\\vendor\\laravel\\framework\\src\\Illuminate\\Pipeline\\Pipeline.php(119): Illuminate\\Pipeline\\Pipeline->Illuminate\\Pipeline\\{closure}()
#21 C:\\Eureka\\htdocs\\sanna\\services\\vendor\\laravel\\framework\\src\\Illuminate\\Routing\\Router.php(805): Illuminate\\Pipeline\\Pipeline->then()
#22 C:\\Eureka\\htdocs\\sanna\\services\\vendor\\laravel\\framework\\src\\Illuminate\\Routing\\Router.php(784): Illuminate\\Routing\\Router->runRouteWithinStack()
#23 C:\\Eureka\\htdocs\\sanna\\services\\vendor\\laravel\\framework\\src\\Illuminate\\Routing\\Router.php(748): Illuminate\\Routing\\Router->runRoute()
#24 C:\\Eureka\\htdocs\\sanna\\services\\vendor\\laravel\\framework\\src\\Illuminate\\Routing\\Router.php(737): Illuminate\\Routing\\Router->dispatchToRoute()
#25 C:\\Eureka\\htdocs\\sanna\\services\\vendor\\laravel\\framework\\src\\Illuminate\\Foundation\\Http\\Kernel.php(200): Illuminate\\Routing\\Router->dispatch()
#26 C:\\Eureka\\htdocs\\sanna\\services\\vendor\\laravel\\framework\\src\\Illuminate\\Pipeline\\Pipeline.php(144): Illuminate\\Foundation\\Http\\Kernel->Illuminate\\Foundation\\Http\\{closure}()
#27 C:\\Eureka\\htdocs\\sanna\\services\\vendor\\laravel\\framework\\src\\Illuminate\\Foundation\\Http\\Middleware\\TransformsRequest.php(21): Illuminate\\Pipeline\\Pipeline->Illuminate\\Pipeline\\{closure}()
#28 C:\\Eureka\\htdocs\\sanna\\services\\vendor\\laravel\\framework\\src\\Illuminate\\Foundation\\Http\\Middleware\\ConvertEmptyStringsToNull.php(31): Illuminate\\Foundation\\Http\\Middleware\\TransformsRequest->handle()
#29 C:\\Eureka\\htdocs\\sanna\\services\\vendor\\laravel\\framework\\src\\Illuminate\\Pipeline\\Pipeline.php(183): Illuminate\\Foundation\\Http\\Middleware\\ConvertEmptyStringsToNull->handle()
#30 C:\\Eureka\\htdocs\\sanna\\services\\vendor\\laravel\\framework\\src\\Illuminate\\Foundation\\Http\\Middleware\\TransformsRequest.php(21): Illuminate\\Pipeline\\Pipeline->Illuminate\\Pipeline\\{closure}()
#31 C:\\Eureka\\htdocs\\sanna\\services\\vendor\\laravel\\framework\\src\\Illuminate\\Foundation\\Http\\Middleware\\TrimStrings.php(40): Illuminate\\Foundation\\Http\\Middleware\\TransformsRequest->handle()
#32 C:\\Eureka\\htdocs\\sanna\\services\\vendor\\laravel\\framework\\src\\Illuminate\\Pipeline\\Pipeline.php(183): Illuminate\\Foundation\\Http\\Middleware\\TrimStrings->handle()
#33 C:\\Eureka\\htdocs\\sanna\\services\\vendor\\laravel\\framework\\src\\Illuminate\\Foundation\\Http\\Middleware\\ValidatePostSize.php(27): Illuminate\\Pipeline\\Pipeline->Illuminate\\Pipeline\\{closure}()
#34 C:\\Eureka\\htdocs\\sanna\\services\\vendor\\laravel\\framework\\src\\Illuminate\\Pipeline\\Pipeline.php(183): Illuminate\\Foundation\\Http\\Middleware\\ValidatePostSize->handle()
#35 C:\\Eureka\\htdocs\\sanna\\services\\vendor\\laravel\\framework\\src\\Illuminate\\Foundation\\Http\\Middleware\\PreventRequestsDuringMaintenance.php(99): Illuminate\\Pipeline\\Pipeline->Illuminate\\Pipeline\\{closure}()
#36 C:\\Eureka\\htdocs\\sanna\\services\\vendor\\laravel\\framework\\src\\Illuminate\\Pipeline\\Pipeline.php(183): Illuminate\\Foundation\\Http\\Middleware\\PreventRequestsDuringMaintenance->handle()
#37 C:\\Eureka\\htdocs\\sanna\\services\\vendor\\laravel\\framework\\src\\Illuminate\\Http\\Middleware\\HandleCors.php(62): Illuminate\\Pipeline\\Pipeline->Illuminate\\Pipeline\\{closure}()
#38 C:\\Eureka\\htdocs\\sanna\\services\\vendor\\laravel\\framework\\src\\Illuminate\\Pipeline\\Pipeline.php(183): Illuminate\\Http\\Middleware\\HandleCors->handle()
#39 C:\\Eureka\\htdocs\\sanna\\services\\vendor\\laravel\\framework\\src\\Illuminate\\Http\\Middleware\\TrustProxies.php(39): Illuminate\\Pipeline\\Pipeline->Illuminate\\Pipeline\\{closure}()
#40 C:\\Eureka\\htdocs\\sanna\\services\\vendor\\laravel\\framework\\src\\Illuminate\\Pipeline\\Pipeline.php(183): Illuminate\\Http\\Middleware\\TrustProxies->handle()
#41 C:\\Eureka\\htdocs\\sanna\\services\\vendor\\laravel\\framework\\src\\Illuminate\\Pipeline\\Pipeline.php(119): Illuminate\\Pipeline\\Pipeline->Illuminate\\Pipeline\\{closure}()
#42 C:\\Eureka\\htdocs\\sanna\\services\\vendor\\laravel\\framework\\src\\Illuminate\\Foundation\\Http\\Kernel.php(175): Illuminate\\Pipeline\\Pipeline->then()
#43 C:\\Eureka\\htdocs\\sanna\\services\\vendor\\laravel\\framework\\src\\Illuminate\\Foundation\\Http\\Kernel.php(144): Illuminate\\Foundation\\Http\\Kernel->sendRequestThroughRouter()
#44 C:\\Eureka\\htdocs\\sanna\\services\\public\\index.php(54): Illuminate\\Foundation\\Http\\Kernel->handle()
#45 {main}

[previous exception] [object] (PDOException(code: 22018): SQLSTATE[22018]: [Microsoft][ODBC Driver 17 for SQL Server][SQL Server]Conversion failed when converting the nvarchar value '9.' to data type int. at C:\\Eureka\\htdocs\\sanna\\services\\vendor\\laravel\\framework\\src\\Illuminate\\Database\\Connection.php:587)
[stacktrace]
#0 C:\\Eureka\\htdocs\\sanna\\services\\vendor\\laravel\\framework\\src\\Illuminate\\Database\\Connection.php(587): PDOStatement->execute()
#1 C:\\Eureka\\htdocs\\sanna\\services\\vendor\\laravel\\framework\\src\\Illuminate\\Database\\Connection.php(816): Illuminate\\Database\\Connection->Illuminate\\Database\\{closure}()
#2 C:\\Eureka\\htdocs\\sanna\\services\\vendor\\laravel\\framework\\src\\Illuminate\\Database\\Connection.php(783): Illuminate\\Database\\Connection->runQueryCallback()
#3 C:\\Eureka\\htdocs\\sanna\\services\\vendor\\laravel\\framework\\src\\Illuminate\\Database\\Connection.php(576): Illuminate\\Database\\Connection->run()
#4 C:\\Eureka\\htdocs\\sanna\\services\\vendor\\laravel\\framework\\src\\Illuminate\\Database\\Connection.php(540): Illuminate\\Database\\Connection->statement()
#5 C:\\Eureka\\htdocs\\sanna\\services\\vendor\\laravel\\framework\\src\\Illuminate\\Database\\Query\\Builder.php(3456): Illuminate\\Database\\Connection->insert()
#6 C:\\Eureka\\htdocs\\sanna\\services\\vendor\\laravel\\framework\\src\\Illuminate\\Database\\Query\\Builder.php(3596): Illuminate\\Database\\Query\\Builder->insert()
#7 C:\\Eureka\\htdocs\\sanna\\services\\app\\Http\\Controllers\\RegistroatencionController.php(662): Illuminate\\Database\\Query\\Builder->updateOrInsert()
#8 C:\\Eureka\\htdocs\\sanna\\services\\vendor\\laravel\\framework\\src\\Illuminate\\Routing\\Controller.php(54): App\\Http\\Controllers\\RegistroatencionController->generarHistoriaClinica()
#9 C:\\Eureka\\htdocs\\sanna\\services\\vendor\\laravel\\framework\\src\\Illuminate\\Routing\\ControllerDispatcher.php(43): Illuminate\\Routing\\Controller->callAction()
#10 C:\\Eureka\\htdocs\\sanna\\services\\vendor\\laravel\\framework\\src\\Illuminate\\Routing\\Route.php(259): Illuminate\\Routing\\ControllerDispatcher->dispatch()
#11 C:\\Eureka\\htdocs\\sanna\\services\\vendor\\laravel\\framework\\src\\Illuminate\\Routing\\Route.php(205): Illuminate\\Routing\\Route->runController()
#12 C:\\Eureka\\htdocs\\sanna\\services\\vendor\\laravel\\framework\\src\\Illuminate\\Routing\\Router.php(806): Illuminate\\Routing\\Route->run()
#13 C:\\Eureka\\htdocs\\sanna\\services\\vendor\\laravel\\framework\\src\\Illuminate\\Pipeline\\Pipeline.php(144): Illuminate\\Routing\\Router->Illuminate\\Routing\\{closure}()
#14 C:\\Eureka\\htdocs\\sanna\\services\\app\\Http\\Middleware\\ValidarToken.php(32): Illuminate\\Pipeline\\Pipeline->Illuminate\\Pipeline\\{closure}()
#15 C:\\Eureka\\htdocs\\sanna\\services\\vendor\\laravel\\framework\\src\\Illuminate\\Pipeline\\Pipeline.php(183): App\\Http\\Middleware\\ValidarToken->handle()
#16 C:\\Eureka\\htdocs\\sanna\\services\\vendor\\laravel\\framework\\src\\Illuminate\\Routing\\Middleware\\SubstituteBindings.php(50): Illuminate\\Pipeline\\Pipeline->Illuminate\\Pipeline\\{closure}()
#17 C:\\Eureka\\htdocs\\sanna\\services\\vendor\\laravel\\framework\\src\\Illuminate\\Pipeline\\Pipeline.php(183): Illuminate\\Routing\\Middleware\\SubstituteBindings->handle()
#18 C:\\Eureka\\htdocs\\sanna\\services\\vendor\\laravel\\framework\\src\\Illuminate\\Routing\\Middleware\\ThrottleRequests.php(159): Illuminate\\Pipeline\\Pipeline->Illuminate\\Pipeline\\{closure}()
#19 C:\\Eureka\\htdocs\\sanna\\services\\vendor\\laravel\\framework\\src\\Illuminate\\Routing\\Middleware\\ThrottleRequests.php(125): Illuminate\\Routing\\Middleware\\ThrottleRequests->handleRequest()
#20 C:\\Eureka\\htdocs\\sanna\\services\\vendor\\laravel\\framework\\src\\Illuminate\\Routing\\Middleware\\ThrottleRequests.php(87): Illuminate\\Routing\\Middleware\\ThrottleRequests->handleRequestUsingNamedLimiter()
#21 C:\\Eureka\\htdocs\\sanna\\services\\vendor\\laravel\\framework\\src\\Illuminate\\Pipeline\\Pipeline.php(183): Illuminate\\Routing\\Middleware\\ThrottleRequests->handle()
#22 C:\\Eureka\\htdocs\\sanna\\services\\vendor\\laravel\\framework\\src\\Illuminate\\Pipeline\\Pipeline.php(119): Illuminate\\Pipeline\\Pipeline->Illuminate\\Pipeline\\{closure}()
#23 C:\\Eureka\\htdocs\\sanna\\services\\vendor\\laravel\\framework\\src\\Illuminate\\Routing\\Router.php(805): Illuminate\\Pipeline\\Pipeline->then()
#24 C:\\Eureka\\htdocs\\sanna\\services\\vendor\\laravel\\framework\\src\\Illuminate\\Routing\\Router.php(784): Illuminate\\Routing\\Router->runRouteWithinStack()
#25 C:\\Eureka\\htdocs\\sanna\\services\\vendor\\laravel\\framework\\src\\Illuminate\\Routing\\Router.php(748): Illuminate\\Routing\\Router->runRoute()
#26 C:\\Eureka\\htdocs\\sanna\\services\\vendor\\laravel\\framework\\src\\Illuminate\\Routing\\Router.php(737): Illuminate\\Routing\\Router->dispatchToRoute()
#27 C:\\Eureka\\htdocs\\sanna\\services\\vendor\\laravel\\framework\\src\\Illuminate\\Foundation\\Http\\Kernel.php(200): Illuminate\\Routing\\Router->dispatch()
#28 C:\\Eureka\\htdocs\\sanna\\services\\vendor\\laravel\\framework\\src\\Illuminate\\Pipeline\\Pipeline.php(144): Illuminate\\Foundation\\Http\\Kernel->Illuminate\\Foundation\\Http\\{closure}()
#29 C:\\Eureka\\htdocs\\sanna\\services\\vendor\\laravel\\framework\\src\\Illuminate\\Foundation\\Http\\Middleware\\TransformsRequest.php(21): Illuminate\\Pipeline\\Pipeline->Illuminate\\Pipeline\\{closure}()
#30 C:\\Eureka\\htdocs\\sanna\\services\\vendor\\laravel\\framework\\src\\Illuminate\\Foundation\\Http\\Middleware\\ConvertEmptyStringsToNull.php(31): Illuminate\\Foundation\\Http\\Middleware\\TransformsRequest->handle()
#31 C:\\Eureka\\htdocs\\sanna\\services\\vendor\\laravel\\framework\\src\\Illuminate\\Pipeline\\Pipeline.php(183): Illuminate\\Foundation\\Http\\Middleware\\ConvertEmptyStringsToNull->handle()
#32 C:\\Eureka\\htdocs\\sanna\\services\\vendor\\laravel\\framework\\src\\Illuminate\\Foundation\\Http\\Middleware\\TransformsRequest.php(21): Illuminate\\Pipeline\\Pipeline->Illuminate\\Pipeline\\{closure}()
#33 C:\\Eureka\\htdocs\\sanna\\services\\vendor\\laravel\\framework\\src\\Illuminate\\Foundation\\Http\\Middleware\\TrimStrings.php(40): Illuminate\\Foundation\\Http\\Middleware\\TransformsRequest->handle()
#34 C:\\Eureka\\htdocs\\sanna\\services\\vendor\\laravel\\framework\\src\\Illuminate\\Pipeline\\Pipeline.php(183): Illuminate\\Foundation\\Http\\Middleware\\TrimStrings->handle()
#35 C:\\Eureka\\htdocs\\sanna\\services\\vendor\\laravel\\framework\\src\\Illuminate\\Foundation\\Http\\Middleware\\ValidatePostSize.php(27): Illuminate\\Pipeline\\Pipeline->Illuminate\\Pipeline\\{closure}()
#36 C:\\Eureka\\htdocs\\sanna\\services\\vendor\\laravel\\framework\\src\\Illuminate\\Pipeline\\Pipeline.php(183): Illuminate\\Foundation\\Http\\Middleware\\ValidatePostSize->handle()
#37 C:\\Eureka\\htdocs\\sanna\\services\\vendor\\laravel\\framework\\src\\Illuminate\\Foundation\\Http\\Middleware\\PreventRequestsDuringMaintenance.php(99): Illuminate\\Pipeline\\Pipeline->Illuminate\\Pipeline\\{closure}()
#38 C:\\Eureka\\htdocs\\sanna\\services\\vendor\\laravel\\framework\\src\\Illuminate\\Pipeline\\Pipeline.php(183): Illuminate\\Foundation\\Http\\Middleware\\PreventRequestsDuringMaintenance->handle()
#39 C:\\Eureka\\htdocs\\sanna\\services\\vendor\\laravel\\framework\\src\\Illuminate\\Http\\Middleware\\HandleCors.php(62): Illuminate\\Pipeline\\Pipeline->Illuminate\\Pipeline\\{closure}()
#40 C:\\Eureka\\htdocs\\sanna\\services\\vendor\\laravel\\framework\\src\\Illuminate\\Pipeline\\Pipeline.php(183): Illuminate\\Http\\Middleware\\HandleCors->handle()
#41 C:\\Eureka\\htdocs\\sanna\\services\\vendor\\laravel\\framework\\src\\Illuminate\\Http\\Middleware\\TrustProxies.php(39): Illuminate\\Pipeline\\Pipeline->Illuminate\\Pipeline\\{closure}()
#42 C:\\Eureka\\htdocs\\sanna\\services\\vendor\\laravel\\framework\\src\\Illuminate\\Pipeline\\Pipeline.php(183): Illuminate\\Http\\Middleware\\TrustProxies->handle()
#43 C:\\Eureka\\htdocs\\sanna\\services\\vendor\\laravel\\framework\\src\\Illuminate\\Pipeline\\Pipeline.php(119): Illuminate\\Pipeline\\Pipeline->Illuminate\\Pipeline\\{closure}()
#44 C:\\Eureka\\htdocs\\sanna\\services\\vendor\\laravel\\framework\\src\\Illuminate\\Foundation\\Http\\Kernel.php(175): Illuminate\\Pipeline\\Pipeline->then()
#45 C:\\Eureka\\htdocs\\sanna\\services\\vendor\\laravel\\framework\\src\\Illuminate\\Foundation\\Http\\Kernel.php(144): Illuminate\\Foundation\\Http\\Kernel->sendRequestThroughRouter()
#46 C:\\Eureka\\htdocs\\sanna\\services\\public\\index.php(54): Illuminate\\Foundation\\Http\\Kernel->handle()
#47 {main}
"} 
[2025-06-10 16:41:49] local.ERROR: SQLSTATE[22018]: [Microsoft][ODBC Driver 17 for SQL Server][SQL Server]Conversion failed when converting the nvarchar value '9.' to data type int. (Connection: sqlsrv, SQL: insert into [afiliados] ([dni], [nombres], [ape_paterno], [ape_materno], [direccion], [telf1], [telf2], [manejodatos], [hoja_filiacion]) values (70285861, ESTEFANI PILAR, RODRIGUEZ, PALOMO, ., 9., , 1, {"NombreContratante":"-1","codigo_afi":"","etnia":"","idioma":"","religion":".","email":"Pilarrodriguez1879@gmail.com","estadocivil":"soltero(a)","gradoinstitucion":",","ocupacion":".","procedencia":".","no_patologico":[{"id":"100","nombre":"Niega","txt":null}],"patologicos":[{"id":"100","nombre":"Niega","txt":null}],"quirurgico":"","padres":"Niega","abuelos":"Niega","hermanos":"Niega","conyugue":"Niega","persona_responsable":".","celular_responsble":".","tlf_casa_paciente":"."})) {"userId":1367,"exception":"[object] (Illuminate\\Database\\QueryException(code: 22018): SQLSTATE[22018]: [Microsoft][ODBC Driver 17 for SQL Server][SQL Server]Conversion failed when converting the nvarchar value '9.' to data type int. (Connection: sqlsrv, SQL: insert into [afiliados] ([dni], [nombres], [ape_paterno], [ape_materno], [direccion], [telf1], [telf2], [manejodatos], [hoja_filiacion]) values (70285861, ESTEFANI PILAR, RODRIGUEZ, PALOMO, ., 9., , 1, {\"NombreContratante\":\"-1\",\"codigo_afi\":\"\",\"etnia\":\"\",\"idioma\":\"\",\"religion\":\".\",\"email\":\"Pilarrodriguez1879@gmail.com\",\"estadocivil\":\"soltero(a)\",\"gradoinstitucion\":\",\",\"ocupacion\":\".\",\"procedencia\":\".\",\"no_patologico\":[{\"id\":\"100\",\"nombre\":\"Niega\",\"txt\":null}],\"patologicos\":[{\"id\":\"100\",\"nombre\":\"Niega\",\"txt\":null}],\"quirurgico\":\"\",\"padres\":\"Niega\",\"abuelos\":\"Niega\",\"hermanos\":\"Niega\",\"conyugue\":\"Niega\",\"persona_responsable\":\".\",\"celular_responsble\":\".\",\"tlf_casa_paciente\":\".\"})) at C:\\Eureka\\htdocs\\sanna\\services\\vendor\\laravel\\framework\\src\\Illuminate\\Database\\Connection.php:829)
[stacktrace]
#0 C:\\Eureka\\htdocs\\sanna\\services\\vendor\\laravel\\framework\\src\\Illuminate\\Database\\Connection.php(783): Illuminate\\Database\\Connection->runQueryCallback()
#1 C:\\Eureka\\htdocs\\sanna\\services\\vendor\\laravel\\framework\\src\\Illuminate\\Database\\Connection.php(576): Illuminate\\Database\\Connection->run()
#2 C:\\Eureka\\htdocs\\sanna\\services\\vendor\\laravel\\framework\\src\\Illuminate\\Database\\Connection.php(540): Illuminate\\Database\\Connection->statement()
#3 C:\\Eureka\\htdocs\\sanna\\services\\vendor\\laravel\\framework\\src\\Illuminate\\Database\\Query\\Builder.php(3456): Illuminate\\Database\\Connection->insert()
#4 C:\\Eureka\\htdocs\\sanna\\services\\vendor\\laravel\\framework\\src\\Illuminate\\Database\\Query\\Builder.php(3596): Illuminate\\Database\\Query\\Builder->insert()
#5 C:\\Eureka\\htdocs\\sanna\\services\\app\\Http\\Controllers\\RegistroatencionController.php(662): Illuminate\\Database\\Query\\Builder->updateOrInsert()
#6 C:\\Eureka\\htdocs\\sanna\\services\\vendor\\laravel\\framework\\src\\Illuminate\\Routing\\Controller.php(54): App\\Http\\Controllers\\RegistroatencionController->generarHistoriaClinica()
#7 C:\\Eureka\\htdocs\\sanna\\services\\vendor\\laravel\\framework\\src\\Illuminate\\Routing\\ControllerDispatcher.php(43): Illuminate\\Routing\\Controller->callAction()
#8 C:\\Eureka\\htdocs\\sanna\\services\\vendor\\laravel\\framework\\src\\Illuminate\\Routing\\Route.php(259): Illuminate\\Routing\\ControllerDispatcher->dispatch()
#9 C:\\Eureka\\htdocs\\sanna\\services\\vendor\\laravel\\framework\\src\\Illuminate\\Routing\\Route.php(205): Illuminate\\Routing\\Route->runController()
#10 C:\\Eureka\\htdocs\\sanna\\services\\vendor\\laravel\\framework\\src\\Illuminate\\Routing\\Router.php(806): Illuminate\\Routing\\Route->run()
#11 C:\\Eureka\\htdocs\\sanna\\services\\vendor\\laravel\\framework\\src\\Illuminate\\Pipeline\\Pipeline.php(144): Illuminate\\Routing\\Router->Illuminate\\Routing\\{closure}()
#12 C:\\Eureka\\htdocs\\sanna\\services\\app\\Http\\Middleware\\ValidarToken.php(32): Illuminate\\Pipeline\\Pipeline->Illuminate\\Pipeline\\{closure}()
#13 C:\\Eureka\\htdocs\\sanna\\services\\vendor\\laravel\\framework\\src\\Illuminate\\Pipeline\\Pipeline.php(183): App\\Http\\Middleware\\ValidarToken->handle()
#14 C:\\Eureka\\htdocs\\sanna\\services\\vendor\\laravel\\framework\\src\\Illuminate\\Routing\\Middleware\\SubstituteBindings.php(50): Illuminate\\Pipeline\\Pipeline->Illuminate\\Pipeline\\{closure}()
#15 C:\\Eureka\\htdocs\\sanna\\services\\vendor\\laravel\\framework\\src\\Illuminate\\Pipeline\\Pipeline.php(183): Illuminate\\Routing\\Middleware\\SubstituteBindings->handle()
#16 C:\\Eureka\\htdocs\\sanna\\services\\vendor\\laravel\\framework\\src\\Illuminate\\Routing\\Middleware\\ThrottleRequests.php(159): Illuminate\\Pipeline\\Pipeline->Illuminate\\Pipeline\\{closure}()
#17 C:\\Eureka\\htdocs\\sanna\\services\\vendor\\laravel\\framework\\src\\Illuminate\\Routing\\Middleware\\ThrottleRequests.php(125): Illuminate\\Routing\\Middleware\\ThrottleRequests->handleRequest()
#18 C:\\Eureka\\htdocs\\sanna\\services\\vendor\\laravel\\framework\\src\\Illuminate\\Routing\\Middleware\\ThrottleRequests.php(87): Illuminate\\Routing\\Middleware\\ThrottleRequests->handleRequestUsingNamedLimiter()
#19 C:\\Eureka\\htdocs\\sanna\\services\\vendor\\laravel\\framework\\src\\Illuminate\\Pipeline\\Pipeline.php(183): Illuminate\\Routing\\Middleware\\ThrottleRequests->handle()
#20 C:\\Eureka\\htdocs\\sanna\\services\\vendor\\laravel\\framework\\src\\Illuminate\\Pipeline\\Pipeline.php(119): Illuminate\\Pipeline\\Pipeline->Illuminate\\Pipeline\\{closure}()
#21 C:\\Eureka\\htdocs\\sanna\\services\\vendor\\laravel\\framework\\src\\Illuminate\\Routing\\Router.php(805): Illuminate\\Pipeline\\Pipeline->then()
#22 C:\\Eureka\\htdocs\\sanna\\services\\vendor\\laravel\\framework\\src\\Illuminate\\Routing\\Router.php(784): Illuminate\\Routing\\Router->runRouteWithinStack()
#23 C:\\Eureka\\htdocs\\sanna\\services\\vendor\\laravel\\framework\\src\\Illuminate\\Routing\\Router.php(748): Illuminate\\Routing\\Router->runRoute()
#24 C:\\Eureka\\htdocs\\sanna\\services\\vendor\\laravel\\framework\\src\\Illuminate\\Routing\\Router.php(737): Illuminate\\Routing\\Router->dispatchToRoute()
#25 C:\\Eureka\\htdocs\\sanna\\services\\vendor\\laravel\\framework\\src\\Illuminate\\Foundation\\Http\\Kernel.php(200): Illuminate\\Routing\\Router->dispatch()
#26 C:\\Eureka\\htdocs\\sanna\\services\\vendor\\laravel\\framework\\src\\Illuminate\\Pipeline\\Pipeline.php(144): Illuminate\\Foundation\\Http\\Kernel->Illuminate\\Foundation\\Http\\{closure}()
#27 C:\\Eureka\\htdocs\\sanna\\services\\vendor\\laravel\\framework\\src\\Illuminate\\Foundation\\Http\\Middleware\\TransformsRequest.php(21): Illuminate\\Pipeline\\Pipeline->Illuminate\\Pipeline\\{closure}()
#28 C:\\Eureka\\htdocs\\sanna\\services\\vendor\\laravel\\framework\\src\\Illuminate\\Foundation\\Http\\Middleware\\ConvertEmptyStringsToNull.php(31): Illuminate\\Foundation\\Http\\Middleware\\TransformsRequest->handle()
#29 C:\\Eureka\\htdocs\\sanna\\services\\vendor\\laravel\\framework\\src\\Illuminate\\Pipeline\\Pipeline.php(183): Illuminate\\Foundation\\Http\\Middleware\\ConvertEmptyStringsToNull->handle()
#30 C:\\Eureka\\htdocs\\sanna\\services\\vendor\\laravel\\framework\\src\\Illuminate\\Foundation\\Http\\Middleware\\TransformsRequest.php(21): Illuminate\\Pipeline\\Pipeline->Illuminate\\Pipeline\\{closure}()
#31 C:\\Eureka\\htdocs\\sanna\\services\\vendor\\laravel\\framework\\src\\Illuminate\\Foundation\\Http\\Middleware\\TrimStrings.php(40): Illuminate\\Foundation\\Http\\Middleware\\TransformsRequest->handle()
#32 C:\\Eureka\\htdocs\\sanna\\services\\vendor\\laravel\\framework\\src\\Illuminate\\Pipeline\\Pipeline.php(183): Illuminate\\Foundation\\Http\\Middleware\\TrimStrings->handle()
#33 C:\\Eureka\\htdocs\\sanna\\services\\vendor\\laravel\\framework\\src\\Illuminate\\Foundation\\Http\\Middleware\\ValidatePostSize.php(27): Illuminate\\Pipeline\\Pipeline->Illuminate\\Pipeline\\{closure}()
#34 C:\\Eureka\\htdocs\\sanna\\services\\vendor\\laravel\\framework\\src\\Illuminate\\Pipeline\\Pipeline.php(183): Illuminate\\Foundation\\Http\\Middleware\\ValidatePostSize->handle()
#35 C:\\Eureka\\htdocs\\sanna\\services\\vendor\\laravel\\framework\\src\\Illuminate\\Foundation\\Http\\Middleware\\PreventRequestsDuringMaintenance.php(99): Illuminate\\Pipeline\\Pipeline->Illuminate\\Pipeline\\{closure}()
#36 C:\\Eureka\\htdocs\\sanna\\services\\vendor\\laravel\\framework\\src\\Illuminate\\Pipeline\\Pipeline.php(183): Illuminate\\Foundation\\Http\\Middleware\\PreventRequestsDuringMaintenance->handle()
#37 C:\\Eureka\\htdocs\\sanna\\services\\vendor\\laravel\\framework\\src\\Illuminate\\Http\\Middleware\\HandleCors.php(62): Illuminate\\Pipeline\\Pipeline->Illuminate\\Pipeline\\{closure}()
#38 C:\\Eureka\\htdocs\\sanna\\services\\vendor\\laravel\\framework\\src\\Illuminate\\Pipeline\\Pipeline.php(183): Illuminate\\Http\\Middleware\\HandleCors->handle()
#39 C:\\Eureka\\htdocs\\sanna\\services\\vendor\\laravel\\framework\\src\\Illuminate\\Http\\Middleware\\TrustProxies.php(39): Illuminate\\Pipeline\\Pipeline->Illuminate\\Pipeline\\{closure}()
#40 C:\\Eureka\\htdocs\\sanna\\services\\vendor\\laravel\\framework\\src\\Illuminate\\Pipeline\\Pipeline.php(183): Illuminate\\Http\\Middleware\\TrustProxies->handle()
#41 C:\\Eureka\\htdocs\\sanna\\services\\vendor\\laravel\\framework\\src\\Illuminate\\Pipeline\\Pipeline.php(119): Illuminate\\Pipeline\\Pipeline->Illuminate\\Pipeline\\{closure}()
#42 C:\\Eureka\\htdocs\\sanna\\services\\vendor\\laravel\\framework\\src\\Illuminate\\Foundation\\Http\\Kernel.php(175): Illuminate\\Pipeline\\Pipeline->then()
#43 C:\\Eureka\\htdocs\\sanna\\services\\vendor\\laravel\\framework\\src\\Illuminate\\Foundation\\Http\\Kernel.php(144): Illuminate\\Foundation\\Http\\Kernel->sendRequestThroughRouter()
#44 C:\\Eureka\\htdocs\\sanna\\services\\public\\index.php(54): Illuminate\\Foundation\\Http\\Kernel->handle()
#45 {main}

[previous exception] [object] (PDOException(code: 22018): SQLSTATE[22018]: [Microsoft][ODBC Driver 17 for SQL Server][SQL Server]Conversion failed when converting the nvarchar value '9.' to data type int. at C:\\Eureka\\htdocs\\sanna\\services\\vendor\\laravel\\framework\\src\\Illuminate\\Database\\Connection.php:587)
[stacktrace]
#0 C:\\Eureka\\htdocs\\sanna\\services\\vendor\\laravel\\framework\\src\\Illuminate\\Database\\Connection.php(587): PDOStatement->execute()
#1 C:\\Eureka\\htdocs\\sanna\\services\\vendor\\laravel\\framework\\src\\Illuminate\\Database\\Connection.php(816): Illuminate\\Database\\Connection->Illuminate\\Database\\{closure}()
#2 C:\\Eureka\\htdocs\\sanna\\services\\vendor\\laravel\\framework\\src\\Illuminate\\Database\\Connection.php(783): Illuminate\\Database\\Connection->runQueryCallback()
#3 C:\\Eureka\\htdocs\\sanna\\services\\vendor\\laravel\\framework\\src\\Illuminate\\Database\\Connection.php(576): Illuminate\\Database\\Connection->run()
#4 C:\\Eureka\\htdocs\\sanna\\services\\vendor\\laravel\\framework\\src\\Illuminate\\Database\\Connection.php(540): Illuminate\\Database\\Connection->statement()
#5 C:\\Eureka\\htdocs\\sanna\\services\\vendor\\laravel\\framework\\src\\Illuminate\\Database\\Query\\Builder.php(3456): Illuminate\\Database\\Connection->insert()
#6 C:\\Eureka\\htdocs\\sanna\\services\\vendor\\laravel\\framework\\src\\Illuminate\\Database\\Query\\Builder.php(3596): Illuminate\\Database\\Query\\Builder->insert()
#7 C:\\Eureka\\htdocs\\sanna\\services\\app\\Http\\Controllers\\RegistroatencionController.php(662): Illuminate\\Database\\Query\\Builder->updateOrInsert()
#8 C:\\Eureka\\htdocs\\sanna\\services\\vendor\\laravel\\framework\\src\\Illuminate\\Routing\\Controller.php(54): App\\Http\\Controllers\\RegistroatencionController->generarHistoriaClinica()
#9 C:\\Eureka\\htdocs\\sanna\\services\\vendor\\laravel\\framework\\src\\Illuminate\\Routing\\ControllerDispatcher.php(43): Illuminate\\Routing\\Controller->callAction()
#10 C:\\Eureka\\htdocs\\sanna\\services\\vendor\\laravel\\framework\\src\\Illuminate\\Routing\\Route.php(259): Illuminate\\Routing\\ControllerDispatcher->dispatch()
#11 C:\\Eureka\\htdocs\\sanna\\services\\vendor\\laravel\\framework\\src\\Illuminate\\Routing\\Route.php(205): Illuminate\\Routing\\Route->runController()
#12 C:\\Eureka\\htdocs\\sanna\\services\\vendor\\laravel\\framework\\src\\Illuminate\\Routing\\Router.php(806): Illuminate\\Routing\\Route->run()
#13 C:\\Eureka\\htdocs\\sanna\\services\\vendor\\laravel\\framework\\src\\Illuminate\\Pipeline\\Pipeline.php(144): Illuminate\\Routing\\Router->Illuminate\\Routing\\{closure}()
#14 C:\\Eureka\\htdocs\\sanna\\services\\app\\Http\\Middleware\\ValidarToken.php(32): Illuminate\\Pipeline\\Pipeline->Illuminate\\Pipeline\\{closure}()
#15 C:\\Eureka\\htdocs\\sanna\\services\\vendor\\laravel\\framework\\src\\Illuminate\\Pipeline\\Pipeline.php(183): App\\Http\\Middleware\\ValidarToken->handle()
#16 C:\\Eureka\\htdocs\\sanna\\services\\vendor\\laravel\\framework\\src\\Illuminate\\Routing\\Middleware\\SubstituteBindings.php(50): Illuminate\\Pipeline\\Pipeline->Illuminate\\Pipeline\\{closure}()
#17 C:\\Eureka\\htdocs\\sanna\\services\\vendor\\laravel\\framework\\src\\Illuminate\\Pipeline\\Pipeline.php(183): Illuminate\\Routing\\Middleware\\SubstituteBindings->handle()
#18 C:\\Eureka\\htdocs\\sanna\\services\\vendor\\laravel\\framework\\src\\Illuminate\\Routing\\Middleware\\ThrottleRequests.php(159): Illuminate\\Pipeline\\Pipeline->Illuminate\\Pipeline\\{closure}()
#19 C:\\Eureka\\htdocs\\sanna\\services\\vendor\\laravel\\framework\\src\\Illuminate\\Routing\\Middleware\\ThrottleRequests.php(125): Illuminate\\Routing\\Middleware\\ThrottleRequests->handleRequest()
#20 C:\\Eureka\\htdocs\\sanna\\services\\vendor\\laravel\\framework\\src\\Illuminate\\Routing\\Middleware\\ThrottleRequests.php(87): Illuminate\\Routing\\Middleware\\ThrottleRequests->handleRequestUsingNamedLimiter()
#21 C:\\Eureka\\htdocs\\sanna\\services\\vendor\\laravel\\framework\\src\\Illuminate\\Pipeline\\Pipeline.php(183): Illuminate\\Routing\\Middleware\\ThrottleRequests->handle()
#22 C:\\Eureka\\htdocs\\sanna\\services\\vendor\\laravel\\framework\\src\\Illuminate\\Pipeline\\Pipeline.php(119): Illuminate\\Pipeline\\Pipeline->Illuminate\\Pipeline\\{closure}()
#23 C:\\Eureka\\htdocs\\sanna\\services\\vendor\\laravel\\framework\\src\\Illuminate\\Routing\\Router.php(805): Illuminate\\Pipeline\\Pipeline->then()
#24 C:\\Eureka\\htdocs\\sanna\\services\\vendor\\laravel\\framework\\src\\Illuminate\\Routing\\Router.php(784): Illuminate\\Routing\\Router->runRouteWithinStack()
#25 C:\\Eureka\\htdocs\\sanna\\services\\vendor\\laravel\\framework\\src\\Illuminate\\Routing\\Router.php(748): Illuminate\\Routing\\Router->runRoute()
#26 C:\\Eureka\\htdocs\\sanna\\services\\vendor\\laravel\\framework\\src\\Illuminate\\Routing\\Router.php(737): Illuminate\\Routing\\Router->dispatchToRoute()
#27 C:\\Eureka\\htdocs\\sanna\\services\\vendor\\laravel\\framework\\src\\Illuminate\\Foundation\\Http\\Kernel.php(200): Illuminate\\Routing\\Router->dispatch()
#28 C:\\Eureka\\htdocs\\sanna\\services\\vendor\\laravel\\framework\\src\\Illuminate\\Pipeline\\Pipeline.php(144): Illuminate\\Foundation\\Http\\Kernel->Illuminate\\Foundation\\Http\\{closure}()
#29 C:\\Eureka\\htdocs\\sanna\\services\\vendor\\laravel\\framework\\src\\Illuminate\\Foundation\\Http\\Middleware\\TransformsRequest.php(21): Illuminate\\Pipeline\\Pipeline->Illuminate\\Pipeline\\{closure}()
#30 C:\\Eureka\\htdocs\\sanna\\services\\vendor\\laravel\\framework\\src\\Illuminate\\Foundation\\Http\\Middleware\\ConvertEmptyStringsToNull.php(31): Illuminate\\Foundation\\Http\\Middleware\\TransformsRequest->handle()
#31 C:\\Eureka\\htdocs\\sanna\\services\\vendor\\laravel\\framework\\src\\Illuminate\\Pipeline\\Pipeline.php(183): Illuminate\\Foundation\\Http\\Middleware\\ConvertEmptyStringsToNull->handle()
#32 C:\\Eureka\\htdocs\\sanna\\services\\vendor\\laravel\\framework\\src\\Illuminate\\Foundation\\Http\\Middleware\\TransformsRequest.php(21): Illuminate\\Pipeline\\Pipeline->Illuminate\\Pipeline\\{closure}()
#33 C:\\Eureka\\htdocs\\sanna\\services\\vendor\\laravel\\framework\\src\\Illuminate\\Foundation\\Http\\Middleware\\TrimStrings.php(40): Illuminate\\Foundation\\Http\\Middleware\\TransformsRequest->handle()
#34 C:\\Eureka\\htdocs\\sanna\\services\\vendor\\laravel\\framework\\src\\Illuminate\\Pipeline\\Pipeline.php(183): Illuminate\\Foundation\\Http\\Middleware\\TrimStrings->handle()
#35 C:\\Eureka\\htdocs\\sanna\\services\\vendor\\laravel\\framework\\src\\Illuminate\\Foundation\\Http\\Middleware\\ValidatePostSize.php(27): Illuminate\\Pipeline\\Pipeline->Illuminate\\Pipeline\\{closure}()
#36 C:\\Eureka\\htdocs\\sanna\\services\\vendor\\laravel\\framework\\src\\Illuminate\\Pipeline\\Pipeline.php(183): Illuminate\\Foundation\\Http\\Middleware\\ValidatePostSize->handle()
#37 C:\\Eureka\\htdocs\\sanna\\services\\vendor\\laravel\\framework\\src\\Illuminate\\Foundation\\Http\\Middleware\\PreventRequestsDuringMaintenance.php(99): Illuminate\\Pipeline\\Pipeline->Illuminate\\Pipeline\\{closure}()
#38 C:\\Eureka\\htdocs\\sanna\\services\\vendor\\laravel\\framework\\src\\Illuminate\\Pipeline\\Pipeline.php(183): Illuminate\\Foundation\\Http\\Middleware\\PreventRequestsDuringMaintenance->handle()
#39 C:\\Eureka\\htdocs\\sanna\\services\\vendor\\laravel\\framework\\src\\Illuminate\\Http\\Middleware\\HandleCors.php(62): Illuminate\\Pipeline\\Pipeline->Illuminate\\Pipeline\\{closure}()
#40 C:\\Eureka\\htdocs\\sanna\\services\\vendor\\laravel\\framework\\src\\Illuminate\\Pipeline\\Pipeline.php(183): Illuminate\\Http\\Middleware\\HandleCors->handle()
#41 C:\\Eureka\\htdocs\\sanna\\services\\vendor\\laravel\\framework\\src\\Illuminate\\Http\\Middleware\\TrustProxies.php(39): Illuminate\\Pipeline\\Pipeline->Illuminate\\Pipeline\\{closure}()
#42 C:\\Eureka\\htdocs\\sanna\\services\\vendor\\laravel\\framework\\src\\Illuminate\\Pipeline\\Pipeline.php(183): Illuminate\\Http\\Middleware\\TrustProxies->handle()
#43 C:\\Eureka\\htdocs\\sanna\\services\\vendor\\laravel\\framework\\src\\Illuminate\\Pipeline\\Pipeline.php(119): Illuminate\\Pipeline\\Pipeline->Illuminate\\Pipeline\\{closure}()
#44 C:\\Eureka\\htdocs\\sanna\\services\\vendor\\laravel\\framework\\src\\Illuminate\\Foundation\\Http\\Kernel.php(175): Illuminate\\Pipeline\\Pipeline->then()
#45 C:\\Eureka\\htdocs\\sanna\\services\\vendor\\laravel\\framework\\src\\Illuminate\\Foundation\\Http\\Kernel.php(144): Illuminate\\Foundation\\Http\\Kernel->sendRequestThroughRouter()
#46 C:\\Eureka\\htdocs\\sanna\\services\\public\\index.php(54): Illuminate\\Foundation\\Http\\Kernel->handle()
#47 {main}
"} 
[2025-06-10 16:41:57] local.ERROR: SQLSTATE[22018]: [Microsoft][ODBC Driver 17 for SQL Server][SQL Server]Conversion failed when converting the nvarchar value '9.' to data type int. (Connection: sqlsrv, SQL: insert into [afiliados] ([dni], [nombres], [ape_paterno], [ape_materno], [direccion], [telf1], [telf2], [manejodatos], [hoja_filiacion]) values (70285861, ESTEFANI PILAR, RODRIGUEZ, PALOMO, ., 9., , 1, {"NombreContratante":"-1","codigo_afi":"","etnia":"","idioma":"","religion":".","email":"Pilarrodriguez1879@gmail.com","estadocivil":"soltero(a)","gradoinstitucion":",","ocupacion":".","procedencia":".","no_patologico":[{"id":"100","nombre":"Niega","txt":null}],"patologicos":[{"id":"100","nombre":"Niega","txt":null}],"quirurgico":"","padres":"Niega","abuelos":"Niega","hermanos":"Niega","conyugue":"Niega","persona_responsable":".","celular_responsble":".","tlf_casa_paciente":"."})) {"userId":1367,"exception":"[object] (Illuminate\\Database\\QueryException(code: 22018): SQLSTATE[22018]: [Microsoft][ODBC Driver 17 for SQL Server][SQL Server]Conversion failed when converting the nvarchar value '9.' to data type int. (Connection: sqlsrv, SQL: insert into [afiliados] ([dni], [nombres], [ape_paterno], [ape_materno], [direccion], [telf1], [telf2], [manejodatos], [hoja_filiacion]) values (70285861, ESTEFANI PILAR, RODRIGUEZ, PALOMO, ., 9., , 1, {\"NombreContratante\":\"-1\",\"codigo_afi\":\"\",\"etnia\":\"\",\"idioma\":\"\",\"religion\":\".\",\"email\":\"Pilarrodriguez1879@gmail.com\",\"estadocivil\":\"soltero(a)\",\"gradoinstitucion\":\",\",\"ocupacion\":\".\",\"procedencia\":\".\",\"no_patologico\":[{\"id\":\"100\",\"nombre\":\"Niega\",\"txt\":null}],\"patologicos\":[{\"id\":\"100\",\"nombre\":\"Niega\",\"txt\":null}],\"quirurgico\":\"\",\"padres\":\"Niega\",\"abuelos\":\"Niega\",\"hermanos\":\"Niega\",\"conyugue\":\"Niega\",\"persona_responsable\":\".\",\"celular_responsble\":\".\",\"tlf_casa_paciente\":\".\"})) at C:\\Eureka\\htdocs\\sanna\\services\\vendor\\laravel\\framework\\src\\Illuminate\\Database\\Connection.php:829)
[stacktrace]
#0 C:\\Eureka\\htdocs\\sanna\\services\\vendor\\laravel\\framework\\src\\Illuminate\\Database\\Connection.php(783): Illuminate\\Database\\Connection->runQueryCallback()
#1 C:\\Eureka\\htdocs\\sanna\\services\\vendor\\laravel\\framework\\src\\Illuminate\\Database\\Connection.php(576): Illuminate\\Database\\Connection->run()
#2 C:\\Eureka\\htdocs\\sanna\\services\\vendor\\laravel\\framework\\src\\Illuminate\\Database\\Connection.php(540): Illuminate\\Database\\Connection->statement()
#3 C:\\Eureka\\htdocs\\sanna\\services\\vendor\\laravel\\framework\\src\\Illuminate\\Database\\Query\\Builder.php(3456): Illuminate\\Database\\Connection->insert()
#4 C:\\Eureka\\htdocs\\sanna\\services\\vendor\\laravel\\framework\\src\\Illuminate\\Database\\Query\\Builder.php(3596): Illuminate\\Database\\Query\\Builder->insert()
#5 C:\\Eureka\\htdocs\\sanna\\services\\app\\Http\\Controllers\\RegistroatencionController.php(662): Illuminate\\Database\\Query\\Builder->updateOrInsert()
#6 C:\\Eureka\\htdocs\\sanna\\services\\vendor\\laravel\\framework\\src\\Illuminate\\Routing\\Controller.php(54): App\\Http\\Controllers\\RegistroatencionController->generarHistoriaClinica()
#7 C:\\Eureka\\htdocs\\sanna\\services\\vendor\\laravel\\framework\\src\\Illuminate\\Routing\\ControllerDispatcher.php(43): Illuminate\\Routing\\Controller->callAction()
#8 C:\\Eureka\\htdocs\\sanna\\services\\vendor\\laravel\\framework\\src\\Illuminate\\Routing\\Route.php(259): Illuminate\\Routing\\ControllerDispatcher->dispatch()
#9 C:\\Eureka\\htdocs\\sanna\\services\\vendor\\laravel\\framework\\src\\Illuminate\\Routing\\Route.php(205): Illuminate\\Routing\\Route->runController()
#10 C:\\Eureka\\htdocs\\sanna\\services\\vendor\\laravel\\framework\\src\\Illuminate\\Routing\\Router.php(806): Illuminate\\Routing\\Route->run()
#11 C:\\Eureka\\htdocs\\sanna\\services\\vendor\\laravel\\framework\\src\\Illuminate\\Pipeline\\Pipeline.php(144): Illuminate\\Routing\\Router->Illuminate\\Routing\\{closure}()
#12 C:\\Eureka\\htdocs\\sanna\\services\\app\\Http\\Middleware\\ValidarToken.php(32): Illuminate\\Pipeline\\Pipeline->Illuminate\\Pipeline\\{closure}()
#13 C:\\Eureka\\htdocs\\sanna\\services\\vendor\\laravel\\framework\\src\\Illuminate\\Pipeline\\Pipeline.php(183): App\\Http\\Middleware\\ValidarToken->handle()
#14 C:\\Eureka\\htdocs\\sanna\\services\\vendor\\laravel\\framework\\src\\Illuminate\\Routing\\Middleware\\SubstituteBindings.php(50): Illuminate\\Pipeline\\Pipeline->Illuminate\\Pipeline\\{closure}()
#15 C:\\Eureka\\htdocs\\sanna\\services\\vendor\\laravel\\framework\\src\\Illuminate\\Pipeline\\Pipeline.php(183): Illuminate\\Routing\\Middleware\\SubstituteBindings->handle()
#16 C:\\Eureka\\htdocs\\sanna\\services\\vendor\\laravel\\framework\\src\\Illuminate\\Routing\\Middleware\\ThrottleRequests.php(159): Illuminate\\Pipeline\\Pipeline->Illuminate\\Pipeline\\{closure}()
#17 C:\\Eureka\\htdocs\\sanna\\services\\vendor\\laravel\\framework\\src\\Illuminate\\Routing\\Middleware\\ThrottleRequests.php(125): Illuminate\\Routing\\Middleware\\ThrottleRequests->handleRequest()
#18 C:\\Eureka\\htdocs\\sanna\\services\\vendor\\laravel\\framework\\src\\Illuminate\\Routing\\Middleware\\ThrottleRequests.php(87): Illuminate\\Routing\\Middleware\\ThrottleRequests->handleRequestUsingNamedLimiter()
#19 C:\\Eureka\\htdocs\\sanna\\services\\vendor\\laravel\\framework\\src\\Illuminate\\Pipeline\\Pipeline.php(183): Illuminate\\Routing\\Middleware\\ThrottleRequests->handle()
#20 C:\\Eureka\\htdocs\\sanna\\services\\vendor\\laravel\\framework\\src\\Illuminate\\Pipeline\\Pipeline.php(119): Illuminate\\Pipeline\\Pipeline->Illuminate\\Pipeline\\{closure}()
#21 C:\\Eureka\\htdocs\\sanna\\services\\vendor\\laravel\\framework\\src\\Illuminate\\Routing\\Router.php(805): Illuminate\\Pipeline\\Pipeline->then()
#22 C:\\Eureka\\htdocs\\sanna\\services\\vendor\\laravel\\framework\\src\\Illuminate\\Routing\\Router.php(784): Illuminate\\Routing\\Router->runRouteWithinStack()
#23 C:\\Eureka\\htdocs\\sanna\\services\\vendor\\laravel\\framework\\src\\Illuminate\\Routing\\Router.php(748): Illuminate\\Routing\\Router->runRoute()
#24 C:\\Eureka\\htdocs\\sanna\\services\\vendor\\laravel\\framework\\src\\Illuminate\\Routing\\Router.php(737): Illuminate\\Routing\\Router->dispatchToRoute()
#25 C:\\Eureka\\htdocs\\sanna\\services\\vendor\\laravel\\framework\\src\\Illuminate\\Foundation\\Http\\Kernel.php(200): Illuminate\\Routing\\Router->dispatch()
#26 C:\\Eureka\\htdocs\\sanna\\services\\vendor\\laravel\\framework\\src\\Illuminate\\Pipeline\\Pipeline.php(144): Illuminate\\Foundation\\Http\\Kernel->Illuminate\\Foundation\\Http\\{closure}()
#27 C:\\Eureka\\htdocs\\sanna\\services\\vendor\\laravel\\framework\\src\\Illuminate\\Foundation\\Http\\Middleware\\TransformsRequest.php(21): Illuminate\\Pipeline\\Pipeline->Illuminate\\Pipeline\\{closure}()
#28 C:\\Eureka\\htdocs\\sanna\\services\\vendor\\laravel\\framework\\src\\Illuminate\\Foundation\\Http\\Middleware\\ConvertEmptyStringsToNull.php(31): Illuminate\\Foundation\\Http\\Middleware\\TransformsRequest->handle()
#29 C:\\Eureka\\htdocs\\sanna\\services\\vendor\\laravel\\framework\\src\\Illuminate\\Pipeline\\Pipeline.php(183): Illuminate\\Foundation\\Http\\Middleware\\ConvertEmptyStringsToNull->handle()
#30 C:\\Eureka\\htdocs\\sanna\\services\\vendor\\laravel\\framework\\src\\Illuminate\\Foundation\\Http\\Middleware\\TransformsRequest.php(21): Illuminate\\Pipeline\\Pipeline->Illuminate\\Pipeline\\{closure}()
#31 C:\\Eureka\\htdocs\\sanna\\services\\vendor\\laravel\\framework\\src\\Illuminate\\Foundation\\Http\\Middleware\\TrimStrings.php(40): Illuminate\\Foundation\\Http\\Middleware\\TransformsRequest->handle()
#32 C:\\Eureka\\htdocs\\sanna\\services\\vendor\\laravel\\framework\\src\\Illuminate\\Pipeline\\Pipeline.php(183): Illuminate\\Foundation\\Http\\Middleware\\TrimStrings->handle()
#33 C:\\Eureka\\htdocs\\sanna\\services\\vendor\\laravel\\framework\\src\\Illuminate\\Foundation\\Http\\Middleware\\ValidatePostSize.php(27): Illuminate\\Pipeline\\Pipeline->Illuminate\\Pipeline\\{closure}()
#34 C:\\Eureka\\htdocs\\sanna\\services\\vendor\\laravel\\framework\\src\\Illuminate\\Pipeline\\Pipeline.php(183): Illuminate\\Foundation\\Http\\Middleware\\ValidatePostSize->handle()
#35 C:\\Eureka\\htdocs\\sanna\\services\\vendor\\laravel\\framework\\src\\Illuminate\\Foundation\\Http\\Middleware\\PreventRequestsDuringMaintenance.php(99): Illuminate\\Pipeline\\Pipeline->Illuminate\\Pipeline\\{closure}()
#36 C:\\Eureka\\htdocs\\sanna\\services\\vendor\\laravel\\framework\\src\\Illuminate\\Pipeline\\Pipeline.php(183): Illuminate\\Foundation\\Http\\Middleware\\PreventRequestsDuringMaintenance->handle()
#37 C:\\Eureka\\htdocs\\sanna\\services\\vendor\\laravel\\framework\\src\\Illuminate\\Http\\Middleware\\HandleCors.php(62): Illuminate\\Pipeline\\Pipeline->Illuminate\\Pipeline\\{closure}()
#38 C:\\Eureka\\htdocs\\sanna\\services\\vendor\\laravel\\framework\\src\\Illuminate\\Pipeline\\Pipeline.php(183): Illuminate\\Http\\Middleware\\HandleCors->handle()
#39 C:\\Eureka\\htdocs\\sanna\\services\\vendor\\laravel\\framework\\src\\Illuminate\\Http\\Middleware\\TrustProxies.php(39): Illuminate\\Pipeline\\Pipeline->Illuminate\\Pipeline\\{closure}()
#40 C:\\Eureka\\htdocs\\sanna\\services\\vendor\\laravel\\framework\\src\\Illuminate\\Pipeline\\Pipeline.php(183): Illuminate\\Http\\Middleware\\TrustProxies->handle()
#41 C:\\Eureka\\htdocs\\sanna\\services\\vendor\\laravel\\framework\\src\\Illuminate\\Pipeline\\Pipeline.php(119): Illuminate\\Pipeline\\Pipeline->Illuminate\\Pipeline\\{closure}()
#42 C:\\Eureka\\htdocs\\sanna\\services\\vendor\\laravel\\framework\\src\\Illuminate\\Foundation\\Http\\Kernel.php(175): Illuminate\\Pipeline\\Pipeline->then()
#43 C:\\Eureka\\htdocs\\sanna\\services\\vendor\\laravel\\framework\\src\\Illuminate\\Foundation\\Http\\Kernel.php(144): Illuminate\\Foundation\\Http\\Kernel->sendRequestThroughRouter()
#44 C:\\Eureka\\htdocs\\sanna\\services\\public\\index.php(54): Illuminate\\Foundation\\Http\\Kernel->handle()
#45 {main}

[previous exception] [object] (PDOException(code: 22018): SQLSTATE[22018]: [Microsoft][ODBC Driver 17 for SQL Server][SQL Server]Conversion failed when converting the nvarchar value '9.' to data type int. at C:\\Eureka\\htdocs\\sanna\\services\\vendor\\laravel\\framework\\src\\Illuminate\\Database\\Connection.php:587)
[stacktrace]
#0 C:\\Eureka\\htdocs\\sanna\\services\\vendor\\laravel\\framework\\src\\Illuminate\\Database\\Connection.php(587): PDOStatement->execute()
#1 C:\\Eureka\\htdocs\\sanna\\services\\vendor\\laravel\\framework\\src\\Illuminate\\Database\\Connection.php(816): Illuminate\\Database\\Connection->Illuminate\\Database\\{closure}()
#2 C:\\Eureka\\htdocs\\sanna\\services\\vendor\\laravel\\framework\\src\\Illuminate\\Database\\Connection.php(783): Illuminate\\Database\\Connection->runQueryCallback()
#3 C:\\Eureka\\htdocs\\sanna\\services\\vendor\\laravel\\framework\\src\\Illuminate\\Database\\Connection.php(576): Illuminate\\Database\\Connection->run()
#4 C:\\Eureka\\htdocs\\sanna\\services\\vendor\\laravel\\framework\\src\\Illuminate\\Database\\Connection.php(540): Illuminate\\Database\\Connection->statement()
#5 C:\\Eureka\\htdocs\\sanna\\services\\vendor\\laravel\\framework\\src\\Illuminate\\Database\\Query\\Builder.php(3456): Illuminate\\Database\\Connection->insert()
#6 C:\\Eureka\\htdocs\\sanna\\services\\vendor\\laravel\\framework\\src\\Illuminate\\Database\\Query\\Builder.php(3596): Illuminate\\Database\\Query\\Builder->insert()
#7 C:\\Eureka\\htdocs\\sanna\\services\\app\\Http\\Controllers\\RegistroatencionController.php(662): Illuminate\\Database\\Query\\Builder->updateOrInsert()
#8 C:\\Eureka\\htdocs\\sanna\\services\\vendor\\laravel\\framework\\src\\Illuminate\\Routing\\Controller.php(54): App\\Http\\Controllers\\RegistroatencionController->generarHistoriaClinica()
#9 C:\\Eureka\\htdocs\\sanna\\services\\vendor\\laravel\\framework\\src\\Illuminate\\Routing\\ControllerDispatcher.php(43): Illuminate\\Routing\\Controller->callAction()
#10 C:\\Eureka\\htdocs\\sanna\\services\\vendor\\laravel\\framework\\src\\Illuminate\\Routing\\Route.php(259): Illuminate\\Routing\\ControllerDispatcher->dispatch()
#11 C:\\Eureka\\htdocs\\sanna\\services\\vendor\\laravel\\framework\\src\\Illuminate\\Routing\\Route.php(205): Illuminate\\Routing\\Route->runController()
#12 C:\\Eureka\\htdocs\\sanna\\services\\vendor\\laravel\\framework\\src\\Illuminate\\Routing\\Router.php(806): Illuminate\\Routing\\Route->run()
#13 C:\\Eureka\\htdocs\\sanna\\services\\vendor\\laravel\\framework\\src\\Illuminate\\Pipeline\\Pipeline.php(144): Illuminate\\Routing\\Router->Illuminate\\Routing\\{closure}()
#14 C:\\Eureka\\htdocs\\sanna\\services\\app\\Http\\Middleware\\ValidarToken.php(32): Illuminate\\Pipeline\\Pipeline->Illuminate\\Pipeline\\{closure}()
#15 C:\\Eureka\\htdocs\\sanna\\services\\vendor\\laravel\\framework\\src\\Illuminate\\Pipeline\\Pipeline.php(183): App\\Http\\Middleware\\ValidarToken->handle()
#16 C:\\Eureka\\htdocs\\sanna\\services\\vendor\\laravel\\framework\\src\\Illuminate\\Routing\\Middleware\\SubstituteBindings.php(50): Illuminate\\Pipeline\\Pipeline->Illuminate\\Pipeline\\{closure}()
#17 C:\\Eureka\\htdocs\\sanna\\services\\vendor\\laravel\\framework\\src\\Illuminate\\Pipeline\\Pipeline.php(183): Illuminate\\Routing\\Middleware\\SubstituteBindings->handle()
#18 C:\\Eureka\\htdocs\\sanna\\services\\vendor\\laravel\\framework\\src\\Illuminate\\Routing\\Middleware\\ThrottleRequests.php(159): Illuminate\\Pipeline\\Pipeline->Illuminate\\Pipeline\\{closure}()
#19 C:\\Eureka\\htdocs\\sanna\\services\\vendor\\laravel\\framework\\src\\Illuminate\\Routing\\Middleware\\ThrottleRequests.php(125): Illuminate\\Routing\\Middleware\\ThrottleRequests->handleRequest()
#20 C:\\Eureka\\htdocs\\sanna\\services\\vendor\\laravel\\framework\\src\\Illuminate\\Routing\\Middleware\\ThrottleRequests.php(87): Illuminate\\Routing\\Middleware\\ThrottleRequests->handleRequestUsingNamedLimiter()
#21 C:\\Eureka\\htdocs\\sanna\\services\\vendor\\laravel\\framework\\src\\Illuminate\\Pipeline\\Pipeline.php(183): Illuminate\\Routing\\Middleware\\ThrottleRequests->handle()
#22 C:\\Eureka\\htdocs\\sanna\\services\\vendor\\laravel\\framework\\src\\Illuminate\\Pipeline\\Pipeline.php(119): Illuminate\\Pipeline\\Pipeline->Illuminate\\Pipeline\\{closure}()
#23 C:\\Eureka\\htdocs\\sanna\\services\\vendor\\laravel\\framework\\src\\Illuminate\\Routing\\Router.php(805): Illuminate\\Pipeline\\Pipeline->then()
#24 C:\\Eureka\\htdocs\\sanna\\services\\vendor\\laravel\\framework\\src\\Illuminate\\Routing\\Router.php(784): Illuminate\\Routing\\Router->runRouteWithinStack()
#25 C:\\Eureka\\htdocs\\sanna\\services\\vendor\\laravel\\framework\\src\\Illuminate\\Routing\\Router.php(748): Illuminate\\Routing\\Router->runRoute()
#26 C:\\Eureka\\htdocs\\sanna\\services\\vendor\\laravel\\framework\\src\\Illuminate\\Routing\\Router.php(737): Illuminate\\Routing\\Router->dispatchToRoute()
#27 C:\\Eureka\\htdocs\\sanna\\services\\vendor\\laravel\\framework\\src\\Illuminate\\Foundation\\Http\\Kernel.php(200): Illuminate\\Routing\\Router->dispatch()
#28 C:\\Eureka\\htdocs\\sanna\\services\\vendor\\laravel\\framework\\src\\Illuminate\\Pipeline\\Pipeline.php(144): Illuminate\\Foundation\\Http\\Kernel->Illuminate\\Foundation\\Http\\{closure}()
#29 C:\\Eureka\\htdocs\\sanna\\services\\vendor\\laravel\\framework\\src\\Illuminate\\Foundation\\Http\\Middleware\\TransformsRequest.php(21): Illuminate\\Pipeline\\Pipeline->Illuminate\\Pipeline\\{closure}()
#30 C:\\Eureka\\htdocs\\sanna\\services\\vendor\\laravel\\framework\\src\\Illuminate\\Foundation\\Http\\Middleware\\ConvertEmptyStringsToNull.php(31): Illuminate\\Foundation\\Http\\Middleware\\TransformsRequest->handle()
#31 C:\\Eureka\\htdocs\\sanna\\services\\vendor\\laravel\\framework\\src\\Illuminate\\Pipeline\\Pipeline.php(183): Illuminate\\Foundation\\Http\\Middleware\\ConvertEmptyStringsToNull->handle()
#32 C:\\Eureka\\htdocs\\sanna\\services\\vendor\\laravel\\framework\\src\\Illuminate\\Foundation\\Http\\Middleware\\TransformsRequest.php(21): Illuminate\\Pipeline\\Pipeline->Illuminate\\Pipeline\\{closure}()
#33 C:\\Eureka\\htdocs\\sanna\\services\\vendor\\laravel\\framework\\src\\Illuminate\\Foundation\\Http\\Middleware\\TrimStrings.php(40): Illuminate\\Foundation\\Http\\Middleware\\TransformsRequest->handle()
#34 C:\\Eureka\\htdocs\\sanna\\services\\vendor\\laravel\\framework\\src\\Illuminate\\Pipeline\\Pipeline.php(183): Illuminate\\Foundation\\Http\\Middleware\\TrimStrings->handle()
#35 C:\\Eureka\\htdocs\\sanna\\services\\vendor\\laravel\\framework\\src\\Illuminate\\Foundation\\Http\\Middleware\\ValidatePostSize.php(27): Illuminate\\Pipeline\\Pipeline->Illuminate\\Pipeline\\{closure}()
#36 C:\\Eureka\\htdocs\\sanna\\services\\vendor\\laravel\\framework\\src\\Illuminate\\Pipeline\\Pipeline.php(183): Illuminate\\Foundation\\Http\\Middleware\\ValidatePostSize->handle()
#37 C:\\Eureka\\htdocs\\sanna\\services\\vendor\\laravel\\framework\\src\\Illuminate\\Foundation\\Http\\Middleware\\PreventRequestsDuringMaintenance.php(99): Illuminate\\Pipeline\\Pipeline->Illuminate\\Pipeline\\{closure}()
#38 C:\\Eureka\\htdocs\\sanna\\services\\vendor\\laravel\\framework\\src\\Illuminate\\Pipeline\\Pipeline.php(183): Illuminate\\Foundation\\Http\\Middleware\\PreventRequestsDuringMaintenance->handle()
#39 C:\\Eureka\\htdocs\\sanna\\services\\vendor\\laravel\\framework\\src\\Illuminate\\Http\\Middleware\\HandleCors.php(62): Illuminate\\Pipeline\\Pipeline->Illuminate\\Pipeline\\{closure}()
#40 C:\\Eureka\\htdocs\\sanna\\services\\vendor\\laravel\\framework\\src\\Illuminate\\Pipeline\\Pipeline.php(183): Illuminate\\Http\\Middleware\\HandleCors->handle()
#41 C:\\Eureka\\htdocs\\sanna\\services\\vendor\\laravel\\framework\\src\\Illuminate\\Http\\Middleware\\TrustProxies.php(39): Illuminate\\Pipeline\\Pipeline->Illuminate\\Pipeline\\{closure}()
#42 C:\\Eureka\\htdocs\\sanna\\services\\vendor\\laravel\\framework\\src\\Illuminate\\Pipeline\\Pipeline.php(183): Illuminate\\Http\\Middleware\\TrustProxies->handle()
#43 C:\\Eureka\\htdocs\\sanna\\services\\vendor\\laravel\\framework\\src\\Illuminate\\Pipeline\\Pipeline.php(119): Illuminate\\Pipeline\\Pipeline->Illuminate\\Pipeline\\{closure}()
#44 C:\\Eureka\\htdocs\\sanna\\services\\vendor\\laravel\\framework\\src\\Illuminate\\Foundation\\Http\\Kernel.php(175): Illuminate\\Pipeline\\Pipeline->then()
#45 C:\\Eureka\\htdocs\\sanna\\services\\vendor\\laravel\\framework\\src\\Illuminate\\Foundation\\Http\\Kernel.php(144): Illuminate\\Foundation\\Http\\Kernel->sendRequestThroughRouter()
#46 C:\\Eureka\\htdocs\\sanna\\services\\public\\index.php(54): Illuminate\\Foundation\\Http\\Kernel->handle()
#47 {main}
"} 
[2025-06-10 16:42:15] local.ERROR: SQLSTATE[22018]: [Microsoft][ODBC Driver 17 for SQL Server][SQL Server]Conversion failed when converting the nvarchar value '9.' to data type int. (Connection: sqlsrv, SQL: insert into [afiliados] ([dni], [nombres], [ape_paterno], [ape_materno], [direccion], [telf1], [telf2], [manejodatos], [hoja_filiacion]) values (70285861, ESTEFANI PILAR, RODRIGUEZ, PALOMO, ., 9., , 1, {"NombreContratante":"-1","codigo_afi":"","etnia":"","idioma":"","religion":".","email":"Pilarrodriguez1879@gmail.com","estadocivil":"soltero(a)","gradoinstitucion":",","ocupacion":".","procedencia":".","no_patologico":[{"id":"100","nombre":"Niega","txt":null}],"patologicos":[{"id":"100","nombre":"Niega","txt":null}],"quirurgico":"","padres":"Niega","abuelos":"Niega","hermanos":"Niega","conyugue":"Niega","persona_responsable":".","celular_responsble":".","tlf_casa_paciente":"."})) {"userId":1367,"exception":"[object] (Illuminate\\Database\\QueryException(code: 22018): SQLSTATE[22018]: [Microsoft][ODBC Driver 17 for SQL Server][SQL Server]Conversion failed when converting the nvarchar value '9.' to data type int. (Connection: sqlsrv, SQL: insert into [afiliados] ([dni], [nombres], [ape_paterno], [ape_materno], [direccion], [telf1], [telf2], [manejodatos], [hoja_filiacion]) values (70285861, ESTEFANI PILAR, RODRIGUEZ, PALOMO, ., 9., , 1, {\"NombreContratante\":\"-1\",\"codigo_afi\":\"\",\"etnia\":\"\",\"idioma\":\"\",\"religion\":\".\",\"email\":\"Pilarrodriguez1879@gmail.com\",\"estadocivil\":\"soltero(a)\",\"gradoinstitucion\":\",\",\"ocupacion\":\".\",\"procedencia\":\".\",\"no_patologico\":[{\"id\":\"100\",\"nombre\":\"Niega\",\"txt\":null}],\"patologicos\":[{\"id\":\"100\",\"nombre\":\"Niega\",\"txt\":null}],\"quirurgico\":\"\",\"padres\":\"Niega\",\"abuelos\":\"Niega\",\"hermanos\":\"Niega\",\"conyugue\":\"Niega\",\"persona_responsable\":\".\",\"celular_responsble\":\".\",\"tlf_casa_paciente\":\".\"})) at C:\\Eureka\\htdocs\\sanna\\services\\vendor\\laravel\\framework\\src\\Illuminate\\Database\\Connection.php:829)
[stacktrace]
#0 C:\\Eureka\\htdocs\\sanna\\services\\vendor\\laravel\\framework\\src\\Illuminate\\Database\\Connection.php(783): Illuminate\\Database\\Connection->runQueryCallback()
#1 C:\\Eureka\\htdocs\\sanna\\services\\vendor\\laravel\\framework\\src\\Illuminate\\Database\\Connection.php(576): Illuminate\\Database\\Connection->run()
#2 C:\\Eureka\\htdocs\\sanna\\services\\vendor\\laravel\\framework\\src\\Illuminate\\Database\\Connection.php(540): Illuminate\\Database\\Connection->statement()
#3 C:\\Eureka\\htdocs\\sanna\\services\\vendor\\laravel\\framework\\src\\Illuminate\\Database\\Query\\Builder.php(3456): Illuminate\\Database\\Connection->insert()
#4 C:\\Eureka\\htdocs\\sanna\\services\\vendor\\laravel\\framework\\src\\Illuminate\\Database\\Query\\Builder.php(3596): Illuminate\\Database\\Query\\Builder->insert()
#5 C:\\Eureka\\htdocs\\sanna\\services\\app\\Http\\Controllers\\RegistroatencionController.php(662): Illuminate\\Database\\Query\\Builder->updateOrInsert()
#6 C:\\Eureka\\htdocs\\sanna\\services\\vendor\\laravel\\framework\\src\\Illuminate\\Routing\\Controller.php(54): App\\Http\\Controllers\\RegistroatencionController->generarHistoriaClinica()
#7 C:\\Eureka\\htdocs\\sanna\\services\\vendor\\laravel\\framework\\src\\Illuminate\\Routing\\ControllerDispatcher.php(43): Illuminate\\Routing\\Controller->callAction()
#8 C:\\Eureka\\htdocs\\sanna\\services\\vendor\\laravel\\framework\\src\\Illuminate\\Routing\\Route.php(259): Illuminate\\Routing\\ControllerDispatcher->dispatch()
#9 C:\\Eureka\\htdocs\\sanna\\services\\vendor\\laravel\\framework\\src\\Illuminate\\Routing\\Route.php(205): Illuminate\\Routing\\Route->runController()
#10 C:\\Eureka\\htdocs\\sanna\\services\\vendor\\laravel\\framework\\src\\Illuminate\\Routing\\Router.php(806): Illuminate\\Routing\\Route->run()
#11 C:\\Eureka\\htdocs\\sanna\\services\\vendor\\laravel\\framework\\src\\Illuminate\\Pipeline\\Pipeline.php(144): Illuminate\\Routing\\Router->Illuminate\\Routing\\{closure}()
#12 C:\\Eureka\\htdocs\\sanna\\services\\app\\Http\\Middleware\\ValidarToken.php(32): Illuminate\\Pipeline\\Pipeline->Illuminate\\Pipeline\\{closure}()
#13 C:\\Eureka\\htdocs\\sanna\\services\\vendor\\laravel\\framework\\src\\Illuminate\\Pipeline\\Pipeline.php(183): App\\Http\\Middleware\\ValidarToken->handle()
#14 C:\\Eureka\\htdocs\\sanna\\services\\vendor\\laravel\\framework\\src\\Illuminate\\Routing\\Middleware\\SubstituteBindings.php(50): Illuminate\\Pipeline\\Pipeline->Illuminate\\Pipeline\\{closure}()
#15 C:\\Eureka\\htdocs\\sanna\\services\\vendor\\laravel\\framework\\src\\Illuminate\\Pipeline\\Pipeline.php(183): Illuminate\\Routing\\Middleware\\SubstituteBindings->handle()
#16 C:\\Eureka\\htdocs\\sanna\\services\\vendor\\laravel\\framework\\src\\Illuminate\\Routing\\Middleware\\ThrottleRequests.php(159): Illuminate\\Pipeline\\Pipeline->Illuminate\\Pipeline\\{closure}()
#17 C:\\Eureka\\htdocs\\sanna\\services\\vendor\\laravel\\framework\\src\\Illuminate\\Routing\\Middleware\\ThrottleRequests.php(125): Illuminate\\Routing\\Middleware\\ThrottleRequests->handleRequest()
#18 C:\\Eureka\\htdocs\\sanna\\services\\vendor\\laravel\\framework\\src\\Illuminate\\Routing\\Middleware\\ThrottleRequests.php(87): Illuminate\\Routing\\Middleware\\ThrottleRequests->handleRequestUsingNamedLimiter()
#19 C:\\Eureka\\htdocs\\sanna\\services\\vendor\\laravel\\framework\\src\\Illuminate\\Pipeline\\Pipeline.php(183): Illuminate\\Routing\\Middleware\\ThrottleRequests->handle()
#20 C:\\Eureka\\htdocs\\sanna\\services\\vendor\\laravel\\framework\\src\\Illuminate\\Pipeline\\Pipeline.php(119): Illuminate\\Pipeline\\Pipeline->Illuminate\\Pipeline\\{closure}()
#21 C:\\Eureka\\htdocs\\sanna\\services\\vendor\\laravel\\framework\\src\\Illuminate\\Routing\\Router.php(805): Illuminate\\Pipeline\\Pipeline->then()
#22 C:\\Eureka\\htdocs\\sanna\\services\\vendor\\laravel\\framework\\src\\Illuminate\\Routing\\Router.php(784): Illuminate\\Routing\\Router->runRouteWithinStack()
#23 C:\\Eureka\\htdocs\\sanna\\services\\vendor\\laravel\\framework\\src\\Illuminate\\Routing\\Router.php(748): Illuminate\\Routing\\Router->runRoute()
#24 C:\\Eureka\\htdocs\\sanna\\services\\vendor\\laravel\\framework\\src\\Illuminate\\Routing\\Router.php(737): Illuminate\\Routing\\Router->dispatchToRoute()
#25 C:\\Eureka\\htdocs\\sanna\\services\\vendor\\laravel\\framework\\src\\Illuminate\\Foundation\\Http\\Kernel.php(200): Illuminate\\Routing\\Router->dispatch()
#26 C:\\Eureka\\htdocs\\sanna\\services\\vendor\\laravel\\framework\\src\\Illuminate\\Pipeline\\Pipeline.php(144): Illuminate\\Foundation\\Http\\Kernel->Illuminate\\Foundation\\Http\\{closure}()
#27 C:\\Eureka\\htdocs\\sanna\\services\\vendor\\laravel\\framework\\src\\Illuminate\\Foundation\\Http\\Middleware\\TransformsRequest.php(21): Illuminate\\Pipeline\\Pipeline->Illuminate\\Pipeline\\{closure}()
#28 C:\\Eureka\\htdocs\\sanna\\services\\vendor\\laravel\\framework\\src\\Illuminate\\Foundation\\Http\\Middleware\\ConvertEmptyStringsToNull.php(31): Illuminate\\Foundation\\Http\\Middleware\\TransformsRequest->handle()
#29 C:\\Eureka\\htdocs\\sanna\\services\\vendor\\laravel\\framework\\src\\Illuminate\\Pipeline\\Pipeline.php(183): Illuminate\\Foundation\\Http\\Middleware\\ConvertEmptyStringsToNull->handle()
#30 C:\\Eureka\\htdocs\\sanna\\services\\vendor\\laravel\\framework\\src\\Illuminate\\Foundation\\Http\\Middleware\\TransformsRequest.php(21): Illuminate\\Pipeline\\Pipeline->Illuminate\\Pipeline\\{closure}()
#31 C:\\Eureka\\htdocs\\sanna\\services\\vendor\\laravel\\framework\\src\\Illuminate\\Foundation\\Http\\Middleware\\TrimStrings.php(40): Illuminate\\Foundation\\Http\\Middleware\\TransformsRequest->handle()
#32 C:\\Eureka\\htdocs\\sanna\\services\\vendor\\laravel\\framework\\src\\Illuminate\\Pipeline\\Pipeline.php(183): Illuminate\\Foundation\\Http\\Middleware\\TrimStrings->handle()
#33 C:\\Eureka\\htdocs\\sanna\\services\\vendor\\laravel\\framework\\src\\Illuminate\\Foundation\\Http\\Middleware\\ValidatePostSize.php(27): Illuminate\\Pipeline\\Pipeline->Illuminate\\Pipeline\\{closure}()
#34 C:\\Eureka\\htdocs\\sanna\\services\\vendor\\laravel\\framework\\src\\Illuminate\\Pipeline\\Pipeline.php(183): Illuminate\\Foundation\\Http\\Middleware\\ValidatePostSize->handle()
#35 C:\\Eureka\\htdocs\\sanna\\services\\vendor\\laravel\\framework\\src\\Illuminate\\Foundation\\Http\\Middleware\\PreventRequestsDuringMaintenance.php(99): Illuminate\\Pipeline\\Pipeline->Illuminate\\Pipeline\\{closure}()
#36 C:\\Eureka\\htdocs\\sanna\\services\\vendor\\laravel\\framework\\src\\Illuminate\\Pipeline\\Pipeline.php(183): Illuminate\\Foundation\\Http\\Middleware\\PreventRequestsDuringMaintenance->handle()
#37 C:\\Eureka\\htdocs\\sanna\\services\\vendor\\laravel\\framework\\src\\Illuminate\\Http\\Middleware\\HandleCors.php(62): Illuminate\\Pipeline\\Pipeline->Illuminate\\Pipeline\\{closure}()
#38 C:\\Eureka\\htdocs\\sanna\\services\\vendor\\laravel\\framework\\src\\Illuminate\\Pipeline\\Pipeline.php(183): Illuminate\\Http\\Middleware\\HandleCors->handle()
#39 C:\\Eureka\\htdocs\\sanna\\services\\vendor\\laravel\\framework\\src\\Illuminate\\Http\\Middleware\\TrustProxies.php(39): Illuminate\\Pipeline\\Pipeline->Illuminate\\Pipeline\\{closure}()
#40 C:\\Eureka\\htdocs\\sanna\\services\\vendor\\laravel\\framework\\src\\Illuminate\\Pipeline\\Pipeline.php(183): Illuminate\\Http\\Middleware\\TrustProxies->handle()
#41 C:\\Eureka\\htdocs\\sanna\\services\\vendor\\laravel\\framework\\src\\Illuminate\\Pipeline\\Pipeline.php(119): Illuminate\\Pipeline\\Pipeline->Illuminate\\Pipeline\\{closure}()
#42 C:\\Eureka\\htdocs\\sanna\\services\\vendor\\laravel\\framework\\src\\Illuminate\\Foundation\\Http\\Kernel.php(175): Illuminate\\Pipeline\\Pipeline->then()
#43 C:\\Eureka\\htdocs\\sanna\\services\\vendor\\laravel\\framework\\src\\Illuminate\\Foundation\\Http\\Kernel.php(144): Illuminate\\Foundation\\Http\\Kernel->sendRequestThroughRouter()
#44 C:\\Eureka\\htdocs\\sanna\\services\\public\\index.php(54): Illuminate\\Foundation\\Http\\Kernel->handle()
#45 {main}

[previous exception] [object] (PDOException(code: 22018): SQLSTATE[22018]: [Microsoft][ODBC Driver 17 for SQL Server][SQL Server]Conversion failed when converting the nvarchar value '9.' to data type int. at C:\\Eureka\\htdocs\\sanna\\services\\vendor\\laravel\\framework\\src\\Illuminate\\Database\\Connection.php:587)
[stacktrace]
#0 C:\\Eureka\\htdocs\\sanna\\services\\vendor\\laravel\\framework\\src\\Illuminate\\Database\\Connection.php(587): PDOStatement->execute()
#1 C:\\Eureka\\htdocs\\sanna\\services\\vendor\\laravel\\framework\\src\\Illuminate\\Database\\Connection.php(816): Illuminate\\Database\\Connection->Illuminate\\Database\\{closure}()
#2 C:\\Eureka\\htdocs\\sanna\\services\\vendor\\laravel\\framework\\src\\Illuminate\\Database\\Connection.php(783): Illuminate\\Database\\Connection->runQueryCallback()
#3 C:\\Eureka\\htdocs\\sanna\\services\\vendor\\laravel\\framework\\src\\Illuminate\\Database\\Connection.php(576): Illuminate\\Database\\Connection->run()
#4 C:\\Eureka\\htdocs\\sanna\\services\\vendor\\laravel\\framework\\src\\Illuminate\\Database\\Connection.php(540): Illuminate\\Database\\Connection->statement()
#5 C:\\Eureka\\htdocs\\sanna\\services\\vendor\\laravel\\framework\\src\\Illuminate\\Database\\Query\\Builder.php(3456): Illuminate\\Database\\Connection->insert()
#6 C:\\Eureka\\htdocs\\sanna\\services\\vendor\\laravel\\framework\\src\\Illuminate\\Database\\Query\\Builder.php(3596): Illuminate\\Database\\Query\\Builder->insert()
#7 C:\\Eureka\\htdocs\\sanna\\services\\app\\Http\\Controllers\\RegistroatencionController.php(662): Illuminate\\Database\\Query\\Builder->updateOrInsert()
#8 C:\\Eureka\\htdocs\\sanna\\services\\vendor\\laravel\\framework\\src\\Illuminate\\Routing\\Controller.php(54): App\\Http\\Controllers\\RegistroatencionController->generarHistoriaClinica()
#9 C:\\Eureka\\htdocs\\sanna\\services\\vendor\\laravel\\framework\\src\\Illuminate\\Routing\\ControllerDispatcher.php(43): Illuminate\\Routing\\Controller->callAction()
#10 C:\\Eureka\\htdocs\\sanna\\services\\vendor\\laravel\\framework\\src\\Illuminate\\Routing\\Route.php(259): Illuminate\\Routing\\ControllerDispatcher->dispatch()
#11 C:\\Eureka\\htdocs\\sanna\\services\\vendor\\laravel\\framework\\src\\Illuminate\\Routing\\Route.php(205): Illuminate\\Routing\\Route->runController()
#12 C:\\Eureka\\htdocs\\sanna\\services\\vendor\\laravel\\framework\\src\\Illuminate\\Routing\\Router.php(806): Illuminate\\Routing\\Route->run()
#13 C:\\Eureka\\htdocs\\sanna\\services\\vendor\\laravel\\framework\\src\\Illuminate\\Pipeline\\Pipeline.php(144): Illuminate\\Routing\\Router->Illuminate\\Routing\\{closure}()
#14 C:\\Eureka\\htdocs\\sanna\\services\\app\\Http\\Middleware\\ValidarToken.php(32): Illuminate\\Pipeline\\Pipeline->Illuminate\\Pipeline\\{closure}()
#15 C:\\Eureka\\htdocs\\sanna\\services\\vendor\\laravel\\framework\\src\\Illuminate\\Pipeline\\Pipeline.php(183): App\\Http\\Middleware\\ValidarToken->handle()
#16 C:\\Eureka\\htdocs\\sanna\\services\\vendor\\laravel\\framework\\src\\Illuminate\\Routing\\Middleware\\SubstituteBindings.php(50): Illuminate\\Pipeline\\Pipeline->Illuminate\\Pipeline\\{closure}()
#17 C:\\Eureka\\htdocs\\sanna\\services\\vendor\\laravel\\framework\\src\\Illuminate\\Pipeline\\Pipeline.php(183): Illuminate\\Routing\\Middleware\\SubstituteBindings->handle()
#18 C:\\Eureka\\htdocs\\sanna\\services\\vendor\\laravel\\framework\\src\\Illuminate\\Routing\\Middleware\\ThrottleRequests.php(159): Illuminate\\Pipeline\\Pipeline->Illuminate\\Pipeline\\{closure}()
#19 C:\\Eureka\\htdocs\\sanna\\services\\vendor\\laravel\\framework\\src\\Illuminate\\Routing\\Middleware\\ThrottleRequests.php(125): Illuminate\\Routing\\Middleware\\ThrottleRequests->handleRequest()
#20 C:\\Eureka\\htdocs\\sanna\\services\\vendor\\laravel\\framework\\src\\Illuminate\\Routing\\Middleware\\ThrottleRequests.php(87): Illuminate\\Routing\\Middleware\\ThrottleRequests->handleRequestUsingNamedLimiter()
#21 C:\\Eureka\\htdocs\\sanna\\services\\vendor\\laravel\\framework\\src\\Illuminate\\Pipeline\\Pipeline.php(183): Illuminate\\Routing\\Middleware\\ThrottleRequests->handle()
#22 C:\\Eureka\\htdocs\\sanna\\services\\vendor\\laravel\\framework\\src\\Illuminate\\Pipeline\\Pipeline.php(119): Illuminate\\Pipeline\\Pipeline->Illuminate\\Pipeline\\{closure}()
#23 C:\\Eureka\\htdocs\\sanna\\services\\vendor\\laravel\\framework\\src\\Illuminate\\Routing\\Router.php(805): Illuminate\\Pipeline\\Pipeline->then()
#24 C:\\Eureka\\htdocs\\sanna\\services\\vendor\\laravel\\framework\\src\\Illuminate\\Routing\\Router.php(784): Illuminate\\Routing\\Router->runRouteWithinStack()
#25 C:\\Eureka\\htdocs\\sanna\\services\\vendor\\laravel\\framework\\src\\Illuminate\\Routing\\Router.php(748): Illuminate\\Routing\\Router->runRoute()
#26 C:\\Eureka\\htdocs\\sanna\\services\\vendor\\laravel\\framework\\src\\Illuminate\\Routing\\Router.php(737): Illuminate\\Routing\\Router->dispatchToRoute()
#27 C:\\Eureka\\htdocs\\sanna\\services\\vendor\\laravel\\framework\\src\\Illuminate\\Foundation\\Http\\Kernel.php(200): Illuminate\\Routing\\Router->dispatch()
#28 C:\\Eureka\\htdocs\\sanna\\services\\vendor\\laravel\\framework\\src\\Illuminate\\Pipeline\\Pipeline.php(144): Illuminate\\Foundation\\Http\\Kernel->Illuminate\\Foundation\\Http\\{closure}()
#29 C:\\Eureka\\htdocs\\sanna\\services\\vendor\\laravel\\framework\\src\\Illuminate\\Foundation\\Http\\Middleware\\TransformsRequest.php(21): Illuminate\\Pipeline\\Pipeline->Illuminate\\Pipeline\\{closure}()
#30 C:\\Eureka\\htdocs\\sanna\\services\\vendor\\laravel\\framework\\src\\Illuminate\\Foundation\\Http\\Middleware\\ConvertEmptyStringsToNull.php(31): Illuminate\\Foundation\\Http\\Middleware\\TransformsRequest->handle()
#31 C:\\Eureka\\htdocs\\sanna\\services\\vendor\\laravel\\framework\\src\\Illuminate\\Pipeline\\Pipeline.php(183): Illuminate\\Foundation\\Http\\Middleware\\ConvertEmptyStringsToNull->handle()
#32 C:\\Eureka\\htdocs\\sanna\\services\\vendor\\laravel\\framework\\src\\Illuminate\\Foundation\\Http\\Middleware\\TransformsRequest.php(21): Illuminate\\Pipeline\\Pipeline->Illuminate\\Pipeline\\{closure}()
#33 C:\\Eureka\\htdocs\\sanna\\services\\vendor\\laravel\\framework\\src\\Illuminate\\Foundation\\Http\\Middleware\\TrimStrings.php(40): Illuminate\\Foundation\\Http\\Middleware\\TransformsRequest->handle()
#34 C:\\Eureka\\htdocs\\sanna\\services\\vendor\\laravel\\framework\\src\\Illuminate\\Pipeline\\Pipeline.php(183): Illuminate\\Foundation\\Http\\Middleware\\TrimStrings->handle()
#35 C:\\Eureka\\htdocs\\sanna\\services\\vendor\\laravel\\framework\\src\\Illuminate\\Foundation\\Http\\Middleware\\ValidatePostSize.php(27): Illuminate\\Pipeline\\Pipeline->Illuminate\\Pipeline\\{closure}()
#36 C:\\Eureka\\htdocs\\sanna\\services\\vendor\\laravel\\framework\\src\\Illuminate\\Pipeline\\Pipeline.php(183): Illuminate\\Foundation\\Http\\Middleware\\ValidatePostSize->handle()
#37 C:\\Eureka\\htdocs\\sanna\\services\\vendor\\laravel\\framework\\src\\Illuminate\\Foundation\\Http\\Middleware\\PreventRequestsDuringMaintenance.php(99): Illuminate\\Pipeline\\Pipeline->Illuminate\\Pipeline\\{closure}()
#38 C:\\Eureka\\htdocs\\sanna\\services\\vendor\\laravel\\framework\\src\\Illuminate\\Pipeline\\Pipeline.php(183): Illuminate\\Foundation\\Http\\Middleware\\PreventRequestsDuringMaintenance->handle()
#39 C:\\Eureka\\htdocs\\sanna\\services\\vendor\\laravel\\framework\\src\\Illuminate\\Http\\Middleware\\HandleCors.php(62): Illuminate\\Pipeline\\Pipeline->Illuminate\\Pipeline\\{closure}()
#40 C:\\Eureka\\htdocs\\sanna\\services\\vendor\\laravel\\framework\\src\\Illuminate\\Pipeline\\Pipeline.php(183): Illuminate\\Http\\Middleware\\HandleCors->handle()
#41 C:\\Eureka\\htdocs\\sanna\\services\\vendor\\laravel\\framework\\src\\Illuminate\\Http\\Middleware\\TrustProxies.php(39): Illuminate\\Pipeline\\Pipeline->Illuminate\\Pipeline\\{closure}()
#42 C:\\Eureka\\htdocs\\sanna\\services\\vendor\\laravel\\framework\\src\\Illuminate\\Pipeline\\Pipeline.php(183): Illuminate\\Http\\Middleware\\TrustProxies->handle()
#43 C:\\Eureka\\htdocs\\sanna\\services\\vendor\\laravel\\framework\\src\\Illuminate\\Pipeline\\Pipeline.php(119): Illuminate\\Pipeline\\Pipeline->Illuminate\\Pipeline\\{closure}()
#44 C:\\Eureka\\htdocs\\sanna\\services\\vendor\\laravel\\framework\\src\\Illuminate\\Foundation\\Http\\Kernel.php(175): Illuminate\\Pipeline\\Pipeline->then()
#45 C:\\Eureka\\htdocs\\sanna\\services\\vendor\\laravel\\framework\\src\\Illuminate\\Foundation\\Http\\Kernel.php(144): Illuminate\\Foundation\\Http\\Kernel->sendRequestThroughRouter()
#46 C:\\Eureka\\htdocs\\sanna\\services\\public\\index.php(54): Illuminate\\Foundation\\Http\\Kernel->handle()
#47 {main}
"} 
[2025-06-10 16:43:38] local.ERROR: SQLSTATE[22018]: [Microsoft][ODBC Driver 17 for SQL Server][SQL Server]Conversion failed when converting the nvarchar value '9.' to data type int. (Connection: sqlsrv, SQL: insert into [afiliados] ([dni], [nombres], [ape_paterno], [ape_materno], [direccion], [telf1], [telf2], [manejodatos], [hoja_filiacion]) values (70285861, ESTEFANI PILAR, RODRIGUEZ, PALOMO, ., 9., , 1, {"NombreContratante":"-1","codigo_afi":"","etnia":"","idioma":"","religion":".","email":"Pilarrodriguez1879@gmail.com","estadocivil":"soltero(a)","gradoinstitucion":",","ocupacion":".","procedencia":".","no_patologico":[{"id":"100","nombre":"Niega","txt":null}],"patologicos":[{"id":"100","nombre":"Niega","txt":null}],"quirurgico":"","padres":"Niega","abuelos":"Niega","hermanos":"Niega","conyugue":"Niega","persona_responsable":".","celular_responsble":".","tlf_casa_paciente":"."})) {"userId":1367,"exception":"[object] (Illuminate\\Database\\QueryException(code: 22018): SQLSTATE[22018]: [Microsoft][ODBC Driver 17 for SQL Server][SQL Server]Conversion failed when converting the nvarchar value '9.' to data type int. (Connection: sqlsrv, SQL: insert into [afiliados] ([dni], [nombres], [ape_paterno], [ape_materno], [direccion], [telf1], [telf2], [manejodatos], [hoja_filiacion]) values (70285861, ESTEFANI PILAR, RODRIGUEZ, PALOMO, ., 9., , 1, {\"NombreContratante\":\"-1\",\"codigo_afi\":\"\",\"etnia\":\"\",\"idioma\":\"\",\"religion\":\".\",\"email\":\"Pilarrodriguez1879@gmail.com\",\"estadocivil\":\"soltero(a)\",\"gradoinstitucion\":\",\",\"ocupacion\":\".\",\"procedencia\":\".\",\"no_patologico\":[{\"id\":\"100\",\"nombre\":\"Niega\",\"txt\":null}],\"patologicos\":[{\"id\":\"100\",\"nombre\":\"Niega\",\"txt\":null}],\"quirurgico\":\"\",\"padres\":\"Niega\",\"abuelos\":\"Niega\",\"hermanos\":\"Niega\",\"conyugue\":\"Niega\",\"persona_responsable\":\".\",\"celular_responsble\":\".\",\"tlf_casa_paciente\":\".\"})) at C:\\Eureka\\htdocs\\sanna\\services\\vendor\\laravel\\framework\\src\\Illuminate\\Database\\Connection.php:829)
[stacktrace]
#0 C:\\Eureka\\htdocs\\sanna\\services\\vendor\\laravel\\framework\\src\\Illuminate\\Database\\Connection.php(783): Illuminate\\Database\\Connection->runQueryCallback()
#1 C:\\Eureka\\htdocs\\sanna\\services\\vendor\\laravel\\framework\\src\\Illuminate\\Database\\Connection.php(576): Illuminate\\Database\\Connection->run()
#2 C:\\Eureka\\htdocs\\sanna\\services\\vendor\\laravel\\framework\\src\\Illuminate\\Database\\Connection.php(540): Illuminate\\Database\\Connection->statement()
#3 C:\\Eureka\\htdocs\\sanna\\services\\vendor\\laravel\\framework\\src\\Illuminate\\Database\\Query\\Builder.php(3456): Illuminate\\Database\\Connection->insert()
#4 C:\\Eureka\\htdocs\\sanna\\services\\vendor\\laravel\\framework\\src\\Illuminate\\Database\\Query\\Builder.php(3596): Illuminate\\Database\\Query\\Builder->insert()
#5 C:\\Eureka\\htdocs\\sanna\\services\\app\\Http\\Controllers\\RegistroatencionController.php(662): Illuminate\\Database\\Query\\Builder->updateOrInsert()
#6 C:\\Eureka\\htdocs\\sanna\\services\\vendor\\laravel\\framework\\src\\Illuminate\\Routing\\Controller.php(54): App\\Http\\Controllers\\RegistroatencionController->generarHistoriaClinica()
#7 C:\\Eureka\\htdocs\\sanna\\services\\vendor\\laravel\\framework\\src\\Illuminate\\Routing\\ControllerDispatcher.php(43): Illuminate\\Routing\\Controller->callAction()
#8 C:\\Eureka\\htdocs\\sanna\\services\\vendor\\laravel\\framework\\src\\Illuminate\\Routing\\Route.php(259): Illuminate\\Routing\\ControllerDispatcher->dispatch()
#9 C:\\Eureka\\htdocs\\sanna\\services\\vendor\\laravel\\framework\\src\\Illuminate\\Routing\\Route.php(205): Illuminate\\Routing\\Route->runController()
#10 C:\\Eureka\\htdocs\\sanna\\services\\vendor\\laravel\\framework\\src\\Illuminate\\Routing\\Router.php(806): Illuminate\\Routing\\Route->run()
#11 C:\\Eureka\\htdocs\\sanna\\services\\vendor\\laravel\\framework\\src\\Illuminate\\Pipeline\\Pipeline.php(144): Illuminate\\Routing\\Router->Illuminate\\Routing\\{closure}()
#12 C:\\Eureka\\htdocs\\sanna\\services\\app\\Http\\Middleware\\ValidarToken.php(32): Illuminate\\Pipeline\\Pipeline->Illuminate\\Pipeline\\{closure}()
#13 C:\\Eureka\\htdocs\\sanna\\services\\vendor\\laravel\\framework\\src\\Illuminate\\Pipeline\\Pipeline.php(183): App\\Http\\Middleware\\ValidarToken->handle()
#14 C:\\Eureka\\htdocs\\sanna\\services\\vendor\\laravel\\framework\\src\\Illuminate\\Routing\\Middleware\\SubstituteBindings.php(50): Illuminate\\Pipeline\\Pipeline->Illuminate\\Pipeline\\{closure}()
#15 C:\\Eureka\\htdocs\\sanna\\services\\vendor\\laravel\\framework\\src\\Illuminate\\Pipeline\\Pipeline.php(183): Illuminate\\Routing\\Middleware\\SubstituteBindings->handle()
#16 C:\\Eureka\\htdocs\\sanna\\services\\vendor\\laravel\\framework\\src\\Illuminate\\Routing\\Middleware\\ThrottleRequests.php(159): Illuminate\\Pipeline\\Pipeline->Illuminate\\Pipeline\\{closure}()
#17 C:\\Eureka\\htdocs\\sanna\\services\\vendor\\laravel\\framework\\src\\Illuminate\\Routing\\Middleware\\ThrottleRequests.php(125): Illuminate\\Routing\\Middleware\\ThrottleRequests->handleRequest()
#18 C:\\Eureka\\htdocs\\sanna\\services\\vendor\\laravel\\framework\\src\\Illuminate\\Routing\\Middleware\\ThrottleRequests.php(87): Illuminate\\Routing\\Middleware\\ThrottleRequests->handleRequestUsingNamedLimiter()
#19 C:\\Eureka\\htdocs\\sanna\\services\\vendor\\laravel\\framework\\src\\Illuminate\\Pipeline\\Pipeline.php(183): Illuminate\\Routing\\Middleware\\ThrottleRequests->handle()
#20 C:\\Eureka\\htdocs\\sanna\\services\\vendor\\laravel\\framework\\src\\Illuminate\\Pipeline\\Pipeline.php(119): Illuminate\\Pipeline\\Pipeline->Illuminate\\Pipeline\\{closure}()
#21 C:\\Eureka\\htdocs\\sanna\\services\\vendor\\laravel\\framework\\src\\Illuminate\\Routing\\Router.php(805): Illuminate\\Pipeline\\Pipeline->then()
#22 C:\\Eureka\\htdocs\\sanna\\services\\vendor\\laravel\\framework\\src\\Illuminate\\Routing\\Router.php(784): Illuminate\\Routing\\Router->runRouteWithinStack()
#23 C:\\Eureka\\htdocs\\sanna\\services\\vendor\\laravel\\framework\\src\\Illuminate\\Routing\\Router.php(748): Illuminate\\Routing\\Router->runRoute()
#24 C:\\Eureka\\htdocs\\sanna\\services\\vendor\\laravel\\framework\\src\\Illuminate\\Routing\\Router.php(737): Illuminate\\Routing\\Router->dispatchToRoute()
#25 C:\\Eureka\\htdocs\\sanna\\services\\vendor\\laravel\\framework\\src\\Illuminate\\Foundation\\Http\\Kernel.php(200): Illuminate\\Routing\\Router->dispatch()
#26 C:\\Eureka\\htdocs\\sanna\\services\\vendor\\laravel\\framework\\src\\Illuminate\\Pipeline\\Pipeline.php(144): Illuminate\\Foundation\\Http\\Kernel->Illuminate\\Foundation\\Http\\{closure}()
#27 C:\\Eureka\\htdocs\\sanna\\services\\vendor\\laravel\\framework\\src\\Illuminate\\Foundation\\Http\\Middleware\\TransformsRequest.php(21): Illuminate\\Pipeline\\Pipeline->Illuminate\\Pipeline\\{closure}()
#28 C:\\Eureka\\htdocs\\sanna\\services\\vendor\\laravel\\framework\\src\\Illuminate\\Foundation\\Http\\Middleware\\ConvertEmptyStringsToNull.php(31): Illuminate\\Foundation\\Http\\Middleware\\TransformsRequest->handle()
#29 C:\\Eureka\\htdocs\\sanna\\services\\vendor\\laravel\\framework\\src\\Illuminate\\Pipeline\\Pipeline.php(183): Illuminate\\Foundation\\Http\\Middleware\\ConvertEmptyStringsToNull->handle()
#30 C:\\Eureka\\htdocs\\sanna\\services\\vendor\\laravel\\framework\\src\\Illuminate\\Foundation\\Http\\Middleware\\TransformsRequest.php(21): Illuminate\\Pipeline\\Pipeline->Illuminate\\Pipeline\\{closure}()
#31 C:\\Eureka\\htdocs\\sanna\\services\\vendor\\laravel\\framework\\src\\Illuminate\\Foundation\\Http\\Middleware\\TrimStrings.php(40): Illuminate\\Foundation\\Http\\Middleware\\TransformsRequest->handle()
#32 C:\\Eureka\\htdocs\\sanna\\services\\vendor\\laravel\\framework\\src\\Illuminate\\Pipeline\\Pipeline.php(183): Illuminate\\Foundation\\Http\\Middleware\\TrimStrings->handle()
#33 C:\\Eureka\\htdocs\\sanna\\services\\vendor\\laravel\\framework\\src\\Illuminate\\Foundation\\Http\\Middleware\\ValidatePostSize.php(27): Illuminate\\Pipeline\\Pipeline->Illuminate\\Pipeline\\{closure}()
#34 C:\\Eureka\\htdocs\\sanna\\services\\vendor\\laravel\\framework\\src\\Illuminate\\Pipeline\\Pipeline.php(183): Illuminate\\Foundation\\Http\\Middleware\\ValidatePostSize->handle()
#35 C:\\Eureka\\htdocs\\sanna\\services\\vendor\\laravel\\framework\\src\\Illuminate\\Foundation\\Http\\Middleware\\PreventRequestsDuringMaintenance.php(99): Illuminate\\Pipeline\\Pipeline->Illuminate\\Pipeline\\{closure}()
#36 C:\\Eureka\\htdocs\\sanna\\services\\vendor\\laravel\\framework\\src\\Illuminate\\Pipeline\\Pipeline.php(183): Illuminate\\Foundation\\Http\\Middleware\\PreventRequestsDuringMaintenance->handle()
#37 C:\\Eureka\\htdocs\\sanna\\services\\vendor\\laravel\\framework\\src\\Illuminate\\Http\\Middleware\\HandleCors.php(62): Illuminate\\Pipeline\\Pipeline->Illuminate\\Pipeline\\{closure}()
#38 C:\\Eureka\\htdocs\\sanna\\services\\vendor\\laravel\\framework\\src\\Illuminate\\Pipeline\\Pipeline.php(183): Illuminate\\Http\\Middleware\\HandleCors->handle()
#39 C:\\Eureka\\htdocs\\sanna\\services\\vendor\\laravel\\framework\\src\\Illuminate\\Http\\Middleware\\TrustProxies.php(39): Illuminate\\Pipeline\\Pipeline->Illuminate\\Pipeline\\{closure}()
#40 C:\\Eureka\\htdocs\\sanna\\services\\vendor\\laravel\\framework\\src\\Illuminate\\Pipeline\\Pipeline.php(183): Illuminate\\Http\\Middleware\\TrustProxies->handle()
#41 C:\\Eureka\\htdocs\\sanna\\services\\vendor\\laravel\\framework\\src\\Illuminate\\Pipeline\\Pipeline.php(119): Illuminate\\Pipeline\\Pipeline->Illuminate\\Pipeline\\{closure}()
#42 C:\\Eureka\\htdocs\\sanna\\services\\vendor\\laravel\\framework\\src\\Illuminate\\Foundation\\Http\\Kernel.php(175): Illuminate\\Pipeline\\Pipeline->then()
#43 C:\\Eureka\\htdocs\\sanna\\services\\vendor\\laravel\\framework\\src\\Illuminate\\Foundation\\Http\\Kernel.php(144): Illuminate\\Foundation\\Http\\Kernel->sendRequestThroughRouter()
#44 C:\\Eureka\\htdocs\\sanna\\services\\public\\index.php(54): Illuminate\\Foundation\\Http\\Kernel->handle()
#45 {main}

[previous exception] [object] (PDOException(code: 22018): SQLSTATE[22018]: [Microsoft][ODBC Driver 17 for SQL Server][SQL Server]Conversion failed when converting the nvarchar value '9.' to data type int. at C:\\Eureka\\htdocs\\sanna\\services\\vendor\\laravel\\framework\\src\\Illuminate\\Database\\Connection.php:587)
[stacktrace]
#0 C:\\Eureka\\htdocs\\sanna\\services\\vendor\\laravel\\framework\\src\\Illuminate\\Database\\Connection.php(587): PDOStatement->execute()
#1 C:\\Eureka\\htdocs\\sanna\\services\\vendor\\laravel\\framework\\src\\Illuminate\\Database\\Connection.php(816): Illuminate\\Database\\Connection->Illuminate\\Database\\{closure}()
#2 C:\\Eureka\\htdocs\\sanna\\services\\vendor\\laravel\\framework\\src\\Illuminate\\Database\\Connection.php(783): Illuminate\\Database\\Connection->runQueryCallback()
#3 C:\\Eureka\\htdocs\\sanna\\services\\vendor\\laravel\\framework\\src\\Illuminate\\Database\\Connection.php(576): Illuminate\\Database\\Connection->run()
#4 C:\\Eureka\\htdocs\\sanna\\services\\vendor\\laravel\\framework\\src\\Illuminate\\Database\\Connection.php(540): Illuminate\\Database\\Connection->statement()
#5 C:\\Eureka\\htdocs\\sanna\\services\\vendor\\laravel\\framework\\src\\Illuminate\\Database\\Query\\Builder.php(3456): Illuminate\\Database\\Connection->insert()
#6 C:\\Eureka\\htdocs\\sanna\\services\\vendor\\laravel\\framework\\src\\Illuminate\\Database\\Query\\Builder.php(3596): Illuminate\\Database\\Query\\Builder->insert()
#7 C:\\Eureka\\htdocs\\sanna\\services\\app\\Http\\Controllers\\RegistroatencionController.php(662): Illuminate\\Database\\Query\\Builder->updateOrInsert()
#8 C:\\Eureka\\htdocs\\sanna\\services\\vendor\\laravel\\framework\\src\\Illuminate\\Routing\\Controller.php(54): App\\Http\\Controllers\\RegistroatencionController->generarHistoriaClinica()
#9 C:\\Eureka\\htdocs\\sanna\\services\\vendor\\laravel\\framework\\src\\Illuminate\\Routing\\ControllerDispatcher.php(43): Illuminate\\Routing\\Controller->callAction()
#10 C:\\Eureka\\htdocs\\sanna\\services\\vendor\\laravel\\framework\\src\\Illuminate\\Routing\\Route.php(259): Illuminate\\Routing\\ControllerDispatcher->dispatch()
#11 C:\\Eureka\\htdocs\\sanna\\services\\vendor\\laravel\\framework\\src\\Illuminate\\Routing\\Route.php(205): Illuminate\\Routing\\Route->runController()
#12 C:\\Eureka\\htdocs\\sanna\\services\\vendor\\laravel\\framework\\src\\Illuminate\\Routing\\Router.php(806): Illuminate\\Routing\\Route->run()
#13 C:\\Eureka\\htdocs\\sanna\\services\\vendor\\laravel\\framework\\src\\Illuminate\\Pipeline\\Pipeline.php(144): Illuminate\\Routing\\Router->Illuminate\\Routing\\{closure}()
#14 C:\\Eureka\\htdocs\\sanna\\services\\app\\Http\\Middleware\\ValidarToken.php(32): Illuminate\\Pipeline\\Pipeline->Illuminate\\Pipeline\\{closure}()
#15 C:\\Eureka\\htdocs\\sanna\\services\\vendor\\laravel\\framework\\src\\Illuminate\\Pipeline\\Pipeline.php(183): App\\Http\\Middleware\\ValidarToken->handle()
#16 C:\\Eureka\\htdocs\\sanna\\services\\vendor\\laravel\\framework\\src\\Illuminate\\Routing\\Middleware\\SubstituteBindings.php(50): Illuminate\\Pipeline\\Pipeline->Illuminate\\Pipeline\\{closure}()
#17 C:\\Eureka\\htdocs\\sanna\\services\\vendor\\laravel\\framework\\src\\Illuminate\\Pipeline\\Pipeline.php(183): Illuminate\\Routing\\Middleware\\SubstituteBindings->handle()
#18 C:\\Eureka\\htdocs\\sanna\\services\\vendor\\laravel\\framework\\src\\Illuminate\\Routing\\Middleware\\ThrottleRequests.php(159): Illuminate\\Pipeline\\Pipeline->Illuminate\\Pipeline\\{closure}()
#19 C:\\Eureka\\htdocs\\sanna\\services\\vendor\\laravel\\framework\\src\\Illuminate\\Routing\\Middleware\\ThrottleRequests.php(125): Illuminate\\Routing\\Middleware\\ThrottleRequests->handleRequest()
#20 C:\\Eureka\\htdocs\\sanna\\services\\vendor\\laravel\\framework\\src\\Illuminate\\Routing\\Middleware\\ThrottleRequests.php(87): Illuminate\\Routing\\Middleware\\ThrottleRequests->handleRequestUsingNamedLimiter()
#21 C:\\Eureka\\htdocs\\sanna\\services\\vendor\\laravel\\framework\\src\\Illuminate\\Pipeline\\Pipeline.php(183): Illuminate\\Routing\\Middleware\\ThrottleRequests->handle()
#22 C:\\Eureka\\htdocs\\sanna\\services\\vendor\\laravel\\framework\\src\\Illuminate\\Pipeline\\Pipeline.php(119): Illuminate\\Pipeline\\Pipeline->Illuminate\\Pipeline\\{closure}()
#23 C:\\Eureka\\htdocs\\sanna\\services\\vendor\\laravel\\framework\\src\\Illuminate\\Routing\\Router.php(805): Illuminate\\Pipeline\\Pipeline->then()
#24 C:\\Eureka\\htdocs\\sanna\\services\\vendor\\laravel\\framework\\src\\Illuminate\\Routing\\Router.php(784): Illuminate\\Routing\\Router->runRouteWithinStack()
#25 C:\\Eureka\\htdocs\\sanna\\services\\vendor\\laravel\\framework\\src\\Illuminate\\Routing\\Router.php(748): Illuminate\\Routing\\Router->runRoute()
#26 C:\\Eureka\\htdocs\\sanna\\services\\vendor\\laravel\\framework\\src\\Illuminate\\Routing\\Router.php(737): Illuminate\\Routing\\Router->dispatchToRoute()
#27 C:\\Eureka\\htdocs\\sanna\\services\\vendor\\laravel\\framework\\src\\Illuminate\\Foundation\\Http\\Kernel.php(200): Illuminate\\Routing\\Router->dispatch()
#28 C:\\Eureka\\htdocs\\sanna\\services\\vendor\\laravel\\framework\\src\\Illuminate\\Pipeline\\Pipeline.php(144): Illuminate\\Foundation\\Http\\Kernel->Illuminate\\Foundation\\Http\\{closure}()
#29 C:\\Eureka\\htdocs\\sanna\\services\\vendor\\laravel\\framework\\src\\Illuminate\\Foundation\\Http\\Middleware\\TransformsRequest.php(21): Illuminate\\Pipeline\\Pipeline->Illuminate\\Pipeline\\{closure}()
#30 C:\\Eureka\\htdocs\\sanna\\services\\vendor\\laravel\\framework\\src\\Illuminate\\Foundation\\Http\\Middleware\\ConvertEmptyStringsToNull.php(31): Illuminate\\Foundation\\Http\\Middleware\\TransformsRequest->handle()
#31 C:\\Eureka\\htdocs\\sanna\\services\\vendor\\laravel\\framework\\src\\Illuminate\\Pipeline\\Pipeline.php(183): Illuminate\\Foundation\\Http\\Middleware\\ConvertEmptyStringsToNull->handle()
#32 C:\\Eureka\\htdocs\\sanna\\services\\vendor\\laravel\\framework\\src\\Illuminate\\Foundation\\Http\\Middleware\\TransformsRequest.php(21): Illuminate\\Pipeline\\Pipeline->Illuminate\\Pipeline\\{closure}()
#33 C:\\Eureka\\htdocs\\sanna\\services\\vendor\\laravel\\framework\\src\\Illuminate\\Foundation\\Http\\Middleware\\TrimStrings.php(40): Illuminate\\Foundation\\Http\\Middleware\\TransformsRequest->handle()
#34 C:\\Eureka\\htdocs\\sanna\\services\\vendor\\laravel\\framework\\src\\Illuminate\\Pipeline\\Pipeline.php(183): Illuminate\\Foundation\\Http\\Middleware\\TrimStrings->handle()
#35 C:\\Eureka\\htdocs\\sanna\\services\\vendor\\laravel\\framework\\src\\Illuminate\\Foundation\\Http\\Middleware\\ValidatePostSize.php(27): Illuminate\\Pipeline\\Pipeline->Illuminate\\Pipeline\\{closure}()
#36 C:\\Eureka\\htdocs\\sanna\\services\\vendor\\laravel\\framework\\src\\Illuminate\\Pipeline\\Pipeline.php(183): Illuminate\\Foundation\\Http\\Middleware\\ValidatePostSize->handle()
#37 C:\\Eureka\\htdocs\\sanna\\services\\vendor\\laravel\\framework\\src\\Illuminate\\Foundation\\Http\\Middleware\\PreventRequestsDuringMaintenance.php(99): Illuminate\\Pipeline\\Pipeline->Illuminate\\Pipeline\\{closure}()
#38 C:\\Eureka\\htdocs\\sanna\\services\\vendor\\laravel\\framework\\src\\Illuminate\\Pipeline\\Pipeline.php(183): Illuminate\\Foundation\\Http\\Middleware\\PreventRequestsDuringMaintenance->handle()
#39 C:\\Eureka\\htdocs\\sanna\\services\\vendor\\laravel\\framework\\src\\Illuminate\\Http\\Middleware\\HandleCors.php(62): Illuminate\\Pipeline\\Pipeline->Illuminate\\Pipeline\\{closure}()
#40 C:\\Eureka\\htdocs\\sanna\\services\\vendor\\laravel\\framework\\src\\Illuminate\\Pipeline\\Pipeline.php(183): Illuminate\\Http\\Middleware\\HandleCors->handle()
#41 C:\\Eureka\\htdocs\\sanna\\services\\vendor\\laravel\\framework\\src\\Illuminate\\Http\\Middleware\\TrustProxies.php(39): Illuminate\\Pipeline\\Pipeline->Illuminate\\Pipeline\\{closure}()
#42 C:\\Eureka\\htdocs\\sanna\\services\\vendor\\laravel\\framework\\src\\Illuminate\\Pipeline\\Pipeline.php(183): Illuminate\\Http\\Middleware\\TrustProxies->handle()
#43 C:\\Eureka\\htdocs\\sanna\\services\\vendor\\laravel\\framework\\src\\Illuminate\\Pipeline\\Pipeline.php(119): Illuminate\\Pipeline\\Pipeline->Illuminate\\Pipeline\\{closure}()
#44 C:\\Eureka\\htdocs\\sanna\\services\\vendor\\laravel\\framework\\src\\Illuminate\\Foundation\\Http\\Kernel.php(175): Illuminate\\Pipeline\\Pipeline->then()
#45 C:\\Eureka\\htdocs\\sanna\\services\\vendor\\laravel\\framework\\src\\Illuminate\\Foundation\\Http\\Kernel.php(144): Illuminate\\Foundation\\Http\\Kernel->sendRequestThroughRouter()
#46 C:\\Eureka\\htdocs\\sanna\\services\\public\\index.php(54): Illuminate\\Foundation\\Http\\Kernel->handle()
#47 {main}
"} 
[2025-06-10 16:43:49] local.ERROR: SQLSTATE[22018]: [Microsoft][ODBC Driver 17 for SQL Server][SQL Server]Conversion failed when converting the nvarchar value '9.' to data type int. (Connection: sqlsrv, SQL: insert into [afiliados] ([dni], [nombres], [ape_paterno], [ape_materno], [direccion], [telf1], [telf2], [manejodatos], [hoja_filiacion]) values (70285861, ESTEFANI PILAR, RODRIGUEZ, PALOMO, ., 9., , 1, {"NombreContratante":"-1","codigo_afi":"","etnia":"","idioma":"","religion":".","email":"Pilarrodriguez1879@gmail.com","estadocivil":"soltero(a)","gradoinstitucion":",","ocupacion":".","procedencia":".","no_patologico":[{"id":"100","nombre":"Niega","txt":null}],"patologicos":[{"id":"100","nombre":"Niega","txt":null}],"quirurgico":"","padres":"Niega","abuelos":"Niega","hermanos":"Niega","conyugue":"Niega","persona_responsable":".","celular_responsble":".","tlf_casa_paciente":"."})) {"userId":1367,"exception":"[object] (Illuminate\\Database\\QueryException(code: 22018): SQLSTATE[22018]: [Microsoft][ODBC Driver 17 for SQL Server][SQL Server]Conversion failed when converting the nvarchar value '9.' to data type int. (Connection: sqlsrv, SQL: insert into [afiliados] ([dni], [nombres], [ape_paterno], [ape_materno], [direccion], [telf1], [telf2], [manejodatos], [hoja_filiacion]) values (70285861, ESTEFANI PILAR, RODRIGUEZ, PALOMO, ., 9., , 1, {\"NombreContratante\":\"-1\",\"codigo_afi\":\"\",\"etnia\":\"\",\"idioma\":\"\",\"religion\":\".\",\"email\":\"Pilarrodriguez1879@gmail.com\",\"estadocivil\":\"soltero(a)\",\"gradoinstitucion\":\",\",\"ocupacion\":\".\",\"procedencia\":\".\",\"no_patologico\":[{\"id\":\"100\",\"nombre\":\"Niega\",\"txt\":null}],\"patologicos\":[{\"id\":\"100\",\"nombre\":\"Niega\",\"txt\":null}],\"quirurgico\":\"\",\"padres\":\"Niega\",\"abuelos\":\"Niega\",\"hermanos\":\"Niega\",\"conyugue\":\"Niega\",\"persona_responsable\":\".\",\"celular_responsble\":\".\",\"tlf_casa_paciente\":\".\"})) at C:\\Eureka\\htdocs\\sanna\\services\\vendor\\laravel\\framework\\src\\Illuminate\\Database\\Connection.php:829)
[stacktrace]
#0 C:\\Eureka\\htdocs\\sanna\\services\\vendor\\laravel\\framework\\src\\Illuminate\\Database\\Connection.php(783): Illuminate\\Database\\Connection->runQueryCallback()
#1 C:\\Eureka\\htdocs\\sanna\\services\\vendor\\laravel\\framework\\src\\Illuminate\\Database\\Connection.php(576): Illuminate\\Database\\Connection->run()
#2 C:\\Eureka\\htdocs\\sanna\\services\\vendor\\laravel\\framework\\src\\Illuminate\\Database\\Connection.php(540): Illuminate\\Database\\Connection->statement()
#3 C:\\Eureka\\htdocs\\sanna\\services\\vendor\\laravel\\framework\\src\\Illuminate\\Database\\Query\\Builder.php(3456): Illuminate\\Database\\Connection->insert()
#4 C:\\Eureka\\htdocs\\sanna\\services\\vendor\\laravel\\framework\\src\\Illuminate\\Database\\Query\\Builder.php(3596): Illuminate\\Database\\Query\\Builder->insert()
#5 C:\\Eureka\\htdocs\\sanna\\services\\app\\Http\\Controllers\\RegistroatencionController.php(662): Illuminate\\Database\\Query\\Builder->updateOrInsert()
#6 C:\\Eureka\\htdocs\\sanna\\services\\vendor\\laravel\\framework\\src\\Illuminate\\Routing\\Controller.php(54): App\\Http\\Controllers\\RegistroatencionController->generarHistoriaClinica()
#7 C:\\Eureka\\htdocs\\sanna\\services\\vendor\\laravel\\framework\\src\\Illuminate\\Routing\\ControllerDispatcher.php(43): Illuminate\\Routing\\Controller->callAction()
#8 C:\\Eureka\\htdocs\\sanna\\services\\vendor\\laravel\\framework\\src\\Illuminate\\Routing\\Route.php(259): Illuminate\\Routing\\ControllerDispatcher->dispatch()
#9 C:\\Eureka\\htdocs\\sanna\\services\\vendor\\laravel\\framework\\src\\Illuminate\\Routing\\Route.php(205): Illuminate\\Routing\\Route->runController()
#10 C:\\Eureka\\htdocs\\sanna\\services\\vendor\\laravel\\framework\\src\\Illuminate\\Routing\\Router.php(806): Illuminate\\Routing\\Route->run()
#11 C:\\Eureka\\htdocs\\sanna\\services\\vendor\\laravel\\framework\\src\\Illuminate\\Pipeline\\Pipeline.php(144): Illuminate\\Routing\\Router->Illuminate\\Routing\\{closure}()
#12 C:\\Eureka\\htdocs\\sanna\\services\\app\\Http\\Middleware\\ValidarToken.php(32): Illuminate\\Pipeline\\Pipeline->Illuminate\\Pipeline\\{closure}()
#13 C:\\Eureka\\htdocs\\sanna\\services\\vendor\\laravel\\framework\\src\\Illuminate\\Pipeline\\Pipeline.php(183): App\\Http\\Middleware\\ValidarToken->handle()
#14 C:\\Eureka\\htdocs\\sanna\\services\\vendor\\laravel\\framework\\src\\Illuminate\\Routing\\Middleware\\SubstituteBindings.php(50): Illuminate\\Pipeline\\Pipeline->Illuminate\\Pipeline\\{closure}()
#15 C:\\Eureka\\htdocs\\sanna\\services\\vendor\\laravel\\framework\\src\\Illuminate\\Pipeline\\Pipeline.php(183): Illuminate\\Routing\\Middleware\\SubstituteBindings->handle()
#16 C:\\Eureka\\htdocs\\sanna\\services\\vendor\\laravel\\framework\\src\\Illuminate\\Routing\\Middleware\\ThrottleRequests.php(159): Illuminate\\Pipeline\\Pipeline->Illuminate\\Pipeline\\{closure}()
#17 C:\\Eureka\\htdocs\\sanna\\services\\vendor\\laravel\\framework\\src\\Illuminate\\Routing\\Middleware\\ThrottleRequests.php(125): Illuminate\\Routing\\Middleware\\ThrottleRequests->handleRequest()
#18 C:\\Eureka\\htdocs\\sanna\\services\\vendor\\laravel\\framework\\src\\Illuminate\\Routing\\Middleware\\ThrottleRequests.php(87): Illuminate\\Routing\\Middleware\\ThrottleRequests->handleRequestUsingNamedLimiter()
#19 C:\\Eureka\\htdocs\\sanna\\services\\vendor\\laravel\\framework\\src\\Illuminate\\Pipeline\\Pipeline.php(183): Illuminate\\Routing\\Middleware\\ThrottleRequests->handle()
#20 C:\\Eureka\\htdocs\\sanna\\services\\vendor\\laravel\\framework\\src\\Illuminate\\Pipeline\\Pipeline.php(119): Illuminate\\Pipeline\\Pipeline->Illuminate\\Pipeline\\{closure}()
#21 C:\\Eureka\\htdocs\\sanna\\services\\vendor\\laravel\\framework\\src\\Illuminate\\Routing\\Router.php(805): Illuminate\\Pipeline\\Pipeline->then()
#22 C:\\Eureka\\htdocs\\sanna\\services\\vendor\\laravel\\framework\\src\\Illuminate\\Routing\\Router.php(784): Illuminate\\Routing\\Router->runRouteWithinStack()
#23 C:\\Eureka\\htdocs\\sanna\\services\\vendor\\laravel\\framework\\src\\Illuminate\\Routing\\Router.php(748): Illuminate\\Routing\\Router->runRoute()
#24 C:\\Eureka\\htdocs\\sanna\\services\\vendor\\laravel\\framework\\src\\Illuminate\\Routing\\Router.php(737): Illuminate\\Routing\\Router->dispatchToRoute()
#25 C:\\Eureka\\htdocs\\sanna\\services\\vendor\\laravel\\framework\\src\\Illuminate\\Foundation\\Http\\Kernel.php(200): Illuminate\\Routing\\Router->dispatch()
#26 C:\\Eureka\\htdocs\\sanna\\services\\vendor\\laravel\\framework\\src\\Illuminate\\Pipeline\\Pipeline.php(144): Illuminate\\Foundation\\Http\\Kernel->Illuminate\\Foundation\\Http\\{closure}()
#27 C:\\Eureka\\htdocs\\sanna\\services\\vendor\\laravel\\framework\\src\\Illuminate\\Foundation\\Http\\Middleware\\TransformsRequest.php(21): Illuminate\\Pipeline\\Pipeline->Illuminate\\Pipeline\\{closure}()
#28 C:\\Eureka\\htdocs\\sanna\\services\\vendor\\laravel\\framework\\src\\Illuminate\\Foundation\\Http\\Middleware\\ConvertEmptyStringsToNull.php(31): Illuminate\\Foundation\\Http\\Middleware\\TransformsRequest->handle()
#29 C:\\Eureka\\htdocs\\sanna\\services\\vendor\\laravel\\framework\\src\\Illuminate\\Pipeline\\Pipeline.php(183): Illuminate\\Foundation\\Http\\Middleware\\ConvertEmptyStringsToNull->handle()
#30 C:\\Eureka\\htdocs\\sanna\\services\\vendor\\laravel\\framework\\src\\Illuminate\\Foundation\\Http\\Middleware\\TransformsRequest.php(21): Illuminate\\Pipeline\\Pipeline->Illuminate\\Pipeline\\{closure}()
#31 C:\\Eureka\\htdocs\\sanna\\services\\vendor\\laravel\\framework\\src\\Illuminate\\Foundation\\Http\\Middleware\\TrimStrings.php(40): Illuminate\\Foundation\\Http\\Middleware\\TransformsRequest->handle()
#32 C:\\Eureka\\htdocs\\sanna\\services\\vendor\\laravel\\framework\\src\\Illuminate\\Pipeline\\Pipeline.php(183): Illuminate\\Foundation\\Http\\Middleware\\TrimStrings->handle()
#33 C:\\Eureka\\htdocs\\sanna\\services\\vendor\\laravel\\framework\\src\\Illuminate\\Foundation\\Http\\Middleware\\ValidatePostSize.php(27): Illuminate\\Pipeline\\Pipeline->Illuminate\\Pipeline\\{closure}()
#34 C:\\Eureka\\htdocs\\sanna\\services\\vendor\\laravel\\framework\\src\\Illuminate\\Pipeline\\Pipeline.php(183): Illuminate\\Foundation\\Http\\Middleware\\ValidatePostSize->handle()
#35 C:\\Eureka\\htdocs\\sanna\\services\\vendor\\laravel\\framework\\src\\Illuminate\\Foundation\\Http\\Middleware\\PreventRequestsDuringMaintenance.php(99): Illuminate\\Pipeline\\Pipeline->Illuminate\\Pipeline\\{closure}()
#36 C:\\Eureka\\htdocs\\sanna\\services\\vendor\\laravel\\framework\\src\\Illuminate\\Pipeline\\Pipeline.php(183): Illuminate\\Foundation\\Http\\Middleware\\PreventRequestsDuringMaintenance->handle()
#37 C:\\Eureka\\htdocs\\sanna\\services\\vendor\\laravel\\framework\\src\\Illuminate\\Http\\Middleware\\HandleCors.php(62): Illuminate\\Pipeline\\Pipeline->Illuminate\\Pipeline\\{closure}()
#38 C:\\Eureka\\htdocs\\sanna\\services\\vendor\\laravel\\framework\\src\\Illuminate\\Pipeline\\Pipeline.php(183): Illuminate\\Http\\Middleware\\HandleCors->handle()
#39 C:\\Eureka\\htdocs\\sanna\\services\\vendor\\laravel\\framework\\src\\Illuminate\\Http\\Middleware\\TrustProxies.php(39): Illuminate\\Pipeline\\Pipeline->Illuminate\\Pipeline\\{closure}()
#40 C:\\Eureka\\htdocs\\sanna\\services\\vendor\\laravel\\framework\\src\\Illuminate\\Pipeline\\Pipeline.php(183): Illuminate\\Http\\Middleware\\TrustProxies->handle()
#41 C:\\Eureka\\htdocs\\sanna\\services\\vendor\\laravel\\framework\\src\\Illuminate\\Pipeline\\Pipeline.php(119): Illuminate\\Pipeline\\Pipeline->Illuminate\\Pipeline\\{closure}()
#42 C:\\Eureka\\htdocs\\sanna\\services\\vendor\\laravel\\framework\\src\\Illuminate\\Foundation\\Http\\Kernel.php(175): Illuminate\\Pipeline\\Pipeline->then()
#43 C:\\Eureka\\htdocs\\sanna\\services\\vendor\\laravel\\framework\\src\\Illuminate\\Foundation\\Http\\Kernel.php(144): Illuminate\\Foundation\\Http\\Kernel->sendRequestThroughRouter()
#44 C:\\Eureka\\htdocs\\sanna\\services\\public\\index.php(54): Illuminate\\Foundation\\Http\\Kernel->handle()
#45 {main}

[previous exception] [object] (PDOException(code: 22018): SQLSTATE[22018]: [Microsoft][ODBC Driver 17 for SQL Server][SQL Server]Conversion failed when converting the nvarchar value '9.' to data type int. at C:\\Eureka\\htdocs\\sanna\\services\\vendor\\laravel\\framework\\src\\Illuminate\\Database\\Connection.php:587)
[stacktrace]
#0 C:\\Eureka\\htdocs\\sanna\\services\\vendor\\laravel\\framework\\src\\Illuminate\\Database\\Connection.php(587): PDOStatement->execute()
#1 C:\\Eureka\\htdocs\\sanna\\services\\vendor\\laravel\\framework\\src\\Illuminate\\Database\\Connection.php(816): Illuminate\\Database\\Connection->Illuminate\\Database\\{closure}()
#2 C:\\Eureka\\htdocs\\sanna\\services\\vendor\\laravel\\framework\\src\\Illuminate\\Database\\Connection.php(783): Illuminate\\Database\\Connection->runQueryCallback()
#3 C:\\Eureka\\htdocs\\sanna\\services\\vendor\\laravel\\framework\\src\\Illuminate\\Database\\Connection.php(576): Illuminate\\Database\\Connection->run()
#4 C:\\Eureka\\htdocs\\sanna\\services\\vendor\\laravel\\framework\\src\\Illuminate\\Database\\Connection.php(540): Illuminate\\Database\\Connection->statement()
#5 C:\\Eureka\\htdocs\\sanna\\services\\vendor\\laravel\\framework\\src\\Illuminate\\Database\\Query\\Builder.php(3456): Illuminate\\Database\\Connection->insert()
#6 C:\\Eureka\\htdocs\\sanna\\services\\vendor\\laravel\\framework\\src\\Illuminate\\Database\\Query\\Builder.php(3596): Illuminate\\Database\\Query\\Builder->insert()
#7 C:\\Eureka\\htdocs\\sanna\\services\\app\\Http\\Controllers\\RegistroatencionController.php(662): Illuminate\\Database\\Query\\Builder->updateOrInsert()
#8 C:\\Eureka\\htdocs\\sanna\\services\\vendor\\laravel\\framework\\src\\Illuminate\\Routing\\Controller.php(54): App\\Http\\Controllers\\RegistroatencionController->generarHistoriaClinica()
#9 C:\\Eureka\\htdocs\\sanna\\services\\vendor\\laravel\\framework\\src\\Illuminate\\Routing\\ControllerDispatcher.php(43): Illuminate\\Routing\\Controller->callAction()
#10 C:\\Eureka\\htdocs\\sanna\\services\\vendor\\laravel\\framework\\src\\Illuminate\\Routing\\Route.php(259): Illuminate\\Routing\\ControllerDispatcher->dispatch()
#11 C:\\Eureka\\htdocs\\sanna\\services\\vendor\\laravel\\framework\\src\\Illuminate\\Routing\\Route.php(205): Illuminate\\Routing\\Route->runController()
#12 C:\\Eureka\\htdocs\\sanna\\services\\vendor\\laravel\\framework\\src\\Illuminate\\Routing\\Router.php(806): Illuminate\\Routing\\Route->run()
#13 C:\\Eureka\\htdocs\\sanna\\services\\vendor\\laravel\\framework\\src\\Illuminate\\Pipeline\\Pipeline.php(144): Illuminate\\Routing\\Router->Illuminate\\Routing\\{closure}()
#14 C:\\Eureka\\htdocs\\sanna\\services\\app\\Http\\Middleware\\ValidarToken.php(32): Illuminate\\Pipeline\\Pipeline->Illuminate\\Pipeline\\{closure}()
#15 C:\\Eureka\\htdocs\\sanna\\services\\vendor\\laravel\\framework\\src\\Illuminate\\Pipeline\\Pipeline.php(183): App\\Http\\Middleware\\ValidarToken->handle()
#16 C:\\Eureka\\htdocs\\sanna\\services\\vendor\\laravel\\framework\\src\\Illuminate\\Routing\\Middleware\\SubstituteBindings.php(50): Illuminate\\Pipeline\\Pipeline->Illuminate\\Pipeline\\{closure}()
#17 C:\\Eureka\\htdocs\\sanna\\services\\vendor\\laravel\\framework\\src\\Illuminate\\Pipeline\\Pipeline.php(183): Illuminate\\Routing\\Middleware\\SubstituteBindings->handle()
#18 C:\\Eureka\\htdocs\\sanna\\services\\vendor\\laravel\\framework\\src\\Illuminate\\Routing\\Middleware\\ThrottleRequests.php(159): Illuminate\\Pipeline\\Pipeline->Illuminate\\Pipeline\\{closure}()
#19 C:\\Eureka\\htdocs\\sanna\\services\\vendor\\laravel\\framework\\src\\Illuminate\\Routing\\Middleware\\ThrottleRequests.php(125): Illuminate\\Routing\\Middleware\\ThrottleRequests->handleRequest()
#20 C:\\Eureka\\htdocs\\sanna\\services\\vendor\\laravel\\framework\\src\\Illuminate\\Routing\\Middleware\\ThrottleRequests.php(87): Illuminate\\Routing\\Middleware\\ThrottleRequests->handleRequestUsingNamedLimiter()
#21 C:\\Eureka\\htdocs\\sanna\\services\\vendor\\laravel\\framework\\src\\Illuminate\\Pipeline\\Pipeline.php(183): Illuminate\\Routing\\Middleware\\ThrottleRequests->handle()
#22 C:\\Eureka\\htdocs\\sanna\\services\\vendor\\laravel\\framework\\src\\Illuminate\\Pipeline\\Pipeline.php(119): Illuminate\\Pipeline\\Pipeline->Illuminate\\Pipeline\\{closure}()
#23 C:\\Eureka\\htdocs\\sanna\\services\\vendor\\laravel\\framework\\src\\Illuminate\\Routing\\Router.php(805): Illuminate\\Pipeline\\Pipeline->then()
#24 C:\\Eureka\\htdocs\\sanna\\services\\vendor\\laravel\\framework\\src\\Illuminate\\Routing\\Router.php(784): Illuminate\\Routing\\Router->runRouteWithinStack()
#25 C:\\Eureka\\htdocs\\sanna\\services\\vendor\\laravel\\framework\\src\\Illuminate\\Routing\\Router.php(748): Illuminate\\Routing\\Router->runRoute()
#26 C:\\Eureka\\htdocs\\sanna\\services\\vendor\\laravel\\framework\\src\\Illuminate\\Routing\\Router.php(737): Illuminate\\Routing\\Router->dispatchToRoute()
#27 C:\\Eureka\\htdocs\\sanna\\services\\vendor\\laravel\\framework\\src\\Illuminate\\Foundation\\Http\\Kernel.php(200): Illuminate\\Routing\\Router->dispatch()
#28 C:\\Eureka\\htdocs\\sanna\\services\\vendor\\laravel\\framework\\src\\Illuminate\\Pipeline\\Pipeline.php(144): Illuminate\\Foundation\\Http\\Kernel->Illuminate\\Foundation\\Http\\{closure}()
#29 C:\\Eureka\\htdocs\\sanna\\services\\vendor\\laravel\\framework\\src\\Illuminate\\Foundation\\Http\\Middleware\\TransformsRequest.php(21): Illuminate\\Pipeline\\Pipeline->Illuminate\\Pipeline\\{closure}()
#30 C:\\Eureka\\htdocs\\sanna\\services\\vendor\\laravel\\framework\\src\\Illuminate\\Foundation\\Http\\Middleware\\ConvertEmptyStringsToNull.php(31): Illuminate\\Foundation\\Http\\Middleware\\TransformsRequest->handle()
#31 C:\\Eureka\\htdocs\\sanna\\services\\vendor\\laravel\\framework\\src\\Illuminate\\Pipeline\\Pipeline.php(183): Illuminate\\Foundation\\Http\\Middleware\\ConvertEmptyStringsToNull->handle()
#32 C:\\Eureka\\htdocs\\sanna\\services\\vendor\\laravel\\framework\\src\\Illuminate\\Foundation\\Http\\Middleware\\TransformsRequest.php(21): Illuminate\\Pipeline\\Pipeline->Illuminate\\Pipeline\\{closure}()
#33 C:\\Eureka\\htdocs\\sanna\\services\\vendor\\laravel\\framework\\src\\Illuminate\\Foundation\\Http\\Middleware\\TrimStrings.php(40): Illuminate\\Foundation\\Http\\Middleware\\TransformsRequest->handle()
#34 C:\\Eureka\\htdocs\\sanna\\services\\vendor\\laravel\\framework\\src\\Illuminate\\Pipeline\\Pipeline.php(183): Illuminate\\Foundation\\Http\\Middleware\\TrimStrings->handle()
#35 C:\\Eureka\\htdocs\\sanna\\services\\vendor\\laravel\\framework\\src\\Illuminate\\Foundation\\Http\\Middleware\\ValidatePostSize.php(27): Illuminate\\Pipeline\\Pipeline->Illuminate\\Pipeline\\{closure}()
#36 C:\\Eureka\\htdocs\\sanna\\services\\vendor\\laravel\\framework\\src\\Illuminate\\Pipeline\\Pipeline.php(183): Illuminate\\Foundation\\Http\\Middleware\\ValidatePostSize->handle()
#37 C:\\Eureka\\htdocs\\sanna\\services\\vendor\\laravel\\framework\\src\\Illuminate\\Foundation\\Http\\Middleware\\PreventRequestsDuringMaintenance.php(99): Illuminate\\Pipeline\\Pipeline->Illuminate\\Pipeline\\{closure}()
#38 C:\\Eureka\\htdocs\\sanna\\services\\vendor\\laravel\\framework\\src\\Illuminate\\Pipeline\\Pipeline.php(183): Illuminate\\Foundation\\Http\\Middleware\\PreventRequestsDuringMaintenance->handle()
#39 C:\\Eureka\\htdocs\\sanna\\services\\vendor\\laravel\\framework\\src\\Illuminate\\Http\\Middleware\\HandleCors.php(62): Illuminate\\Pipeline\\Pipeline->Illuminate\\Pipeline\\{closure}()
#40 C:\\Eureka\\htdocs\\sanna\\services\\vendor\\laravel\\framework\\src\\Illuminate\\Pipeline\\Pipeline.php(183): Illuminate\\Http\\Middleware\\HandleCors->handle()
#41 C:\\Eureka\\htdocs\\sanna\\services\\vendor\\laravel\\framework\\src\\Illuminate\\Http\\Middleware\\TrustProxies.php(39): Illuminate\\Pipeline\\Pipeline->Illuminate\\Pipeline\\{closure}()
#42 C:\\Eureka\\htdocs\\sanna\\services\\vendor\\laravel\\framework\\src\\Illuminate\\Pipeline\\Pipeline.php(183): Illuminate\\Http\\Middleware\\TrustProxies->handle()
#43 C:\\Eureka\\htdocs\\sanna\\services\\vendor\\laravel\\framework\\src\\Illuminate\\Pipeline\\Pipeline.php(119): Illuminate\\Pipeline\\Pipeline->Illuminate\\Pipeline\\{closure}()
#44 C:\\Eureka\\htdocs\\sanna\\services\\vendor\\laravel\\framework\\src\\Illuminate\\Foundation\\Http\\Kernel.php(175): Illuminate\\Pipeline\\Pipeline->then()
#45 C:\\Eureka\\htdocs\\sanna\\services\\vendor\\laravel\\framework\\src\\Illuminate\\Foundation\\Http\\Kernel.php(144): Illuminate\\Foundation\\Http\\Kernel->sendRequestThroughRouter()
#46 C:\\Eureka\\htdocs\\sanna\\services\\public\\index.php(54): Illuminate\\Foundation\\Http\\Kernel->handle()
#47 {main}
"} 
[2025-06-10 16:56:46] local.ERROR: SQLSTATE[42000]: [Microsoft][ODBC Driver 17 for SQL Server][SQL Server]String or binary data would be truncated in table 'dbRacso.dbo.examenesaux_h', column 'indicaciones'. Truncated value: 'TOMA DE MUESTRA EN ORINA Y UROCULTIVO

Muestra adecuada: Primera orina de la mañana
La muestra debe '. (Connection: sqlsrv, SQL: insert into [examenesaux_h] ([idatencion], [tipo], [indicaciones], [state]) values (268515, 1, TOMA DE MUESTRA EN ORINA Y UROCULTIVO

Muestra adecuada: Primera orina de la mañana
La muestra debe ser procesada antes de las dos horas de su recolección.
-El frasco entregado es “estéril” (limpio y sin bacterias).
-Colocar en la etiqueta su nombre, fecha y hora de recolección.
-En el caso de urocultivo, no tomar antibióticos, ni pyridium 2 días antes de proporcionar la muestra.
-Lavarse las manos con agua y jabón y secarse.
-No usar óvulo vaginal desde un día antes de la recolección de la muestra. Si está menstruando
recolectar la muestra 3 días después de haber concluido su ciclo menstrual.
-Con los dedos de una mano separar los labios genitales y lavarse sólo con agua.
-Eliminar el primer chorro de orina y sin interrumpir la micción, recoger una porción suficiente (min. 20 ml de orina)., 0)) {"userId":119,"exception":"[object] (Illuminate\\Database\\QueryException(code: 42000): SQLSTATE[42000]: [Microsoft][ODBC Driver 17 for SQL Server][SQL Server]String or binary data would be truncated in table 'dbRacso.dbo.examenesaux_h', column 'indicaciones'. Truncated value: 'TOMA DE MUESTRA EN ORINA Y UROCULTIVO

Muestra adecuada: Primera orina de la mañana
La muestra debe '. (Connection: sqlsrv, SQL: insert into [examenesaux_h] ([idatencion], [tipo], [indicaciones], [state]) values (268515, 1, TOMA DE MUESTRA EN ORINA Y UROCULTIVO

Muestra adecuada: Primera orina de la mañana
La muestra debe ser procesada antes de las dos horas de su recolección.
-El frasco entregado es “estéril” (limpio y sin bacterias).
-Colocar en la etiqueta su nombre, fecha y hora de recolección.
-En el caso de urocultivo, no tomar antibióticos, ni pyridium 2 días antes de proporcionar la muestra.
-Lavarse las manos con agua y jabón y secarse.
-No usar óvulo vaginal desde un día antes de la recolección de la muestra. Si está menstruando
recolectar la muestra 3 días después de haber concluido su ciclo menstrual.
-Con los dedos de una mano separar los labios genitales y lavarse sólo con agua.
-Eliminar el primer chorro de orina y sin interrumpir la micción, recoger una porción suficiente (min. 20 ml de orina)., 0)) at C:\\Eureka\\htdocs\\sanna\\services\\vendor\\laravel\\framework\\src\\Illuminate\\Database\\Connection.php:829)
[stacktrace]
#0 C:\\Eureka\\htdocs\\sanna\\services\\vendor\\laravel\\framework\\src\\Illuminate\\Database\\Connection.php(783): Illuminate\\Database\\Connection->runQueryCallback()
#1 C:\\Eureka\\htdocs\\sanna\\services\\vendor\\laravel\\framework\\src\\Illuminate\\Database\\Connection.php(576): Illuminate\\Database\\Connection->run()
#2 C:\\Eureka\\htdocs\\sanna\\services\\vendor\\laravel\\framework\\src\\Illuminate\\Database\\Connection.php(540): Illuminate\\Database\\Connection->statement()
#3 C:\\Eureka\\htdocs\\sanna\\services\\vendor\\laravel\\framework\\src\\Illuminate\\Database\\Query\\Processors\\SqlServerProcessor.php(24): Illuminate\\Database\\Connection->insert()
#4 C:\\Eureka\\htdocs\\sanna\\services\\vendor\\laravel\\framework\\src\\Illuminate\\Database\\Query\\Builder.php(3507): Illuminate\\Database\\Query\\Processors\\SqlServerProcessor->processInsertGetId()
#5 C:\\Eureka\\htdocs\\sanna\\services\\app\\Http\\Controllers\\RegistroatencionController.php(1331): Illuminate\\Database\\Query\\Builder->insertGetId()
#6 C:\\Eureka\\htdocs\\sanna\\services\\vendor\\laravel\\framework\\src\\Illuminate\\Routing\\Controller.php(54): App\\Http\\Controllers\\RegistroatencionController->generarExamenesauxiliaresConsulta()
#7 C:\\Eureka\\htdocs\\sanna\\services\\vendor\\laravel\\framework\\src\\Illuminate\\Routing\\ControllerDispatcher.php(43): Illuminate\\Routing\\Controller->callAction()
#8 C:\\Eureka\\htdocs\\sanna\\services\\vendor\\laravel\\framework\\src\\Illuminate\\Routing\\Route.php(259): Illuminate\\Routing\\ControllerDispatcher->dispatch()
#9 C:\\Eureka\\htdocs\\sanna\\services\\vendor\\laravel\\framework\\src\\Illuminate\\Routing\\Route.php(205): Illuminate\\Routing\\Route->runController()
#10 C:\\Eureka\\htdocs\\sanna\\services\\vendor\\laravel\\framework\\src\\Illuminate\\Routing\\Router.php(806): Illuminate\\Routing\\Route->run()
#11 C:\\Eureka\\htdocs\\sanna\\services\\vendor\\laravel\\framework\\src\\Illuminate\\Pipeline\\Pipeline.php(144): Illuminate\\Routing\\Router->Illuminate\\Routing\\{closure}()
#12 C:\\Eureka\\htdocs\\sanna\\services\\app\\Http\\Middleware\\ValidarToken.php(32): Illuminate\\Pipeline\\Pipeline->Illuminate\\Pipeline\\{closure}()
#13 C:\\Eureka\\htdocs\\sanna\\services\\vendor\\laravel\\framework\\src\\Illuminate\\Pipeline\\Pipeline.php(183): App\\Http\\Middleware\\ValidarToken->handle()
#14 C:\\Eureka\\htdocs\\sanna\\services\\vendor\\laravel\\framework\\src\\Illuminate\\Routing\\Middleware\\SubstituteBindings.php(50): Illuminate\\Pipeline\\Pipeline->Illuminate\\Pipeline\\{closure}()
#15 C:\\Eureka\\htdocs\\sanna\\services\\vendor\\laravel\\framework\\src\\Illuminate\\Pipeline\\Pipeline.php(183): Illuminate\\Routing\\Middleware\\SubstituteBindings->handle()
#16 C:\\Eureka\\htdocs\\sanna\\services\\vendor\\laravel\\framework\\src\\Illuminate\\Routing\\Middleware\\ThrottleRequests.php(159): Illuminate\\Pipeline\\Pipeline->Illuminate\\Pipeline\\{closure}()
#17 C:\\Eureka\\htdocs\\sanna\\services\\vendor\\laravel\\framework\\src\\Illuminate\\Routing\\Middleware\\ThrottleRequests.php(125): Illuminate\\Routing\\Middleware\\ThrottleRequests->handleRequest()
#18 C:\\Eureka\\htdocs\\sanna\\services\\vendor\\laravel\\framework\\src\\Illuminate\\Routing\\Middleware\\ThrottleRequests.php(87): Illuminate\\Routing\\Middleware\\ThrottleRequests->handleRequestUsingNamedLimiter()
#19 C:\\Eureka\\htdocs\\sanna\\services\\vendor\\laravel\\framework\\src\\Illuminate\\Pipeline\\Pipeline.php(183): Illuminate\\Routing\\Middleware\\ThrottleRequests->handle()
#20 C:\\Eureka\\htdocs\\sanna\\services\\vendor\\laravel\\framework\\src\\Illuminate\\Pipeline\\Pipeline.php(119): Illuminate\\Pipeline\\Pipeline->Illuminate\\Pipeline\\{closure}()
#21 C:\\Eureka\\htdocs\\sanna\\services\\vendor\\laravel\\framework\\src\\Illuminate\\Routing\\Router.php(805): Illuminate\\Pipeline\\Pipeline->then()
#22 C:\\Eureka\\htdocs\\sanna\\services\\vendor\\laravel\\framework\\src\\Illuminate\\Routing\\Router.php(784): Illuminate\\Routing\\Router->runRouteWithinStack()
#23 C:\\Eureka\\htdocs\\sanna\\services\\vendor\\laravel\\framework\\src\\Illuminate\\Routing\\Router.php(748): Illuminate\\Routing\\Router->runRoute()
#24 C:\\Eureka\\htdocs\\sanna\\services\\vendor\\laravel\\framework\\src\\Illuminate\\Routing\\Router.php(737): Illuminate\\Routing\\Router->dispatchToRoute()
#25 C:\\Eureka\\htdocs\\sanna\\services\\vendor\\laravel\\framework\\src\\Illuminate\\Foundation\\Http\\Kernel.php(200): Illuminate\\Routing\\Router->dispatch()
#26 C:\\Eureka\\htdocs\\sanna\\services\\vendor\\laravel\\framework\\src\\Illuminate\\Pipeline\\Pipeline.php(144): Illuminate\\Foundation\\Http\\Kernel->Illuminate\\Foundation\\Http\\{closure}()
#27 C:\\Eureka\\htdocs\\sanna\\services\\vendor\\laravel\\framework\\src\\Illuminate\\Foundation\\Http\\Middleware\\TransformsRequest.php(21): Illuminate\\Pipeline\\Pipeline->Illuminate\\Pipeline\\{closure}()
#28 C:\\Eureka\\htdocs\\sanna\\services\\vendor\\laravel\\framework\\src\\Illuminate\\Foundation\\Http\\Middleware\\ConvertEmptyStringsToNull.php(31): Illuminate\\Foundation\\Http\\Middleware\\TransformsRequest->handle()
#29 C:\\Eureka\\htdocs\\sanna\\services\\vendor\\laravel\\framework\\src\\Illuminate\\Pipeline\\Pipeline.php(183): Illuminate\\Foundation\\Http\\Middleware\\ConvertEmptyStringsToNull->handle()
#30 C:\\Eureka\\htdocs\\sanna\\services\\vendor\\laravel\\framework\\src\\Illuminate\\Foundation\\Http\\Middleware\\TransformsRequest.php(21): Illuminate\\Pipeline\\Pipeline->Illuminate\\Pipeline\\{closure}()
#31 C:\\Eureka\\htdocs\\sanna\\services\\vendor\\laravel\\framework\\src\\Illuminate\\Foundation\\Http\\Middleware\\TrimStrings.php(40): Illuminate\\Foundation\\Http\\Middleware\\TransformsRequest->handle()
#32 C:\\Eureka\\htdocs\\sanna\\services\\vendor\\laravel\\framework\\src\\Illuminate\\Pipeline\\Pipeline.php(183): Illuminate\\Foundation\\Http\\Middleware\\TrimStrings->handle()
#33 C:\\Eureka\\htdocs\\sanna\\services\\vendor\\laravel\\framework\\src\\Illuminate\\Foundation\\Http\\Middleware\\ValidatePostSize.php(27): Illuminate\\Pipeline\\Pipeline->Illuminate\\Pipeline\\{closure}()
#34 C:\\Eureka\\htdocs\\sanna\\services\\vendor\\laravel\\framework\\src\\Illuminate\\Pipeline\\Pipeline.php(183): Illuminate\\Foundation\\Http\\Middleware\\ValidatePostSize->handle()
#35 C:\\Eureka\\htdocs\\sanna\\services\\vendor\\laravel\\framework\\src\\Illuminate\\Foundation\\Http\\Middleware\\PreventRequestsDuringMaintenance.php(99): Illuminate\\Pipeline\\Pipeline->Illuminate\\Pipeline\\{closure}()
#36 C:\\Eureka\\htdocs\\sanna\\services\\vendor\\laravel\\framework\\src\\Illuminate\\Pipeline\\Pipeline.php(183): Illuminate\\Foundation\\Http\\Middleware\\PreventRequestsDuringMaintenance->handle()
#37 C:\\Eureka\\htdocs\\sanna\\services\\vendor\\laravel\\framework\\src\\Illuminate\\Http\\Middleware\\HandleCors.php(62): Illuminate\\Pipeline\\Pipeline->Illuminate\\Pipeline\\{closure}()
#38 C:\\Eureka\\htdocs\\sanna\\services\\vendor\\laravel\\framework\\src\\Illuminate\\Pipeline\\Pipeline.php(183): Illuminate\\Http\\Middleware\\HandleCors->handle()
#39 C:\\Eureka\\htdocs\\sanna\\services\\vendor\\laravel\\framework\\src\\Illuminate\\Http\\Middleware\\TrustProxies.php(39): Illuminate\\Pipeline\\Pipeline->Illuminate\\Pipeline\\{closure}()
#40 C:\\Eureka\\htdocs\\sanna\\services\\vendor\\laravel\\framework\\src\\Illuminate\\Pipeline\\Pipeline.php(183): Illuminate\\Http\\Middleware\\TrustProxies->handle()
#41 C:\\Eureka\\htdocs\\sanna\\services\\vendor\\laravel\\framework\\src\\Illuminate\\Pipeline\\Pipeline.php(119): Illuminate\\Pipeline\\Pipeline->Illuminate\\Pipeline\\{closure}()
#42 C:\\Eureka\\htdocs\\sanna\\services\\vendor\\laravel\\framework\\src\\Illuminate\\Foundation\\Http\\Kernel.php(175): Illuminate\\Pipeline\\Pipeline->then()
#43 C:\\Eureka\\htdocs\\sanna\\services\\vendor\\laravel\\framework\\src\\Illuminate\\Foundation\\Http\\Kernel.php(144): Illuminate\\Foundation\\Http\\Kernel->sendRequestThroughRouter()
#44 C:\\Eureka\\htdocs\\sanna\\services\\public\\index.php(54): Illuminate\\Foundation\\Http\\Kernel->handle()
#45 {main}

[previous exception] [object] (PDOException(code: 42000): SQLSTATE[42000]: [Microsoft][ODBC Driver 17 for SQL Server][SQL Server]String or binary data would be truncated in table 'dbRacso.dbo.examenesaux_h', column 'indicaciones'. Truncated value: 'TOMA DE MUESTRA EN ORINA Y UROCULTIVO

Muestra adecuada: Primera orina de la mañana
La muestra debe '. at C:\\Eureka\\htdocs\\sanna\\services\\vendor\\laravel\\framework\\src\\Illuminate\\Database\\Connection.php:587)
[stacktrace]
#0 C:\\Eureka\\htdocs\\sanna\\services\\vendor\\laravel\\framework\\src\\Illuminate\\Database\\Connection.php(587): PDOStatement->execute()
#1 C:\\Eureka\\htdocs\\sanna\\services\\vendor\\laravel\\framework\\src\\Illuminate\\Database\\Connection.php(816): Illuminate\\Database\\Connection->Illuminate\\Database\\{closure}()
#2 C:\\Eureka\\htdocs\\sanna\\services\\vendor\\laravel\\framework\\src\\Illuminate\\Database\\Connection.php(783): Illuminate\\Database\\Connection->runQueryCallback()
#3 C:\\Eureka\\htdocs\\sanna\\services\\vendor\\laravel\\framework\\src\\Illuminate\\Database\\Connection.php(576): Illuminate\\Database\\Connection->run()
#4 C:\\Eureka\\htdocs\\sanna\\services\\vendor\\laravel\\framework\\src\\Illuminate\\Database\\Connection.php(540): Illuminate\\Database\\Connection->statement()
#5 C:\\Eureka\\htdocs\\sanna\\services\\vendor\\laravel\\framework\\src\\Illuminate\\Database\\Query\\Processors\\SqlServerProcessor.php(24): Illuminate\\Database\\Connection->insert()
#6 C:\\Eureka\\htdocs\\sanna\\services\\vendor\\laravel\\framework\\src\\Illuminate\\Database\\Query\\Builder.php(3507): Illuminate\\Database\\Query\\Processors\\SqlServerProcessor->processInsertGetId()
#7 C:\\Eureka\\htdocs\\sanna\\services\\app\\Http\\Controllers\\RegistroatencionController.php(1331): Illuminate\\Database\\Query\\Builder->insertGetId()
#8 C:\\Eureka\\htdocs\\sanna\\services\\vendor\\laravel\\framework\\src\\Illuminate\\Routing\\Controller.php(54): App\\Http\\Controllers\\RegistroatencionController->generarExamenesauxiliaresConsulta()
#9 C:\\Eureka\\htdocs\\sanna\\services\\vendor\\laravel\\framework\\src\\Illuminate\\Routing\\ControllerDispatcher.php(43): Illuminate\\Routing\\Controller->callAction()
#10 C:\\Eureka\\htdocs\\sanna\\services\\vendor\\laravel\\framework\\src\\Illuminate\\Routing\\Route.php(259): Illuminate\\Routing\\ControllerDispatcher->dispatch()
#11 C:\\Eureka\\htdocs\\sanna\\services\\vendor\\laravel\\framework\\src\\Illuminate\\Routing\\Route.php(205): Illuminate\\Routing\\Route->runController()
#12 C:\\Eureka\\htdocs\\sanna\\services\\vendor\\laravel\\framework\\src\\Illuminate\\Routing\\Router.php(806): Illuminate\\Routing\\Route->run()
#13 C:\\Eureka\\htdocs\\sanna\\services\\vendor\\laravel\\framework\\src\\Illuminate\\Pipeline\\Pipeline.php(144): Illuminate\\Routing\\Router->Illuminate\\Routing\\{closure}()
#14 C:\\Eureka\\htdocs\\sanna\\services\\app\\Http\\Middleware\\ValidarToken.php(32): Illuminate\\Pipeline\\Pipeline->Illuminate\\Pipeline\\{closure}()
#15 C:\\Eureka\\htdocs\\sanna\\services\\vendor\\laravel\\framework\\src\\Illuminate\\Pipeline\\Pipeline.php(183): App\\Http\\Middleware\\ValidarToken->handle()
#16 C:\\Eureka\\htdocs\\sanna\\services\\vendor\\laravel\\framework\\src\\Illuminate\\Routing\\Middleware\\SubstituteBindings.php(50): Illuminate\\Pipeline\\Pipeline->Illuminate\\Pipeline\\{closure}()
#17 C:\\Eureka\\htdocs\\sanna\\services\\vendor\\laravel\\framework\\src\\Illuminate\\Pipeline\\Pipeline.php(183): Illuminate\\Routing\\Middleware\\SubstituteBindings->handle()
#18 C:\\Eureka\\htdocs\\sanna\\services\\vendor\\laravel\\framework\\src\\Illuminate\\Routing\\Middleware\\ThrottleRequests.php(159): Illuminate\\Pipeline\\Pipeline->Illuminate\\Pipeline\\{closure}()
#19 C:\\Eureka\\htdocs\\sanna\\services\\vendor\\laravel\\framework\\src\\Illuminate\\Routing\\Middleware\\ThrottleRequests.php(125): Illuminate\\Routing\\Middleware\\ThrottleRequests->handleRequest()
#20 C:\\Eureka\\htdocs\\sanna\\services\\vendor\\laravel\\framework\\src\\Illuminate\\Routing\\Middleware\\ThrottleRequests.php(87): Illuminate\\Routing\\Middleware\\ThrottleRequests->handleRequestUsingNamedLimiter()
#21 C:\\Eureka\\htdocs\\sanna\\services\\vendor\\laravel\\framework\\src\\Illuminate\\Pipeline\\Pipeline.php(183): Illuminate\\Routing\\Middleware\\ThrottleRequests->handle()
#22 C:\\Eureka\\htdocs\\sanna\\services\\vendor\\laravel\\framework\\src\\Illuminate\\Pipeline\\Pipeline.php(119): Illuminate\\Pipeline\\Pipeline->Illuminate\\Pipeline\\{closure}()
#23 C:\\Eureka\\htdocs\\sanna\\services\\vendor\\laravel\\framework\\src\\Illuminate\\Routing\\Router.php(805): Illuminate\\Pipeline\\Pipeline->then()
#24 C:\\Eureka\\htdocs\\sanna\\services\\vendor\\laravel\\framework\\src\\Illuminate\\Routing\\Router.php(784): Illuminate\\Routing\\Router->runRouteWithinStack()
#25 C:\\Eureka\\htdocs\\sanna\\services\\vendor\\laravel\\framework\\src\\Illuminate\\Routing\\Router.php(748): Illuminate\\Routing\\Router->runRoute()
#26 C:\\Eureka\\htdocs\\sanna\\services\\vendor\\laravel\\framework\\src\\Illuminate\\Routing\\Router.php(737): Illuminate\\Routing\\Router->dispatchToRoute()
#27 C:\\Eureka\\htdocs\\sanna\\services\\vendor\\laravel\\framework\\src\\Illuminate\\Foundation\\Http\\Kernel.php(200): Illuminate\\Routing\\Router->dispatch()
#28 C:\\Eureka\\htdocs\\sanna\\services\\vendor\\laravel\\framework\\src\\Illuminate\\Pipeline\\Pipeline.php(144): Illuminate\\Foundation\\Http\\Kernel->Illuminate\\Foundation\\Http\\{closure}()
#29 C:\\Eureka\\htdocs\\sanna\\services\\vendor\\laravel\\framework\\src\\Illuminate\\Foundation\\Http\\Middleware\\TransformsRequest.php(21): Illuminate\\Pipeline\\Pipeline->Illuminate\\Pipeline\\{closure}()
#30 C:\\Eureka\\htdocs\\sanna\\services\\vendor\\laravel\\framework\\src\\Illuminate\\Foundation\\Http\\Middleware\\ConvertEmptyStringsToNull.php(31): Illuminate\\Foundation\\Http\\Middleware\\TransformsRequest->handle()
#31 C:\\Eureka\\htdocs\\sanna\\services\\vendor\\laravel\\framework\\src\\Illuminate\\Pipeline\\Pipeline.php(183): Illuminate\\Foundation\\Http\\Middleware\\ConvertEmptyStringsToNull->handle()
#32 C:\\Eureka\\htdocs\\sanna\\services\\vendor\\laravel\\framework\\src\\Illuminate\\Foundation\\Http\\Middleware\\TransformsRequest.php(21): Illuminate\\Pipeline\\Pipeline->Illuminate\\Pipeline\\{closure}()
#33 C:\\Eureka\\htdocs\\sanna\\services\\vendor\\laravel\\framework\\src\\Illuminate\\Foundation\\Http\\Middleware\\TrimStrings.php(40): Illuminate\\Foundation\\Http\\Middleware\\TransformsRequest->handle()
#34 C:\\Eureka\\htdocs\\sanna\\services\\vendor\\laravel\\framework\\src\\Illuminate\\Pipeline\\Pipeline.php(183): Illuminate\\Foundation\\Http\\Middleware\\TrimStrings->handle()
#35 C:\\Eureka\\htdocs\\sanna\\services\\vendor\\laravel\\framework\\src\\Illuminate\\Foundation\\Http\\Middleware\\ValidatePostSize.php(27): Illuminate\\Pipeline\\Pipeline->Illuminate\\Pipeline\\{closure}()
#36 C:\\Eureka\\htdocs\\sanna\\services\\vendor\\laravel\\framework\\src\\Illuminate\\Pipeline\\Pipeline.php(183): Illuminate\\Foundation\\Http\\Middleware\\ValidatePostSize->handle()
#37 C:\\Eureka\\htdocs\\sanna\\services\\vendor\\laravel\\framework\\src\\Illuminate\\Foundation\\Http\\Middleware\\PreventRequestsDuringMaintenance.php(99): Illuminate\\Pipeline\\Pipeline->Illuminate\\Pipeline\\{closure}()
#38 C:\\Eureka\\htdocs\\sanna\\services\\vendor\\laravel\\framework\\src\\Illuminate\\Pipeline\\Pipeline.php(183): Illuminate\\Foundation\\Http\\Middleware\\PreventRequestsDuringMaintenance->handle()
#39 C:\\Eureka\\htdocs\\sanna\\services\\vendor\\laravel\\framework\\src\\Illuminate\\Http\\Middleware\\HandleCors.php(62): Illuminate\\Pipeline\\Pipeline->Illuminate\\Pipeline\\{closure}()
#40 C:\\Eureka\\htdocs\\sanna\\services\\vendor\\laravel\\framework\\src\\Illuminate\\Pipeline\\Pipeline.php(183): Illuminate\\Http\\Middleware\\HandleCors->handle()
#41 C:\\Eureka\\htdocs\\sanna\\services\\vendor\\laravel\\framework\\src\\Illuminate\\Http\\Middleware\\TrustProxies.php(39): Illuminate\\Pipeline\\Pipeline->Illuminate\\Pipeline\\{closure}()
#42 C:\\Eureka\\htdocs\\sanna\\services\\vendor\\laravel\\framework\\src\\Illuminate\\Pipeline\\Pipeline.php(183): Illuminate\\Http\\Middleware\\TrustProxies->handle()
#43 C:\\Eureka\\htdocs\\sanna\\services\\vendor\\laravel\\framework\\src\\Illuminate\\Pipeline\\Pipeline.php(119): Illuminate\\Pipeline\\Pipeline->Illuminate\\Pipeline\\{closure}()
#44 C:\\Eureka\\htdocs\\sanna\\services\\vendor\\laravel\\framework\\src\\Illuminate\\Foundation\\Http\\Kernel.php(175): Illuminate\\Pipeline\\Pipeline->then()
#45 C:\\Eureka\\htdocs\\sanna\\services\\vendor\\laravel\\framework\\src\\Illuminate\\Foundation\\Http\\Kernel.php(144): Illuminate\\Foundation\\Http\\Kernel->sendRequestThroughRouter()
#46 C:\\Eureka\\htdocs\\sanna\\services\\public\\index.php(54): Illuminate\\Foundation\\Http\\Kernel->handle()
#47 {main}
"} 
[2025-06-10 16:57:04] local.ERROR: SQLSTATE[42000]: [Microsoft][ODBC Driver 17 for SQL Server][SQL Server]String or binary data would be truncated in table 'dbRacso.dbo.examenesaux_h', column 'indicaciones'. Truncated value: 'TOMA DE MUESTRA EN ORINA Y UROCULTIVO

Muestra adecuada: Primera orina de la mañana
La muestra debe '. (Connection: sqlsrv, SQL: insert into [examenesaux_h] ([idatencion], [tipo], [indicaciones], [state]) values (268516, 1, TOMA DE MUESTRA EN ORINA Y UROCULTIVO

Muestra adecuada: Primera orina de la mañana
La muestra debe ser procesada antes de las dos horas de su recolección.
-El frasco entregado es “estéril” (limpio y sin bacterias).
-Colocar en la etiqueta su nombre, fecha y hora de recolección.
-En el caso de urocultivo, no tomar antibióticos, ni pyridium 2 días antes de proporcionar la muestra.
-Lavarse las manos con agua y jabón y secarse.
-No usar óvulo vaginal desde un día antes de la recolección de la muestra. Si está menstruando
recolectar la muestra 3 días después de haber concluido su ciclo menstrual.
-Con los dedos de una mano separar los labios genitales y lavarse sólo con agua.
-Eliminar el primer chorro de orina y sin interrumpir la micción, recoger una porción suficiente (min. 20 ml de orina)., 0)) {"userId":119,"exception":"[object] (Illuminate\\Database\\QueryException(code: 42000): SQLSTATE[42000]: [Microsoft][ODBC Driver 17 for SQL Server][SQL Server]String or binary data would be truncated in table 'dbRacso.dbo.examenesaux_h', column 'indicaciones'. Truncated value: 'TOMA DE MUESTRA EN ORINA Y UROCULTIVO

Muestra adecuada: Primera orina de la mañana
La muestra debe '. (Connection: sqlsrv, SQL: insert into [examenesaux_h] ([idatencion], [tipo], [indicaciones], [state]) values (268516, 1, TOMA DE MUESTRA EN ORINA Y UROCULTIVO

Muestra adecuada: Primera orina de la mañana
La muestra debe ser procesada antes de las dos horas de su recolección.
-El frasco entregado es “estéril” (limpio y sin bacterias).
-Colocar en la etiqueta su nombre, fecha y hora de recolección.
-En el caso de urocultivo, no tomar antibióticos, ni pyridium 2 días antes de proporcionar la muestra.
-Lavarse las manos con agua y jabón y secarse.
-No usar óvulo vaginal desde un día antes de la recolección de la muestra. Si está menstruando
recolectar la muestra 3 días después de haber concluido su ciclo menstrual.
-Con los dedos de una mano separar los labios genitales y lavarse sólo con agua.
-Eliminar el primer chorro de orina y sin interrumpir la micción, recoger una porción suficiente (min. 20 ml de orina)., 0)) at C:\\Eureka\\htdocs\\sanna\\services\\vendor\\laravel\\framework\\src\\Illuminate\\Database\\Connection.php:829)
[stacktrace]
#0 C:\\Eureka\\htdocs\\sanna\\services\\vendor\\laravel\\framework\\src\\Illuminate\\Database\\Connection.php(783): Illuminate\\Database\\Connection->runQueryCallback()
#1 C:\\Eureka\\htdocs\\sanna\\services\\vendor\\laravel\\framework\\src\\Illuminate\\Database\\Connection.php(576): Illuminate\\Database\\Connection->run()
#2 C:\\Eureka\\htdocs\\sanna\\services\\vendor\\laravel\\framework\\src\\Illuminate\\Database\\Connection.php(540): Illuminate\\Database\\Connection->statement()
#3 C:\\Eureka\\htdocs\\sanna\\services\\vendor\\laravel\\framework\\src\\Illuminate\\Database\\Query\\Processors\\SqlServerProcessor.php(24): Illuminate\\Database\\Connection->insert()
#4 C:\\Eureka\\htdocs\\sanna\\services\\vendor\\laravel\\framework\\src\\Illuminate\\Database\\Query\\Builder.php(3507): Illuminate\\Database\\Query\\Processors\\SqlServerProcessor->processInsertGetId()
#5 C:\\Eureka\\htdocs\\sanna\\services\\app\\Http\\Controllers\\RegistroatencionController.php(1331): Illuminate\\Database\\Query\\Builder->insertGetId()
#6 C:\\Eureka\\htdocs\\sanna\\services\\vendor\\laravel\\framework\\src\\Illuminate\\Routing\\Controller.php(54): App\\Http\\Controllers\\RegistroatencionController->generarExamenesauxiliaresConsulta()
#7 C:\\Eureka\\htdocs\\sanna\\services\\vendor\\laravel\\framework\\src\\Illuminate\\Routing\\ControllerDispatcher.php(43): Illuminate\\Routing\\Controller->callAction()
#8 C:\\Eureka\\htdocs\\sanna\\services\\vendor\\laravel\\framework\\src\\Illuminate\\Routing\\Route.php(259): Illuminate\\Routing\\ControllerDispatcher->dispatch()
#9 C:\\Eureka\\htdocs\\sanna\\services\\vendor\\laravel\\framework\\src\\Illuminate\\Routing\\Route.php(205): Illuminate\\Routing\\Route->runController()
#10 C:\\Eureka\\htdocs\\sanna\\services\\vendor\\laravel\\framework\\src\\Illuminate\\Routing\\Router.php(806): Illuminate\\Routing\\Route->run()
#11 C:\\Eureka\\htdocs\\sanna\\services\\vendor\\laravel\\framework\\src\\Illuminate\\Pipeline\\Pipeline.php(144): Illuminate\\Routing\\Router->Illuminate\\Routing\\{closure}()
#12 C:\\Eureka\\htdocs\\sanna\\services\\app\\Http\\Middleware\\ValidarToken.php(32): Illuminate\\Pipeline\\Pipeline->Illuminate\\Pipeline\\{closure}()
#13 C:\\Eureka\\htdocs\\sanna\\services\\vendor\\laravel\\framework\\src\\Illuminate\\Pipeline\\Pipeline.php(183): App\\Http\\Middleware\\ValidarToken->handle()
#14 C:\\Eureka\\htdocs\\sanna\\services\\vendor\\laravel\\framework\\src\\Illuminate\\Routing\\Middleware\\SubstituteBindings.php(50): Illuminate\\Pipeline\\Pipeline->Illuminate\\Pipeline\\{closure}()
#15 C:\\Eureka\\htdocs\\sanna\\services\\vendor\\laravel\\framework\\src\\Illuminate\\Pipeline\\Pipeline.php(183): Illuminate\\Routing\\Middleware\\SubstituteBindings->handle()
#16 C:\\Eureka\\htdocs\\sanna\\services\\vendor\\laravel\\framework\\src\\Illuminate\\Routing\\Middleware\\ThrottleRequests.php(159): Illuminate\\Pipeline\\Pipeline->Illuminate\\Pipeline\\{closure}()
#17 C:\\Eureka\\htdocs\\sanna\\services\\vendor\\laravel\\framework\\src\\Illuminate\\Routing\\Middleware\\ThrottleRequests.php(125): Illuminate\\Routing\\Middleware\\ThrottleRequests->handleRequest()
#18 C:\\Eureka\\htdocs\\sanna\\services\\vendor\\laravel\\framework\\src\\Illuminate\\Routing\\Middleware\\ThrottleRequests.php(87): Illuminate\\Routing\\Middleware\\ThrottleRequests->handleRequestUsingNamedLimiter()
#19 C:\\Eureka\\htdocs\\sanna\\services\\vendor\\laravel\\framework\\src\\Illuminate\\Pipeline\\Pipeline.php(183): Illuminate\\Routing\\Middleware\\ThrottleRequests->handle()
#20 C:\\Eureka\\htdocs\\sanna\\services\\vendor\\laravel\\framework\\src\\Illuminate\\Pipeline\\Pipeline.php(119): Illuminate\\Pipeline\\Pipeline->Illuminate\\Pipeline\\{closure}()
#21 C:\\Eureka\\htdocs\\sanna\\services\\vendor\\laravel\\framework\\src\\Illuminate\\Routing\\Router.php(805): Illuminate\\Pipeline\\Pipeline->then()
#22 C:\\Eureka\\htdocs\\sanna\\services\\vendor\\laravel\\framework\\src\\Illuminate\\Routing\\Router.php(784): Illuminate\\Routing\\Router->runRouteWithinStack()
#23 C:\\Eureka\\htdocs\\sanna\\services\\vendor\\laravel\\framework\\src\\Illuminate\\Routing\\Router.php(748): Illuminate\\Routing\\Router->runRoute()
#24 C:\\Eureka\\htdocs\\sanna\\services\\vendor\\laravel\\framework\\src\\Illuminate\\Routing\\Router.php(737): Illuminate\\Routing\\Router->dispatchToRoute()
#25 C:\\Eureka\\htdocs\\sanna\\services\\vendor\\laravel\\framework\\src\\Illuminate\\Foundation\\Http\\Kernel.php(200): Illuminate\\Routing\\Router->dispatch()
#26 C:\\Eureka\\htdocs\\sanna\\services\\vendor\\laravel\\framework\\src\\Illuminate\\Pipeline\\Pipeline.php(144): Illuminate\\Foundation\\Http\\Kernel->Illuminate\\Foundation\\Http\\{closure}()
#27 C:\\Eureka\\htdocs\\sanna\\services\\vendor\\laravel\\framework\\src\\Illuminate\\Foundation\\Http\\Middleware\\TransformsRequest.php(21): Illuminate\\Pipeline\\Pipeline->Illuminate\\Pipeline\\{closure}()
#28 C:\\Eureka\\htdocs\\sanna\\services\\vendor\\laravel\\framework\\src\\Illuminate\\Foundation\\Http\\Middleware\\ConvertEmptyStringsToNull.php(31): Illuminate\\Foundation\\Http\\Middleware\\TransformsRequest->handle()
#29 C:\\Eureka\\htdocs\\sanna\\services\\vendor\\laravel\\framework\\src\\Illuminate\\Pipeline\\Pipeline.php(183): Illuminate\\Foundation\\Http\\Middleware\\ConvertEmptyStringsToNull->handle()
#30 C:\\Eureka\\htdocs\\sanna\\services\\vendor\\laravel\\framework\\src\\Illuminate\\Foundation\\Http\\Middleware\\TransformsRequest.php(21): Illuminate\\Pipeline\\Pipeline->Illuminate\\Pipeline\\{closure}()
#31 C:\\Eureka\\htdocs\\sanna\\services\\vendor\\laravel\\framework\\src\\Illuminate\\Foundation\\Http\\Middleware\\TrimStrings.php(40): Illuminate\\Foundation\\Http\\Middleware\\TransformsRequest->handle()
#32 C:\\Eureka\\htdocs\\sanna\\services\\vendor\\laravel\\framework\\src\\Illuminate\\Pipeline\\Pipeline.php(183): Illuminate\\Foundation\\Http\\Middleware\\TrimStrings->handle()
#33 C:\\Eureka\\htdocs\\sanna\\services\\vendor\\laravel\\framework\\src\\Illuminate\\Foundation\\Http\\Middleware\\ValidatePostSize.php(27): Illuminate\\Pipeline\\Pipeline->Illuminate\\Pipeline\\{closure}()
#34 C:\\Eureka\\htdocs\\sanna\\services\\vendor\\laravel\\framework\\src\\Illuminate\\Pipeline\\Pipeline.php(183): Illuminate\\Foundation\\Http\\Middleware\\ValidatePostSize->handle()
#35 C:\\Eureka\\htdocs\\sanna\\services\\vendor\\laravel\\framework\\src\\Illuminate\\Foundation\\Http\\Middleware\\PreventRequestsDuringMaintenance.php(99): Illuminate\\Pipeline\\Pipeline->Illuminate\\Pipeline\\{closure}()
#36 C:\\Eureka\\htdocs\\sanna\\services\\vendor\\laravel\\framework\\src\\Illuminate\\Pipeline\\Pipeline.php(183): Illuminate\\Foundation\\Http\\Middleware\\PreventRequestsDuringMaintenance->handle()
#37 C:\\Eureka\\htdocs\\sanna\\services\\vendor\\laravel\\framework\\src\\Illuminate\\Http\\Middleware\\HandleCors.php(62): Illuminate\\Pipeline\\Pipeline->Illuminate\\Pipeline\\{closure}()
#38 C:\\Eureka\\htdocs\\sanna\\services\\vendor\\laravel\\framework\\src\\Illuminate\\Pipeline\\Pipeline.php(183): Illuminate\\Http\\Middleware\\HandleCors->handle()
#39 C:\\Eureka\\htdocs\\sanna\\services\\vendor\\laravel\\framework\\src\\Illuminate\\Http\\Middleware\\TrustProxies.php(39): Illuminate\\Pipeline\\Pipeline->Illuminate\\Pipeline\\{closure}()
#40 C:\\Eureka\\htdocs\\sanna\\services\\vendor\\laravel\\framework\\src\\Illuminate\\Pipeline\\Pipeline.php(183): Illuminate\\Http\\Middleware\\TrustProxies->handle()
#41 C:\\Eureka\\htdocs\\sanna\\services\\vendor\\laravel\\framework\\src\\Illuminate\\Pipeline\\Pipeline.php(119): Illuminate\\Pipeline\\Pipeline->Illuminate\\Pipeline\\{closure}()
#42 C:\\Eureka\\htdocs\\sanna\\services\\vendor\\laravel\\framework\\src\\Illuminate\\Foundation\\Http\\Kernel.php(175): Illuminate\\Pipeline\\Pipeline->then()
#43 C:\\Eureka\\htdocs\\sanna\\services\\vendor\\laravel\\framework\\src\\Illuminate\\Foundation\\Http\\Kernel.php(144): Illuminate\\Foundation\\Http\\Kernel->sendRequestThroughRouter()
#44 C:\\Eureka\\htdocs\\sanna\\services\\public\\index.php(54): Illuminate\\Foundation\\Http\\Kernel->handle()
#45 {main}

[previous exception] [object] (PDOException(code: 42000): SQLSTATE[42000]: [Microsoft][ODBC Driver 17 for SQL Server][SQL Server]String or binary data would be truncated in table 'dbRacso.dbo.examenesaux_h', column 'indicaciones'. Truncated value: 'TOMA DE MUESTRA EN ORINA Y UROCULTIVO

Muestra adecuada: Primera orina de la mañana
La muestra debe '. at C:\\Eureka\\htdocs\\sanna\\services\\vendor\\laravel\\framework\\src\\Illuminate\\Database\\Connection.php:587)
[stacktrace]
#0 C:\\Eureka\\htdocs\\sanna\\services\\vendor\\laravel\\framework\\src\\Illuminate\\Database\\Connection.php(587): PDOStatement->execute()
#1 C:\\Eureka\\htdocs\\sanna\\services\\vendor\\laravel\\framework\\src\\Illuminate\\Database\\Connection.php(816): Illuminate\\Database\\Connection->Illuminate\\Database\\{closure}()
#2 C:\\Eureka\\htdocs\\sanna\\services\\vendor\\laravel\\framework\\src\\Illuminate\\Database\\Connection.php(783): Illuminate\\Database\\Connection->runQueryCallback()
#3 C:\\Eureka\\htdocs\\sanna\\services\\vendor\\laravel\\framework\\src\\Illuminate\\Database\\Connection.php(576): Illuminate\\Database\\Connection->run()
#4 C:\\Eureka\\htdocs\\sanna\\services\\vendor\\laravel\\framework\\src\\Illuminate\\Database\\Connection.php(540): Illuminate\\Database\\Connection->statement()
#5 C:\\Eureka\\htdocs\\sanna\\services\\vendor\\laravel\\framework\\src\\Illuminate\\Database\\Query\\Processors\\SqlServerProcessor.php(24): Illuminate\\Database\\Connection->insert()
#6 C:\\Eureka\\htdocs\\sanna\\services\\vendor\\laravel\\framework\\src\\Illuminate\\Database\\Query\\Builder.php(3507): Illuminate\\Database\\Query\\Processors\\SqlServerProcessor->processInsertGetId()
#7 C:\\Eureka\\htdocs\\sanna\\services\\app\\Http\\Controllers\\RegistroatencionController.php(1331): Illuminate\\Database\\Query\\Builder->insertGetId()
#8 C:\\Eureka\\htdocs\\sanna\\services\\vendor\\laravel\\framework\\src\\Illuminate\\Routing\\Controller.php(54): App\\Http\\Controllers\\RegistroatencionController->generarExamenesauxiliaresConsulta()
#9 C:\\Eureka\\htdocs\\sanna\\services\\vendor\\laravel\\framework\\src\\Illuminate\\Routing\\ControllerDispatcher.php(43): Illuminate\\Routing\\Controller->callAction()
#10 C:\\Eureka\\htdocs\\sanna\\services\\vendor\\laravel\\framework\\src\\Illuminate\\Routing\\Route.php(259): Illuminate\\Routing\\ControllerDispatcher->dispatch()
#11 C:\\Eureka\\htdocs\\sanna\\services\\vendor\\laravel\\framework\\src\\Illuminate\\Routing\\Route.php(205): Illuminate\\Routing\\Route->runController()
#12 C:\\Eureka\\htdocs\\sanna\\services\\vendor\\laravel\\framework\\src\\Illuminate\\Routing\\Router.php(806): Illuminate\\Routing\\Route->run()
#13 C:\\Eureka\\htdocs\\sanna\\services\\vendor\\laravel\\framework\\src\\Illuminate\\Pipeline\\Pipeline.php(144): Illuminate\\Routing\\Router->Illuminate\\Routing\\{closure}()
#14 C:\\Eureka\\htdocs\\sanna\\services\\app\\Http\\Middleware\\ValidarToken.php(32): Illuminate\\Pipeline\\Pipeline->Illuminate\\Pipeline\\{closure}()
#15 C:\\Eureka\\htdocs\\sanna\\services\\vendor\\laravel\\framework\\src\\Illuminate\\Pipeline\\Pipeline.php(183): App\\Http\\Middleware\\ValidarToken->handle()
#16 C:\\Eureka\\htdocs\\sanna\\services\\vendor\\laravel\\framework\\src\\Illuminate\\Routing\\Middleware\\SubstituteBindings.php(50): Illuminate\\Pipeline\\Pipeline->Illuminate\\Pipeline\\{closure}()
#17 C:\\Eureka\\htdocs\\sanna\\services\\vendor\\laravel\\framework\\src\\Illuminate\\Pipeline\\Pipeline.php(183): Illuminate\\Routing\\Middleware\\SubstituteBindings->handle()
#18 C:\\Eureka\\htdocs\\sanna\\services\\vendor\\laravel\\framework\\src\\Illuminate\\Routing\\Middleware\\ThrottleRequests.php(159): Illuminate\\Pipeline\\Pipeline->Illuminate\\Pipeline\\{closure}()
#19 C:\\Eureka\\htdocs\\sanna\\services\\vendor\\laravel\\framework\\src\\Illuminate\\Routing\\Middleware\\ThrottleRequests.php(125): Illuminate\\Routing\\Middleware\\ThrottleRequests->handleRequest()
#20 C:\\Eureka\\htdocs\\sanna\\services\\vendor\\laravel\\framework\\src\\Illuminate\\Routing\\Middleware\\ThrottleRequests.php(87): Illuminate\\Routing\\Middleware\\ThrottleRequests->handleRequestUsingNamedLimiter()
#21 C:\\Eureka\\htdocs\\sanna\\services\\vendor\\laravel\\framework\\src\\Illuminate\\Pipeline\\Pipeline.php(183): Illuminate\\Routing\\Middleware\\ThrottleRequests->handle()
#22 C:\\Eureka\\htdocs\\sanna\\services\\vendor\\laravel\\framework\\src\\Illuminate\\Pipeline\\Pipeline.php(119): Illuminate\\Pipeline\\Pipeline->Illuminate\\Pipeline\\{closure}()
#23 C:\\Eureka\\htdocs\\sanna\\services\\vendor\\laravel\\framework\\src\\Illuminate\\Routing\\Router.php(805): Illuminate\\Pipeline\\Pipeline->then()
#24 C:\\Eureka\\htdocs\\sanna\\services\\vendor\\laravel\\framework\\src\\Illuminate\\Routing\\Router.php(784): Illuminate\\Routing\\Router->runRouteWithinStack()
#25 C:\\Eureka\\htdocs\\sanna\\services\\vendor\\laravel\\framework\\src\\Illuminate\\Routing\\Router.php(748): Illuminate\\Routing\\Router->runRoute()
#26 C:\\Eureka\\htdocs\\sanna\\services\\vendor\\laravel\\framework\\src\\Illuminate\\Routing\\Router.php(737): Illuminate\\Routing\\Router->dispatchToRoute()
#27 C:\\Eureka\\htdocs\\sanna\\services\\vendor\\laravel\\framework\\src\\Illuminate\\Foundation\\Http\\Kernel.php(200): Illuminate\\Routing\\Router->dispatch()
#28 C:\\Eureka\\htdocs\\sanna\\services\\vendor\\laravel\\framework\\src\\Illuminate\\Pipeline\\Pipeline.php(144): Illuminate\\Foundation\\Http\\Kernel->Illuminate\\Foundation\\Http\\{closure}()
#29 C:\\Eureka\\htdocs\\sanna\\services\\vendor\\laravel\\framework\\src\\Illuminate\\Foundation\\Http\\Middleware\\TransformsRequest.php(21): Illuminate\\Pipeline\\Pipeline->Illuminate\\Pipeline\\{closure}()
#30 C:\\Eureka\\htdocs\\sanna\\services\\vendor\\laravel\\framework\\src\\Illuminate\\Foundation\\Http\\Middleware\\ConvertEmptyStringsToNull.php(31): Illuminate\\Foundation\\Http\\Middleware\\TransformsRequest->handle()
#31 C:\\Eureka\\htdocs\\sanna\\services\\vendor\\laravel\\framework\\src\\Illuminate\\Pipeline\\Pipeline.php(183): Illuminate\\Foundation\\Http\\Middleware\\ConvertEmptyStringsToNull->handle()
#32 C:\\Eureka\\htdocs\\sanna\\services\\vendor\\laravel\\framework\\src\\Illuminate\\Foundation\\Http\\Middleware\\TransformsRequest.php(21): Illuminate\\Pipeline\\Pipeline->Illuminate\\Pipeline\\{closure}()
#33 C:\\Eureka\\htdocs\\sanna\\services\\vendor\\laravel\\framework\\src\\Illuminate\\Foundation\\Http\\Middleware\\TrimStrings.php(40): Illuminate\\Foundation\\Http\\Middleware\\TransformsRequest->handle()
#34 C:\\Eureka\\htdocs\\sanna\\services\\vendor\\laravel\\framework\\src\\Illuminate\\Pipeline\\Pipeline.php(183): Illuminate\\Foundation\\Http\\Middleware\\TrimStrings->handle()
#35 C:\\Eureka\\htdocs\\sanna\\services\\vendor\\laravel\\framework\\src\\Illuminate\\Foundation\\Http\\Middleware\\ValidatePostSize.php(27): Illuminate\\Pipeline\\Pipeline->Illuminate\\Pipeline\\{closure}()
#36 C:\\Eureka\\htdocs\\sanna\\services\\vendor\\laravel\\framework\\src\\Illuminate\\Pipeline\\Pipeline.php(183): Illuminate\\Foundation\\Http\\Middleware\\ValidatePostSize->handle()
#37 C:\\Eureka\\htdocs\\sanna\\services\\vendor\\laravel\\framework\\src\\Illuminate\\Foundation\\Http\\Middleware\\PreventRequestsDuringMaintenance.php(99): Illuminate\\Pipeline\\Pipeline->Illuminate\\Pipeline\\{closure}()
#38 C:\\Eureka\\htdocs\\sanna\\services\\vendor\\laravel\\framework\\src\\Illuminate\\Pipeline\\Pipeline.php(183): Illuminate\\Foundation\\Http\\Middleware\\PreventRequestsDuringMaintenance->handle()
#39 C:\\Eureka\\htdocs\\sanna\\services\\vendor\\laravel\\framework\\src\\Illuminate\\Http\\Middleware\\HandleCors.php(62): Illuminate\\Pipeline\\Pipeline->Illuminate\\Pipeline\\{closure}()
#40 C:\\Eureka\\htdocs\\sanna\\services\\vendor\\laravel\\framework\\src\\Illuminate\\Pipeline\\Pipeline.php(183): Illuminate\\Http\\Middleware\\HandleCors->handle()
#41 C:\\Eureka\\htdocs\\sanna\\services\\vendor\\laravel\\framework\\src\\Illuminate\\Http\\Middleware\\TrustProxies.php(39): Illuminate\\Pipeline\\Pipeline->Illuminate\\Pipeline\\{closure}()
#42 C:\\Eureka\\htdocs\\sanna\\services\\vendor\\laravel\\framework\\src\\Illuminate\\Pipeline\\Pipeline.php(183): Illuminate\\Http\\Middleware\\TrustProxies->handle()
#43 C:\\Eureka\\htdocs\\sanna\\services\\vendor\\laravel\\framework\\src\\Illuminate\\Pipeline\\Pipeline.php(119): Illuminate\\Pipeline\\Pipeline->Illuminate\\Pipeline\\{closure}()
#44 C:\\Eureka\\htdocs\\sanna\\services\\vendor\\laravel\\framework\\src\\Illuminate\\Foundation\\Http\\Kernel.php(175): Illuminate\\Pipeline\\Pipeline->then()
#45 C:\\Eureka\\htdocs\\sanna\\services\\vendor\\laravel\\framework\\src\\Illuminate\\Foundation\\Http\\Kernel.php(144): Illuminate\\Foundation\\Http\\Kernel->sendRequestThroughRouter()
#46 C:\\Eureka\\htdocs\\sanna\\services\\public\\index.php(54): Illuminate\\Foundation\\Http\\Kernel->handle()
#47 {main}
"} 
[2025-06-10 16:57:52] local.ERROR: SQLSTATE[42000]: [Microsoft][ODBC Driver 17 for SQL Server][SQL Server]String or binary data would be truncated in table 'dbRacso.dbo.examenesaux_h', column 'indicaciones'. Truncated value: 'TOMA DE MUESTRA EN ORINA Y UROCULTIVO

Muestra adecuada: Primera orina de la mañana
La muestra debe '. (Connection: sqlsrv, SQL: insert into [examenesaux_h] ([idatencion], [tipo], [indicaciones], [state]) values (268517, 1, TOMA DE MUESTRA EN ORINA Y UROCULTIVO

Muestra adecuada: Primera orina de la mañana
La muestra debe ser procesada antes de las dos horas de su recolección.
-El frasco entregado es “estéril” (limpio y sin bacterias).
-Colocar en la etiqueta su nombre, fecha y hora de recolección.
-En el caso de urocultivo, no tomar antibióticos, ni pyridium 2 días antes de proporcionar la muestra.
-Lavarse las manos con agua y jabón y secarse.
-No usar óvulo vaginal desde un día antes de la recolección de la muestra. Si está menstruando
recolectar la muestra 3 días después de haber concluido su ciclo menstrual.
-Con los dedos de una mano separar los labios genitales y lavarse sólo con agua.
-Eliminar el primer chorro de orina y sin interrumpir la micción, recoger una porción suficiente (min. 20 ml de orina)., 0)) {"userId":119,"exception":"[object] (Illuminate\\Database\\QueryException(code: 42000): SQLSTATE[42000]: [Microsoft][ODBC Driver 17 for SQL Server][SQL Server]String or binary data would be truncated in table 'dbRacso.dbo.examenesaux_h', column 'indicaciones'. Truncated value: 'TOMA DE MUESTRA EN ORINA Y UROCULTIVO

Muestra adecuada: Primera orina de la mañana
La muestra debe '. (Connection: sqlsrv, SQL: insert into [examenesaux_h] ([idatencion], [tipo], [indicaciones], [state]) values (268517, 1, TOMA DE MUESTRA EN ORINA Y UROCULTIVO

Muestra adecuada: Primera orina de la mañana
La muestra debe ser procesada antes de las dos horas de su recolección.
-El frasco entregado es “estéril” (limpio y sin bacterias).
-Colocar en la etiqueta su nombre, fecha y hora de recolección.
-En el caso de urocultivo, no tomar antibióticos, ni pyridium 2 días antes de proporcionar la muestra.
-Lavarse las manos con agua y jabón y secarse.
-No usar óvulo vaginal desde un día antes de la recolección de la muestra. Si está menstruando
recolectar la muestra 3 días después de haber concluido su ciclo menstrual.
-Con los dedos de una mano separar los labios genitales y lavarse sólo con agua.
-Eliminar el primer chorro de orina y sin interrumpir la micción, recoger una porción suficiente (min. 20 ml de orina)., 0)) at C:\\Eureka\\htdocs\\sanna\\services\\vendor\\laravel\\framework\\src\\Illuminate\\Database\\Connection.php:829)
[stacktrace]
#0 C:\\Eureka\\htdocs\\sanna\\services\\vendor\\laravel\\framework\\src\\Illuminate\\Database\\Connection.php(783): Illuminate\\Database\\Connection->runQueryCallback()
#1 C:\\Eureka\\htdocs\\sanna\\services\\vendor\\laravel\\framework\\src\\Illuminate\\Database\\Connection.php(576): Illuminate\\Database\\Connection->run()
#2 C:\\Eureka\\htdocs\\sanna\\services\\vendor\\laravel\\framework\\src\\Illuminate\\Database\\Connection.php(540): Illuminate\\Database\\Connection->statement()
#3 C:\\Eureka\\htdocs\\sanna\\services\\vendor\\laravel\\framework\\src\\Illuminate\\Database\\Query\\Processors\\SqlServerProcessor.php(24): Illuminate\\Database\\Connection->insert()
#4 C:\\Eureka\\htdocs\\sanna\\services\\vendor\\laravel\\framework\\src\\Illuminate\\Database\\Query\\Builder.php(3507): Illuminate\\Database\\Query\\Processors\\SqlServerProcessor->processInsertGetId()
#5 C:\\Eureka\\htdocs\\sanna\\services\\app\\Http\\Controllers\\RegistroatencionController.php(1331): Illuminate\\Database\\Query\\Builder->insertGetId()
#6 C:\\Eureka\\htdocs\\sanna\\services\\vendor\\laravel\\framework\\src\\Illuminate\\Routing\\Controller.php(54): App\\Http\\Controllers\\RegistroatencionController->generarExamenesauxiliaresConsulta()
#7 C:\\Eureka\\htdocs\\sanna\\services\\vendor\\laravel\\framework\\src\\Illuminate\\Routing\\ControllerDispatcher.php(43): Illuminate\\Routing\\Controller->callAction()
#8 C:\\Eureka\\htdocs\\sanna\\services\\vendor\\laravel\\framework\\src\\Illuminate\\Routing\\Route.php(259): Illuminate\\Routing\\ControllerDispatcher->dispatch()
#9 C:\\Eureka\\htdocs\\sanna\\services\\vendor\\laravel\\framework\\src\\Illuminate\\Routing\\Route.php(205): Illuminate\\Routing\\Route->runController()
#10 C:\\Eureka\\htdocs\\sanna\\services\\vendor\\laravel\\framework\\src\\Illuminate\\Routing\\Router.php(806): Illuminate\\Routing\\Route->run()
#11 C:\\Eureka\\htdocs\\sanna\\services\\vendor\\laravel\\framework\\src\\Illuminate\\Pipeline\\Pipeline.php(144): Illuminate\\Routing\\Router->Illuminate\\Routing\\{closure}()
#12 C:\\Eureka\\htdocs\\sanna\\services\\app\\Http\\Middleware\\ValidarToken.php(32): Illuminate\\Pipeline\\Pipeline->Illuminate\\Pipeline\\{closure}()
#13 C:\\Eureka\\htdocs\\sanna\\services\\vendor\\laravel\\framework\\src\\Illuminate\\Pipeline\\Pipeline.php(183): App\\Http\\Middleware\\ValidarToken->handle()
#14 C:\\Eureka\\htdocs\\sanna\\services\\vendor\\laravel\\framework\\src\\Illuminate\\Routing\\Middleware\\SubstituteBindings.php(50): Illuminate\\Pipeline\\Pipeline->Illuminate\\Pipeline\\{closure}()
#15 C:\\Eureka\\htdocs\\sanna\\services\\vendor\\laravel\\framework\\src\\Illuminate\\Pipeline\\Pipeline.php(183): Illuminate\\Routing\\Middleware\\SubstituteBindings->handle()
#16 C:\\Eureka\\htdocs\\sanna\\services\\vendor\\laravel\\framework\\src\\Illuminate\\Routing\\Middleware\\ThrottleRequests.php(159): Illuminate\\Pipeline\\Pipeline->Illuminate\\Pipeline\\{closure}()
#17 C:\\Eureka\\htdocs\\sanna\\services\\vendor\\laravel\\framework\\src\\Illuminate\\Routing\\Middleware\\ThrottleRequests.php(125): Illuminate\\Routing\\Middleware\\ThrottleRequests->handleRequest()
#18 C:\\Eureka\\htdocs\\sanna\\services\\vendor\\laravel\\framework\\src\\Illuminate\\Routing\\Middleware\\ThrottleRequests.php(87): Illuminate\\Routing\\Middleware\\ThrottleRequests->handleRequestUsingNamedLimiter()
#19 C:\\Eureka\\htdocs\\sanna\\services\\vendor\\laravel\\framework\\src\\Illuminate\\Pipeline\\Pipeline.php(183): Illuminate\\Routing\\Middleware\\ThrottleRequests->handle()
#20 C:\\Eureka\\htdocs\\sanna\\services\\vendor\\laravel\\framework\\src\\Illuminate\\Pipeline\\Pipeline.php(119): Illuminate\\Pipeline\\Pipeline->Illuminate\\Pipeline\\{closure}()
#21 C:\\Eureka\\htdocs\\sanna\\services\\vendor\\laravel\\framework\\src\\Illuminate\\Routing\\Router.php(805): Illuminate\\Pipeline\\Pipeline->then()
#22 C:\\Eureka\\htdocs\\sanna\\services\\vendor\\laravel\\framework\\src\\Illuminate\\Routing\\Router.php(784): Illuminate\\Routing\\Router->runRouteWithinStack()
#23 C:\\Eureka\\htdocs\\sanna\\services\\vendor\\laravel\\framework\\src\\Illuminate\\Routing\\Router.php(748): Illuminate\\Routing\\Router->runRoute()
#24 C:\\Eureka\\htdocs\\sanna\\services\\vendor\\laravel\\framework\\src\\Illuminate\\Routing\\Router.php(737): Illuminate\\Routing\\Router->dispatchToRoute()
#25 C:\\Eureka\\htdocs\\sanna\\services\\vendor\\laravel\\framework\\src\\Illuminate\\Foundation\\Http\\Kernel.php(200): Illuminate\\Routing\\Router->dispatch()
#26 C:\\Eureka\\htdocs\\sanna\\services\\vendor\\laravel\\framework\\src\\Illuminate\\Pipeline\\Pipeline.php(144): Illuminate\\Foundation\\Http\\Kernel->Illuminate\\Foundation\\Http\\{closure}()
#27 C:\\Eureka\\htdocs\\sanna\\services\\vendor\\laravel\\framework\\src\\Illuminate\\Foundation\\Http\\Middleware\\TransformsRequest.php(21): Illuminate\\Pipeline\\Pipeline->Illuminate\\Pipeline\\{closure}()
#28 C:\\Eureka\\htdocs\\sanna\\services\\vendor\\laravel\\framework\\src\\Illuminate\\Foundation\\Http\\Middleware\\ConvertEmptyStringsToNull.php(31): Illuminate\\Foundation\\Http\\Middleware\\TransformsRequest->handle()
#29 C:\\Eureka\\htdocs\\sanna\\services\\vendor\\laravel\\framework\\src\\Illuminate\\Pipeline\\Pipeline.php(183): Illuminate\\Foundation\\Http\\Middleware\\ConvertEmptyStringsToNull->handle()
#30 C:\\Eureka\\htdocs\\sanna\\services\\vendor\\laravel\\framework\\src\\Illuminate\\Foundation\\Http\\Middleware\\TransformsRequest.php(21): Illuminate\\Pipeline\\Pipeline->Illuminate\\Pipeline\\{closure}()
#31 C:\\Eureka\\htdocs\\sanna\\services\\vendor\\laravel\\framework\\src\\Illuminate\\Foundation\\Http\\Middleware\\TrimStrings.php(40): Illuminate\\Foundation\\Http\\Middleware\\TransformsRequest->handle()
#32 C:\\Eureka\\htdocs\\sanna\\services\\vendor\\laravel\\framework\\src\\Illuminate\\Pipeline\\Pipeline.php(183): Illuminate\\Foundation\\Http\\Middleware\\TrimStrings->handle()
#33 C:\\Eureka\\htdocs\\sanna\\services\\vendor\\laravel\\framework\\src\\Illuminate\\Foundation\\Http\\Middleware\\ValidatePostSize.php(27): Illuminate\\Pipeline\\Pipeline->Illuminate\\Pipeline\\{closure}()
#34 C:\\Eureka\\htdocs\\sanna\\services\\vendor\\laravel\\framework\\src\\Illuminate\\Pipeline\\Pipeline.php(183): Illuminate\\Foundation\\Http\\Middleware\\ValidatePostSize->handle()
#35 C:\\Eureka\\htdocs\\sanna\\services\\vendor\\laravel\\framework\\src\\Illuminate\\Foundation\\Http\\Middleware\\PreventRequestsDuringMaintenance.php(99): Illuminate\\Pipeline\\Pipeline->Illuminate\\Pipeline\\{closure}()
#36 C:\\Eureka\\htdocs\\sanna\\services\\vendor\\laravel\\framework\\src\\Illuminate\\Pipeline\\Pipeline.php(183): Illuminate\\Foundation\\Http\\Middleware\\PreventRequestsDuringMaintenance->handle()
#37 C:\\Eureka\\htdocs\\sanna\\services\\vendor\\laravel\\framework\\src\\Illuminate\\Http\\Middleware\\HandleCors.php(62): Illuminate\\Pipeline\\Pipeline->Illuminate\\Pipeline\\{closure}()
#38 C:\\Eureka\\htdocs\\sanna\\services\\vendor\\laravel\\framework\\src\\Illuminate\\Pipeline\\Pipeline.php(183): Illuminate\\Http\\Middleware\\HandleCors->handle()
#39 C:\\Eureka\\htdocs\\sanna\\services\\vendor\\laravel\\framework\\src\\Illuminate\\Http\\Middleware\\TrustProxies.php(39): Illuminate\\Pipeline\\Pipeline->Illuminate\\Pipeline\\{closure}()
#40 C:\\Eureka\\htdocs\\sanna\\services\\vendor\\laravel\\framework\\src\\Illuminate\\Pipeline\\Pipeline.php(183): Illuminate\\Http\\Middleware\\TrustProxies->handle()
#41 C:\\Eureka\\htdocs\\sanna\\services\\vendor\\laravel\\framework\\src\\Illuminate\\Pipeline\\Pipeline.php(119): Illuminate\\Pipeline\\Pipeline->Illuminate\\Pipeline\\{closure}()
#42 C:\\Eureka\\htdocs\\sanna\\services\\vendor\\laravel\\framework\\src\\Illuminate\\Foundation\\Http\\Kernel.php(175): Illuminate\\Pipeline\\Pipeline->then()
#43 C:\\Eureka\\htdocs\\sanna\\services\\vendor\\laravel\\framework\\src\\Illuminate\\Foundation\\Http\\Kernel.php(144): Illuminate\\Foundation\\Http\\Kernel->sendRequestThroughRouter()
#44 C:\\Eureka\\htdocs\\sanna\\services\\public\\index.php(54): Illuminate\\Foundation\\Http\\Kernel->handle()
#45 {main}

[previous exception] [object] (PDOException(code: 42000): SQLSTATE[42000]: [Microsoft][ODBC Driver 17 for SQL Server][SQL Server]String or binary data would be truncated in table 'dbRacso.dbo.examenesaux_h', column 'indicaciones'. Truncated value: 'TOMA DE MUESTRA EN ORINA Y UROCULTIVO

Muestra adecuada: Primera orina de la mañana
La muestra debe '. at C:\\Eureka\\htdocs\\sanna\\services\\vendor\\laravel\\framework\\src\\Illuminate\\Database\\Connection.php:587)
[stacktrace]
#0 C:\\Eureka\\htdocs\\sanna\\services\\vendor\\laravel\\framework\\src\\Illuminate\\Database\\Connection.php(587): PDOStatement->execute()
#1 C:\\Eureka\\htdocs\\sanna\\services\\vendor\\laravel\\framework\\src\\Illuminate\\Database\\Connection.php(816): Illuminate\\Database\\Connection->Illuminate\\Database\\{closure}()
#2 C:\\Eureka\\htdocs\\sanna\\services\\vendor\\laravel\\framework\\src\\Illuminate\\Database\\Connection.php(783): Illuminate\\Database\\Connection->runQueryCallback()
#3 C:\\Eureka\\htdocs\\sanna\\services\\vendor\\laravel\\framework\\src\\Illuminate\\Database\\Connection.php(576): Illuminate\\Database\\Connection->run()
#4 C:\\Eureka\\htdocs\\sanna\\services\\vendor\\laravel\\framework\\src\\Illuminate\\Database\\Connection.php(540): Illuminate\\Database\\Connection->statement()
#5 C:\\Eureka\\htdocs\\sanna\\services\\vendor\\laravel\\framework\\src\\Illuminate\\Database\\Query\\Processors\\SqlServerProcessor.php(24): Illuminate\\Database\\Connection->insert()
#6 C:\\Eureka\\htdocs\\sanna\\services\\vendor\\laravel\\framework\\src\\Illuminate\\Database\\Query\\Builder.php(3507): Illuminate\\Database\\Query\\Processors\\SqlServerProcessor->processInsertGetId()
#7 C:\\Eureka\\htdocs\\sanna\\services\\app\\Http\\Controllers\\RegistroatencionController.php(1331): Illuminate\\Database\\Query\\Builder->insertGetId()
#8 C:\\Eureka\\htdocs\\sanna\\services\\vendor\\laravel\\framework\\src\\Illuminate\\Routing\\Controller.php(54): App\\Http\\Controllers\\RegistroatencionController->generarExamenesauxiliaresConsulta()
#9 C:\\Eureka\\htdocs\\sanna\\services\\vendor\\laravel\\framework\\src\\Illuminate\\Routing\\ControllerDispatcher.php(43): Illuminate\\Routing\\Controller->callAction()
#10 C:\\Eureka\\htdocs\\sanna\\services\\vendor\\laravel\\framework\\src\\Illuminate\\Routing\\Route.php(259): Illuminate\\Routing\\ControllerDispatcher->dispatch()
#11 C:\\Eureka\\htdocs\\sanna\\services\\vendor\\laravel\\framework\\src\\Illuminate\\Routing\\Route.php(205): Illuminate\\Routing\\Route->runController()
#12 C:\\Eureka\\htdocs\\sanna\\services\\vendor\\laravel\\framework\\src\\Illuminate\\Routing\\Router.php(806): Illuminate\\Routing\\Route->run()
#13 C:\\Eureka\\htdocs\\sanna\\services\\vendor\\laravel\\framework\\src\\Illuminate\\Pipeline\\Pipeline.php(144): Illuminate\\Routing\\Router->Illuminate\\Routing\\{closure}()
#14 C:\\Eureka\\htdocs\\sanna\\services\\app\\Http\\Middleware\\ValidarToken.php(32): Illuminate\\Pipeline\\Pipeline->Illuminate\\Pipeline\\{closure}()
#15 C:\\Eureka\\htdocs\\sanna\\services\\vendor\\laravel\\framework\\src\\Illuminate\\Pipeline\\Pipeline.php(183): App\\Http\\Middleware\\ValidarToken->handle()
#16 C:\\Eureka\\htdocs\\sanna\\services\\vendor\\laravel\\framework\\src\\Illuminate\\Routing\\Middleware\\SubstituteBindings.php(50): Illuminate\\Pipeline\\Pipeline->Illuminate\\Pipeline\\{closure}()
#17 C:\\Eureka\\htdocs\\sanna\\services\\vendor\\laravel\\framework\\src\\Illuminate\\Pipeline\\Pipeline.php(183): Illuminate\\Routing\\Middleware\\SubstituteBindings->handle()
#18 C:\\Eureka\\htdocs\\sanna\\services\\vendor\\laravel\\framework\\src\\Illuminate\\Routing\\Middleware\\ThrottleRequests.php(159): Illuminate\\Pipeline\\Pipeline->Illuminate\\Pipeline\\{closure}()
#19 C:\\Eureka\\htdocs\\sanna\\services\\vendor\\laravel\\framework\\src\\Illuminate\\Routing\\Middleware\\ThrottleRequests.php(125): Illuminate\\Routing\\Middleware\\ThrottleRequests->handleRequest()
#20 C:\\Eureka\\htdocs\\sanna\\services\\vendor\\laravel\\framework\\src\\Illuminate\\Routing\\Middleware\\ThrottleRequests.php(87): Illuminate\\Routing\\Middleware\\ThrottleRequests->handleRequestUsingNamedLimiter()
#21 C:\\Eureka\\htdocs\\sanna\\services\\vendor\\laravel\\framework\\src\\Illuminate\\Pipeline\\Pipeline.php(183): Illuminate\\Routing\\Middleware\\ThrottleRequests->handle()
#22 C:\\Eureka\\htdocs\\sanna\\services\\vendor\\laravel\\framework\\src\\Illuminate\\Pipeline\\Pipeline.php(119): Illuminate\\Pipeline\\Pipeline->Illuminate\\Pipeline\\{closure}()
#23 C:\\Eureka\\htdocs\\sanna\\services\\vendor\\laravel\\framework\\src\\Illuminate\\Routing\\Router.php(805): Illuminate\\Pipeline\\Pipeline->then()
#24 C:\\Eureka\\htdocs\\sanna\\services\\vendor\\laravel\\framework\\src\\Illuminate\\Routing\\Router.php(784): Illuminate\\Routing\\Router->runRouteWithinStack()
#25 C:\\Eureka\\htdocs\\sanna\\services\\vendor\\laravel\\framework\\src\\Illuminate\\Routing\\Router.php(748): Illuminate\\Routing\\Router->runRoute()
#26 C:\\Eureka\\htdocs\\sanna\\services\\vendor\\laravel\\framework\\src\\Illuminate\\Routing\\Router.php(737): Illuminate\\Routing\\Router->dispatchToRoute()
#27 C:\\Eureka\\htdocs\\sanna\\services\\vendor\\laravel\\framework\\src\\Illuminate\\Foundation\\Http\\Kernel.php(200): Illuminate\\Routing\\Router->dispatch()
#28 C:\\Eureka\\htdocs\\sanna\\services\\vendor\\laravel\\framework\\src\\Illuminate\\Pipeline\\Pipeline.php(144): Illuminate\\Foundation\\Http\\Kernel->Illuminate\\Foundation\\Http\\{closure}()
#29 C:\\Eureka\\htdocs\\sanna\\services\\vendor\\laravel\\framework\\src\\Illuminate\\Foundation\\Http\\Middleware\\TransformsRequest.php(21): Illuminate\\Pipeline\\Pipeline->Illuminate\\Pipeline\\{closure}()
#30 C:\\Eureka\\htdocs\\sanna\\services\\vendor\\laravel\\framework\\src\\Illuminate\\Foundation\\Http\\Middleware\\ConvertEmptyStringsToNull.php(31): Illuminate\\Foundation\\Http\\Middleware\\TransformsRequest->handle()
#31 C:\\Eureka\\htdocs\\sanna\\services\\vendor\\laravel\\framework\\src\\Illuminate\\Pipeline\\Pipeline.php(183): Illuminate\\Foundation\\Http\\Middleware\\ConvertEmptyStringsToNull->handle()
#32 C:\\Eureka\\htdocs\\sanna\\services\\vendor\\laravel\\framework\\src\\Illuminate\\Foundation\\Http\\Middleware\\TransformsRequest.php(21): Illuminate\\Pipeline\\Pipeline->Illuminate\\Pipeline\\{closure}()
#33 C:\\Eureka\\htdocs\\sanna\\services\\vendor\\laravel\\framework\\src\\Illuminate\\Foundation\\Http\\Middleware\\TrimStrings.php(40): Illuminate\\Foundation\\Http\\Middleware\\TransformsRequest->handle()
#34 C:\\Eureka\\htdocs\\sanna\\services\\vendor\\laravel\\framework\\src\\Illuminate\\Pipeline\\Pipeline.php(183): Illuminate\\Foundation\\Http\\Middleware\\TrimStrings->handle()
#35 C:\\Eureka\\htdocs\\sanna\\services\\vendor\\laravel\\framework\\src\\Illuminate\\Foundation\\Http\\Middleware\\ValidatePostSize.php(27): Illuminate\\Pipeline\\Pipeline->Illuminate\\Pipeline\\{closure}()
#36 C:\\Eureka\\htdocs\\sanna\\services\\vendor\\laravel\\framework\\src\\Illuminate\\Pipeline\\Pipeline.php(183): Illuminate\\Foundation\\Http\\Middleware\\ValidatePostSize->handle()
#37 C:\\Eureka\\htdocs\\sanna\\services\\vendor\\laravel\\framework\\src\\Illuminate\\Foundation\\Http\\Middleware\\PreventRequestsDuringMaintenance.php(99): Illuminate\\Pipeline\\Pipeline->Illuminate\\Pipeline\\{closure}()
#38 C:\\Eureka\\htdocs\\sanna\\services\\vendor\\laravel\\framework\\src\\Illuminate\\Pipeline\\Pipeline.php(183): Illuminate\\Foundation\\Http\\Middleware\\PreventRequestsDuringMaintenance->handle()
#39 C:\\Eureka\\htdocs\\sanna\\services\\vendor\\laravel\\framework\\src\\Illuminate\\Http\\Middleware\\HandleCors.php(62): Illuminate\\Pipeline\\Pipeline->Illuminate\\Pipeline\\{closure}()
#40 C:\\Eureka\\htdocs\\sanna\\services\\vendor\\laravel\\framework\\src\\Illuminate\\Pipeline\\Pipeline.php(183): Illuminate\\Http\\Middleware\\HandleCors->handle()
#41 C:\\Eureka\\htdocs\\sanna\\services\\vendor\\laravel\\framework\\src\\Illuminate\\Http\\Middleware\\TrustProxies.php(39): Illuminate\\Pipeline\\Pipeline->Illuminate\\Pipeline\\{closure}()
#42 C:\\Eureka\\htdocs\\sanna\\services\\vendor\\laravel\\framework\\src\\Illuminate\\Pipeline\\Pipeline.php(183): Illuminate\\Http\\Middleware\\TrustProxies->handle()
#43 C:\\Eureka\\htdocs\\sanna\\services\\vendor\\laravel\\framework\\src\\Illuminate\\Pipeline\\Pipeline.php(119): Illuminate\\Pipeline\\Pipeline->Illuminate\\Pipeline\\{closure}()
#44 C:\\Eureka\\htdocs\\sanna\\services\\vendor\\laravel\\framework\\src\\Illuminate\\Foundation\\Http\\Kernel.php(175): Illuminate\\Pipeline\\Pipeline->then()
#45 C:\\Eureka\\htdocs\\sanna\\services\\vendor\\laravel\\framework\\src\\Illuminate\\Foundation\\Http\\Kernel.php(144): Illuminate\\Foundation\\Http\\Kernel->sendRequestThroughRouter()
#46 C:\\Eureka\\htdocs\\sanna\\services\\public\\index.php(54): Illuminate\\Foundation\\Http\\Kernel->handle()
#47 {main}
"} 
[2025-06-19 22:53:32] local.ERROR: SQLSTATE[42000]: [Microsoft][ODBC Driver 17 for SQL Server][SQL Server]String or binary data would be truncated in table 'dbRacso.dbo.examenesaux_h', column 'indicaciones'. Truncated value: 'Paciente varón de 64 años con un tiempo de enfermedad de 4 días acude con dolor lumbar severo que se'. (Connection: sqlsrv, SQL: insert into [examenesaux_h] ([idatencion], [tipo], [indicaciones], [state]) values (271468, 0, Paciente varón de 64 años con un tiempo de enfermedad de 4 días acude con dolor lumbar severo que se exacerba a la movilización y al estar sentado. Además, refiere que anteriormente ha tenido varios episodios similares. Se recomienda radiografia lumbar AP y lateral para descarte de espondiloartrosis., 0)) {"userId":1467,"exception":"[object] (Illuminate\\Database\\QueryException(code: 42000): SQLSTATE[42000]: [Microsoft][ODBC Driver 17 for SQL Server][SQL Server]String or binary data would be truncated in table 'dbRacso.dbo.examenesaux_h', column 'indicaciones'. Truncated value: 'Paciente varón de 64 años con un tiempo de enfermedad de 4 días acude con dolor lumbar severo que se'. (Connection: sqlsrv, SQL: insert into [examenesaux_h] ([idatencion], [tipo], [indicaciones], [state]) values (271468, 0, Paciente varón de 64 años con un tiempo de enfermedad de 4 días acude con dolor lumbar severo que se exacerba a la movilización y al estar sentado. Además, refiere que anteriormente ha tenido varios episodios similares. Se recomienda radiografia lumbar AP y lateral para descarte de espondiloartrosis., 0)) at C:\\Eureka\\htdocs\\sanna\\services\\vendor\\laravel\\framework\\src\\Illuminate\\Database\\Connection.php:829)
[stacktrace]
#0 C:\\Eureka\\htdocs\\sanna\\services\\vendor\\laravel\\framework\\src\\Illuminate\\Database\\Connection.php(783): Illuminate\\Database\\Connection->runQueryCallback()
#1 C:\\Eureka\\htdocs\\sanna\\services\\vendor\\laravel\\framework\\src\\Illuminate\\Database\\Connection.php(576): Illuminate\\Database\\Connection->run()
#2 C:\\Eureka\\htdocs\\sanna\\services\\vendor\\laravel\\framework\\src\\Illuminate\\Database\\Connection.php(540): Illuminate\\Database\\Connection->statement()
#3 C:\\Eureka\\htdocs\\sanna\\services\\vendor\\laravel\\framework\\src\\Illuminate\\Database\\Query\\Processors\\SqlServerProcessor.php(24): Illuminate\\Database\\Connection->insert()
#4 C:\\Eureka\\htdocs\\sanna\\services\\vendor\\laravel\\framework\\src\\Illuminate\\Database\\Query\\Builder.php(3507): Illuminate\\Database\\Query\\Processors\\SqlServerProcessor->processInsertGetId()
#5 C:\\Eureka\\htdocs\\sanna\\services\\app\\Http\\Controllers\\RegistroatencionController.php(1307): Illuminate\\Database\\Query\\Builder->insertGetId()
#6 C:\\Eureka\\htdocs\\sanna\\services\\vendor\\laravel\\framework\\src\\Illuminate\\Routing\\Controller.php(54): App\\Http\\Controllers\\RegistroatencionController->generarExamenesauxiliaresConsulta()
#7 C:\\Eureka\\htdocs\\sanna\\services\\vendor\\laravel\\framework\\src\\Illuminate\\Routing\\ControllerDispatcher.php(43): Illuminate\\Routing\\Controller->callAction()
#8 C:\\Eureka\\htdocs\\sanna\\services\\vendor\\laravel\\framework\\src\\Illuminate\\Routing\\Route.php(259): Illuminate\\Routing\\ControllerDispatcher->dispatch()
#9 C:\\Eureka\\htdocs\\sanna\\services\\vendor\\laravel\\framework\\src\\Illuminate\\Routing\\Route.php(205): Illuminate\\Routing\\Route->runController()
#10 C:\\Eureka\\htdocs\\sanna\\services\\vendor\\laravel\\framework\\src\\Illuminate\\Routing\\Router.php(806): Illuminate\\Routing\\Route->run()
#11 C:\\Eureka\\htdocs\\sanna\\services\\vendor\\laravel\\framework\\src\\Illuminate\\Pipeline\\Pipeline.php(144): Illuminate\\Routing\\Router->Illuminate\\Routing\\{closure}()
#12 C:\\Eureka\\htdocs\\sanna\\services\\app\\Http\\Middleware\\ValidarToken.php(32): Illuminate\\Pipeline\\Pipeline->Illuminate\\Pipeline\\{closure}()
#13 C:\\Eureka\\htdocs\\sanna\\services\\vendor\\laravel\\framework\\src\\Illuminate\\Pipeline\\Pipeline.php(183): App\\Http\\Middleware\\ValidarToken->handle()
#14 C:\\Eureka\\htdocs\\sanna\\services\\vendor\\laravel\\framework\\src\\Illuminate\\Routing\\Middleware\\SubstituteBindings.php(50): Illuminate\\Pipeline\\Pipeline->Illuminate\\Pipeline\\{closure}()
#15 C:\\Eureka\\htdocs\\sanna\\services\\vendor\\laravel\\framework\\src\\Illuminate\\Pipeline\\Pipeline.php(183): Illuminate\\Routing\\Middleware\\SubstituteBindings->handle()
#16 C:\\Eureka\\htdocs\\sanna\\services\\vendor\\laravel\\framework\\src\\Illuminate\\Routing\\Middleware\\ThrottleRequests.php(159): Illuminate\\Pipeline\\Pipeline->Illuminate\\Pipeline\\{closure}()
#17 C:\\Eureka\\htdocs\\sanna\\services\\vendor\\laravel\\framework\\src\\Illuminate\\Routing\\Middleware\\ThrottleRequests.php(125): Illuminate\\Routing\\Middleware\\ThrottleRequests->handleRequest()
#18 C:\\Eureka\\htdocs\\sanna\\services\\vendor\\laravel\\framework\\src\\Illuminate\\Routing\\Middleware\\ThrottleRequests.php(87): Illuminate\\Routing\\Middleware\\ThrottleRequests->handleRequestUsingNamedLimiter()
#19 C:\\Eureka\\htdocs\\sanna\\services\\vendor\\laravel\\framework\\src\\Illuminate\\Pipeline\\Pipeline.php(183): Illuminate\\Routing\\Middleware\\ThrottleRequests->handle()
#20 C:\\Eureka\\htdocs\\sanna\\services\\vendor\\laravel\\framework\\src\\Illuminate\\Pipeline\\Pipeline.php(119): Illuminate\\Pipeline\\Pipeline->Illuminate\\Pipeline\\{closure}()
#21 C:\\Eureka\\htdocs\\sanna\\services\\vendor\\laravel\\framework\\src\\Illuminate\\Routing\\Router.php(805): Illuminate\\Pipeline\\Pipeline->then()
#22 C:\\Eureka\\htdocs\\sanna\\services\\vendor\\laravel\\framework\\src\\Illuminate\\Routing\\Router.php(784): Illuminate\\Routing\\Router->runRouteWithinStack()
#23 C:\\Eureka\\htdocs\\sanna\\services\\vendor\\laravel\\framework\\src\\Illuminate\\Routing\\Router.php(748): Illuminate\\Routing\\Router->runRoute()
#24 C:\\Eureka\\htdocs\\sanna\\services\\vendor\\laravel\\framework\\src\\Illuminate\\Routing\\Router.php(737): Illuminate\\Routing\\Router->dispatchToRoute()
#25 C:\\Eureka\\htdocs\\sanna\\services\\vendor\\laravel\\framework\\src\\Illuminate\\Foundation\\Http\\Kernel.php(200): Illuminate\\Routing\\Router->dispatch()
#26 C:\\Eureka\\htdocs\\sanna\\services\\vendor\\laravel\\framework\\src\\Illuminate\\Pipeline\\Pipeline.php(144): Illuminate\\Foundation\\Http\\Kernel->Illuminate\\Foundation\\Http\\{closure}()
#27 C:\\Eureka\\htdocs\\sanna\\services\\vendor\\laravel\\framework\\src\\Illuminate\\Foundation\\Http\\Middleware\\TransformsRequest.php(21): Illuminate\\Pipeline\\Pipeline->Illuminate\\Pipeline\\{closure}()
#28 C:\\Eureka\\htdocs\\sanna\\services\\vendor\\laravel\\framework\\src\\Illuminate\\Foundation\\Http\\Middleware\\ConvertEmptyStringsToNull.php(31): Illuminate\\Foundation\\Http\\Middleware\\TransformsRequest->handle()
#29 C:\\Eureka\\htdocs\\sanna\\services\\vendor\\laravel\\framework\\src\\Illuminate\\Pipeline\\Pipeline.php(183): Illuminate\\Foundation\\Http\\Middleware\\ConvertEmptyStringsToNull->handle()
#30 C:\\Eureka\\htdocs\\sanna\\services\\vendor\\laravel\\framework\\src\\Illuminate\\Foundation\\Http\\Middleware\\TransformsRequest.php(21): Illuminate\\Pipeline\\Pipeline->Illuminate\\Pipeline\\{closure}()
#31 C:\\Eureka\\htdocs\\sanna\\services\\vendor\\laravel\\framework\\src\\Illuminate\\Foundation\\Http\\Middleware\\TrimStrings.php(40): Illuminate\\Foundation\\Http\\Middleware\\TransformsRequest->handle()
#32 C:\\Eureka\\htdocs\\sanna\\services\\vendor\\laravel\\framework\\src\\Illuminate\\Pipeline\\Pipeline.php(183): Illuminate\\Foundation\\Http\\Middleware\\TrimStrings->handle()
#33 C:\\Eureka\\htdocs\\sanna\\services\\vendor\\laravel\\framework\\src\\Illuminate\\Foundation\\Http\\Middleware\\ValidatePostSize.php(27): Illuminate\\Pipeline\\Pipeline->Illuminate\\Pipeline\\{closure}()
#34 C:\\Eureka\\htdocs\\sanna\\services\\vendor\\laravel\\framework\\src\\Illuminate\\Pipeline\\Pipeline.php(183): Illuminate\\Foundation\\Http\\Middleware\\ValidatePostSize->handle()
#35 C:\\Eureka\\htdocs\\sanna\\services\\vendor\\laravel\\framework\\src\\Illuminate\\Foundation\\Http\\Middleware\\PreventRequestsDuringMaintenance.php(99): Illuminate\\Pipeline\\Pipeline->Illuminate\\Pipeline\\{closure}()
#36 C:\\Eureka\\htdocs\\sanna\\services\\vendor\\laravel\\framework\\src\\Illuminate\\Pipeline\\Pipeline.php(183): Illuminate\\Foundation\\Http\\Middleware\\PreventRequestsDuringMaintenance->handle()
#37 C:\\Eureka\\htdocs\\sanna\\services\\vendor\\laravel\\framework\\src\\Illuminate\\Http\\Middleware\\HandleCors.php(62): Illuminate\\Pipeline\\Pipeline->Illuminate\\Pipeline\\{closure}()
#38 C:\\Eureka\\htdocs\\sanna\\services\\vendor\\laravel\\framework\\src\\Illuminate\\Pipeline\\Pipeline.php(183): Illuminate\\Http\\Middleware\\HandleCors->handle()
#39 C:\\Eureka\\htdocs\\sanna\\services\\vendor\\laravel\\framework\\src\\Illuminate\\Http\\Middleware\\TrustProxies.php(39): Illuminate\\Pipeline\\Pipeline->Illuminate\\Pipeline\\{closure}()
#40 C:\\Eureka\\htdocs\\sanna\\services\\vendor\\laravel\\framework\\src\\Illuminate\\Pipeline\\Pipeline.php(183): Illuminate\\Http\\Middleware\\TrustProxies->handle()
#41 C:\\Eureka\\htdocs\\sanna\\services\\vendor\\laravel\\framework\\src\\Illuminate\\Pipeline\\Pipeline.php(119): Illuminate\\Pipeline\\Pipeline->Illuminate\\Pipeline\\{closure}()
#42 C:\\Eureka\\htdocs\\sanna\\services\\vendor\\laravel\\framework\\src\\Illuminate\\Foundation\\Http\\Kernel.php(175): Illuminate\\Pipeline\\Pipeline->then()
#43 C:\\Eureka\\htdocs\\sanna\\services\\vendor\\laravel\\framework\\src\\Illuminate\\Foundation\\Http\\Kernel.php(144): Illuminate\\Foundation\\Http\\Kernel->sendRequestThroughRouter()
#44 C:\\Eureka\\htdocs\\sanna\\services\\public\\index.php(54): Illuminate\\Foundation\\Http\\Kernel->handle()
#45 {main}

[previous exception] [object] (PDOException(code: 42000): SQLSTATE[42000]: [Microsoft][ODBC Driver 17 for SQL Server][SQL Server]String or binary data would be truncated in table 'dbRacso.dbo.examenesaux_h', column 'indicaciones'. Truncated value: 'Paciente varón de 64 años con un tiempo de enfermedad de 4 días acude con dolor lumbar severo que se'. at C:\\Eureka\\htdocs\\sanna\\services\\vendor\\laravel\\framework\\src\\Illuminate\\Database\\Connection.php:587)
[stacktrace]
#0 C:\\Eureka\\htdocs\\sanna\\services\\vendor\\laravel\\framework\\src\\Illuminate\\Database\\Connection.php(587): PDOStatement->execute()
#1 C:\\Eureka\\htdocs\\sanna\\services\\vendor\\laravel\\framework\\src\\Illuminate\\Database\\Connection.php(816): Illuminate\\Database\\Connection->Illuminate\\Database\\{closure}()
#2 C:\\Eureka\\htdocs\\sanna\\services\\vendor\\laravel\\framework\\src\\Illuminate\\Database\\Connection.php(783): Illuminate\\Database\\Connection->runQueryCallback()
#3 C:\\Eureka\\htdocs\\sanna\\services\\vendor\\laravel\\framework\\src\\Illuminate\\Database\\Connection.php(576): Illuminate\\Database\\Connection->run()
#4 C:\\Eureka\\htdocs\\sanna\\services\\vendor\\laravel\\framework\\src\\Illuminate\\Database\\Connection.php(540): Illuminate\\Database\\Connection->statement()
#5 C:\\Eureka\\htdocs\\sanna\\services\\vendor\\laravel\\framework\\src\\Illuminate\\Database\\Query\\Processors\\SqlServerProcessor.php(24): Illuminate\\Database\\Connection->insert()
#6 C:\\Eureka\\htdocs\\sanna\\services\\vendor\\laravel\\framework\\src\\Illuminate\\Database\\Query\\Builder.php(3507): Illuminate\\Database\\Query\\Processors\\SqlServerProcessor->processInsertGetId()
#7 C:\\Eureka\\htdocs\\sanna\\services\\app\\Http\\Controllers\\RegistroatencionController.php(1307): Illuminate\\Database\\Query\\Builder->insertGetId()
#8 C:\\Eureka\\htdocs\\sanna\\services\\vendor\\laravel\\framework\\src\\Illuminate\\Routing\\Controller.php(54): App\\Http\\Controllers\\RegistroatencionController->generarExamenesauxiliaresConsulta()
#9 C:\\Eureka\\htdocs\\sanna\\services\\vendor\\laravel\\framework\\src\\Illuminate\\Routing\\ControllerDispatcher.php(43): Illuminate\\Routing\\Controller->callAction()
#10 C:\\Eureka\\htdocs\\sanna\\services\\vendor\\laravel\\framework\\src\\Illuminate\\Routing\\Route.php(259): Illuminate\\Routing\\ControllerDispatcher->dispatch()
#11 C:\\Eureka\\htdocs\\sanna\\services\\vendor\\laravel\\framework\\src\\Illuminate\\Routing\\Route.php(205): Illuminate\\Routing\\Route->runController()
#12 C:\\Eureka\\htdocs\\sanna\\services\\vendor\\laravel\\framework\\src\\Illuminate\\Routing\\Router.php(806): Illuminate\\Routing\\Route->run()
#13 C:\\Eureka\\htdocs\\sanna\\services\\vendor\\laravel\\framework\\src\\Illuminate\\Pipeline\\Pipeline.php(144): Illuminate\\Routing\\Router->Illuminate\\Routing\\{closure}()
#14 C:\\Eureka\\htdocs\\sanna\\services\\app\\Http\\Middleware\\ValidarToken.php(32): Illuminate\\Pipeline\\Pipeline->Illuminate\\Pipeline\\{closure}()
#15 C:\\Eureka\\htdocs\\sanna\\services\\vendor\\laravel\\framework\\src\\Illuminate\\Pipeline\\Pipeline.php(183): App\\Http\\Middleware\\ValidarToken->handle()
#16 C:\\Eureka\\htdocs\\sanna\\services\\vendor\\laravel\\framework\\src\\Illuminate\\Routing\\Middleware\\SubstituteBindings.php(50): Illuminate\\Pipeline\\Pipeline->Illuminate\\Pipeline\\{closure}()
#17 C:\\Eureka\\htdocs\\sanna\\services\\vendor\\laravel\\framework\\src\\Illuminate\\Pipeline\\Pipeline.php(183): Illuminate\\Routing\\Middleware\\SubstituteBindings->handle()
#18 C:\\Eureka\\htdocs\\sanna\\services\\vendor\\laravel\\framework\\src\\Illuminate\\Routing\\Middleware\\ThrottleRequests.php(159): Illuminate\\Pipeline\\Pipeline->Illuminate\\Pipeline\\{closure}()
#19 C:\\Eureka\\htdocs\\sanna\\services\\vendor\\laravel\\framework\\src\\Illuminate\\Routing\\Middleware\\ThrottleRequests.php(125): Illuminate\\Routing\\Middleware\\ThrottleRequests->handleRequest()
#20 C:\\Eureka\\htdocs\\sanna\\services\\vendor\\laravel\\framework\\src\\Illuminate\\Routing\\Middleware\\ThrottleRequests.php(87): Illuminate\\Routing\\Middleware\\ThrottleRequests->handleRequestUsingNamedLimiter()
#21 C:\\Eureka\\htdocs\\sanna\\services\\vendor\\laravel\\framework\\src\\Illuminate\\Pipeline\\Pipeline.php(183): Illuminate\\Routing\\Middleware\\ThrottleRequests->handle()
#22 C:\\Eureka\\htdocs\\sanna\\services\\vendor\\laravel\\framework\\src\\Illuminate\\Pipeline\\Pipeline.php(119): Illuminate\\Pipeline\\Pipeline->Illuminate\\Pipeline\\{closure}()
#23 C:\\Eureka\\htdocs\\sanna\\services\\vendor\\laravel\\framework\\src\\Illuminate\\Routing\\Router.php(805): Illuminate\\Pipeline\\Pipeline->then()
#24 C:\\Eureka\\htdocs\\sanna\\services\\vendor\\laravel\\framework\\src\\Illuminate\\Routing\\Router.php(784): Illuminate\\Routing\\Router->runRouteWithinStack()
#25 C:\\Eureka\\htdocs\\sanna\\services\\vendor\\laravel\\framework\\src\\Illuminate\\Routing\\Router.php(748): Illuminate\\Routing\\Router->runRoute()
#26 C:\\Eureka\\htdocs\\sanna\\services\\vendor\\laravel\\framework\\src\\Illuminate\\Routing\\Router.php(737): Illuminate\\Routing\\Router->dispatchToRoute()
#27 C:\\Eureka\\htdocs\\sanna\\services\\vendor\\laravel\\framework\\src\\Illuminate\\Foundation\\Http\\Kernel.php(200): Illuminate\\Routing\\Router->dispatch()
#28 C:\\Eureka\\htdocs\\sanna\\services\\vendor\\laravel\\framework\\src\\Illuminate\\Pipeline\\Pipeline.php(144): Illuminate\\Foundation\\Http\\Kernel->Illuminate\\Foundation\\Http\\{closure}()
#29 C:\\Eureka\\htdocs\\sanna\\services\\vendor\\laravel\\framework\\src\\Illuminate\\Foundation\\Http\\Middleware\\TransformsRequest.php(21): Illuminate\\Pipeline\\Pipeline->Illuminate\\Pipeline\\{closure}()
#30 C:\\Eureka\\htdocs\\sanna\\services\\vendor\\laravel\\framework\\src\\Illuminate\\Foundation\\Http\\Middleware\\ConvertEmptyStringsToNull.php(31): Illuminate\\Foundation\\Http\\Middleware\\TransformsRequest->handle()
#31 C:\\Eureka\\htdocs\\sanna\\services\\vendor\\laravel\\framework\\src\\Illuminate\\Pipeline\\Pipeline.php(183): Illuminate\\Foundation\\Http\\Middleware\\ConvertEmptyStringsToNull->handle()
#32 C:\\Eureka\\htdocs\\sanna\\services\\vendor\\laravel\\framework\\src\\Illuminate\\Foundation\\Http\\Middleware\\TransformsRequest.php(21): Illuminate\\Pipeline\\Pipeline->Illuminate\\Pipeline\\{closure}()
#33 C:\\Eureka\\htdocs\\sanna\\services\\vendor\\laravel\\framework\\src\\Illuminate\\Foundation\\Http\\Middleware\\TrimStrings.php(40): Illuminate\\Foundation\\Http\\Middleware\\TransformsRequest->handle()
#34 C:\\Eureka\\htdocs\\sanna\\services\\vendor\\laravel\\framework\\src\\Illuminate\\Pipeline\\Pipeline.php(183): Illuminate\\Foundation\\Http\\Middleware\\TrimStrings->handle()
#35 C:\\Eureka\\htdocs\\sanna\\services\\vendor\\laravel\\framework\\src\\Illuminate\\Foundation\\Http\\Middleware\\ValidatePostSize.php(27): Illuminate\\Pipeline\\Pipeline->Illuminate\\Pipeline\\{closure}()
#36 C:\\Eureka\\htdocs\\sanna\\services\\vendor\\laravel\\framework\\src\\Illuminate\\Pipeline\\Pipeline.php(183): Illuminate\\Foundation\\Http\\Middleware\\ValidatePostSize->handle()
#37 C:\\Eureka\\htdocs\\sanna\\services\\vendor\\laravel\\framework\\src\\Illuminate\\Foundation\\Http\\Middleware\\PreventRequestsDuringMaintenance.php(99): Illuminate\\Pipeline\\Pipeline->Illuminate\\Pipeline\\{closure}()
#38 C:\\Eureka\\htdocs\\sanna\\services\\vendor\\laravel\\framework\\src\\Illuminate\\Pipeline\\Pipeline.php(183): Illuminate\\Foundation\\Http\\Middleware\\PreventRequestsDuringMaintenance->handle()
#39 C:\\Eureka\\htdocs\\sanna\\services\\vendor\\laravel\\framework\\src\\Illuminate\\Http\\Middleware\\HandleCors.php(62): Illuminate\\Pipeline\\Pipeline->Illuminate\\Pipeline\\{closure}()
#40 C:\\Eureka\\htdocs\\sanna\\services\\vendor\\laravel\\framework\\src\\Illuminate\\Pipeline\\Pipeline.php(183): Illuminate\\Http\\Middleware\\HandleCors->handle()
#41 C:\\Eureka\\htdocs\\sanna\\services\\vendor\\laravel\\framework\\src\\Illuminate\\Http\\Middleware\\TrustProxies.php(39): Illuminate\\Pipeline\\Pipeline->Illuminate\\Pipeline\\{closure}()
#42 C:\\Eureka\\htdocs\\sanna\\services\\vendor\\laravel\\framework\\src\\Illuminate\\Pipeline\\Pipeline.php(183): Illuminate\\Http\\Middleware\\TrustProxies->handle()
#43 C:\\Eureka\\htdocs\\sanna\\services\\vendor\\laravel\\framework\\src\\Illuminate\\Pipeline\\Pipeline.php(119): Illuminate\\Pipeline\\Pipeline->Illuminate\\Pipeline\\{closure}()
#44 C:\\Eureka\\htdocs\\sanna\\services\\vendor\\laravel\\framework\\src\\Illuminate\\Foundation\\Http\\Kernel.php(175): Illuminate\\Pipeline\\Pipeline->then()
#45 C:\\Eureka\\htdocs\\sanna\\services\\vendor\\laravel\\framework\\src\\Illuminate\\Foundation\\Http\\Kernel.php(144): Illuminate\\Foundation\\Http\\Kernel->sendRequestThroughRouter()
#46 C:\\Eureka\\htdocs\\sanna\\services\\public\\index.php(54): Illuminate\\Foundation\\Http\\Kernel->handle()
#47 {main}
"} 
[2025-06-19 22:53:58] local.ERROR: SQLSTATE[42000]: [Microsoft][ODBC Driver 17 for SQL Server][SQL Server]String or binary data would be truncated in table 'dbRacso.dbo.examenesaux_h', column 'indicaciones'. Truncated value: 'Paciente varón de 64 años con un tiempo de enfermedad de 4 días acude con dolor lumbar severo que se'. (Connection: sqlsrv, SQL: insert into [examenesaux_h] ([idatencion], [tipo], [indicaciones], [state]) values (271470, 0, Paciente varón de 64 años con un tiempo de enfermedad de 4 días acude con dolor lumbar severo que se exacerba a la movilización y al estar sentado. Además, refiere que anteriormente ha tenido varios episodios similares. Se recomienda radiografia lumbar AP y lateral para descarte de espondiloartrosis., 0)) {"userId":1467,"exception":"[object] (Illuminate\\Database\\QueryException(code: 42000): SQLSTATE[42000]: [Microsoft][ODBC Driver 17 for SQL Server][SQL Server]String or binary data would be truncated in table 'dbRacso.dbo.examenesaux_h', column 'indicaciones'. Truncated value: 'Paciente varón de 64 años con un tiempo de enfermedad de 4 días acude con dolor lumbar severo que se'. (Connection: sqlsrv, SQL: insert into [examenesaux_h] ([idatencion], [tipo], [indicaciones], [state]) values (271470, 0, Paciente varón de 64 años con un tiempo de enfermedad de 4 días acude con dolor lumbar severo que se exacerba a la movilización y al estar sentado. Además, refiere que anteriormente ha tenido varios episodios similares. Se recomienda radiografia lumbar AP y lateral para descarte de espondiloartrosis., 0)) at C:\\Eureka\\htdocs\\sanna\\services\\vendor\\laravel\\framework\\src\\Illuminate\\Database\\Connection.php:829)
[stacktrace]
#0 C:\\Eureka\\htdocs\\sanna\\services\\vendor\\laravel\\framework\\src\\Illuminate\\Database\\Connection.php(783): Illuminate\\Database\\Connection->runQueryCallback()
#1 C:\\Eureka\\htdocs\\sanna\\services\\vendor\\laravel\\framework\\src\\Illuminate\\Database\\Connection.php(576): Illuminate\\Database\\Connection->run()
#2 C:\\Eureka\\htdocs\\sanna\\services\\vendor\\laravel\\framework\\src\\Illuminate\\Database\\Connection.php(540): Illuminate\\Database\\Connection->statement()
#3 C:\\Eureka\\htdocs\\sanna\\services\\vendor\\laravel\\framework\\src\\Illuminate\\Database\\Query\\Processors\\SqlServerProcessor.php(24): Illuminate\\Database\\Connection->insert()
#4 C:\\Eureka\\htdocs\\sanna\\services\\vendor\\laravel\\framework\\src\\Illuminate\\Database\\Query\\Builder.php(3507): Illuminate\\Database\\Query\\Processors\\SqlServerProcessor->processInsertGetId()
#5 C:\\Eureka\\htdocs\\sanna\\services\\app\\Http\\Controllers\\RegistroatencionController.php(1307): Illuminate\\Database\\Query\\Builder->insertGetId()
#6 C:\\Eureka\\htdocs\\sanna\\services\\vendor\\laravel\\framework\\src\\Illuminate\\Routing\\Controller.php(54): App\\Http\\Controllers\\RegistroatencionController->generarExamenesauxiliaresConsulta()
#7 C:\\Eureka\\htdocs\\sanna\\services\\vendor\\laravel\\framework\\src\\Illuminate\\Routing\\ControllerDispatcher.php(43): Illuminate\\Routing\\Controller->callAction()
#8 C:\\Eureka\\htdocs\\sanna\\services\\vendor\\laravel\\framework\\src\\Illuminate\\Routing\\Route.php(259): Illuminate\\Routing\\ControllerDispatcher->dispatch()
#9 C:\\Eureka\\htdocs\\sanna\\services\\vendor\\laravel\\framework\\src\\Illuminate\\Routing\\Route.php(205): Illuminate\\Routing\\Route->runController()
#10 C:\\Eureka\\htdocs\\sanna\\services\\vendor\\laravel\\framework\\src\\Illuminate\\Routing\\Router.php(806): Illuminate\\Routing\\Route->run()
#11 C:\\Eureka\\htdocs\\sanna\\services\\vendor\\laravel\\framework\\src\\Illuminate\\Pipeline\\Pipeline.php(144): Illuminate\\Routing\\Router->Illuminate\\Routing\\{closure}()
#12 C:\\Eureka\\htdocs\\sanna\\services\\app\\Http\\Middleware\\ValidarToken.php(32): Illuminate\\Pipeline\\Pipeline->Illuminate\\Pipeline\\{closure}()
#13 C:\\Eureka\\htdocs\\sanna\\services\\vendor\\laravel\\framework\\src\\Illuminate\\Pipeline\\Pipeline.php(183): App\\Http\\Middleware\\ValidarToken->handle()
#14 C:\\Eureka\\htdocs\\sanna\\services\\vendor\\laravel\\framework\\src\\Illuminate\\Routing\\Middleware\\SubstituteBindings.php(50): Illuminate\\Pipeline\\Pipeline->Illuminate\\Pipeline\\{closure}()
#15 C:\\Eureka\\htdocs\\sanna\\services\\vendor\\laravel\\framework\\src\\Illuminate\\Pipeline\\Pipeline.php(183): Illuminate\\Routing\\Middleware\\SubstituteBindings->handle()
#16 C:\\Eureka\\htdocs\\sanna\\services\\vendor\\laravel\\framework\\src\\Illuminate\\Routing\\Middleware\\ThrottleRequests.php(159): Illuminate\\Pipeline\\Pipeline->Illuminate\\Pipeline\\{closure}()
#17 C:\\Eureka\\htdocs\\sanna\\services\\vendor\\laravel\\framework\\src\\Illuminate\\Routing\\Middleware\\ThrottleRequests.php(125): Illuminate\\Routing\\Middleware\\ThrottleRequests->handleRequest()
#18 C:\\Eureka\\htdocs\\sanna\\services\\vendor\\laravel\\framework\\src\\Illuminate\\Routing\\Middleware\\ThrottleRequests.php(87): Illuminate\\Routing\\Middleware\\ThrottleRequests->handleRequestUsingNamedLimiter()
#19 C:\\Eureka\\htdocs\\sanna\\services\\vendor\\laravel\\framework\\src\\Illuminate\\Pipeline\\Pipeline.php(183): Illuminate\\Routing\\Middleware\\ThrottleRequests->handle()
#20 C:\\Eureka\\htdocs\\sanna\\services\\vendor\\laravel\\framework\\src\\Illuminate\\Pipeline\\Pipeline.php(119): Illuminate\\Pipeline\\Pipeline->Illuminate\\Pipeline\\{closure}()
#21 C:\\Eureka\\htdocs\\sanna\\services\\vendor\\laravel\\framework\\src\\Illuminate\\Routing\\Router.php(805): Illuminate\\Pipeline\\Pipeline->then()
#22 C:\\Eureka\\htdocs\\sanna\\services\\vendor\\laravel\\framework\\src\\Illuminate\\Routing\\Router.php(784): Illuminate\\Routing\\Router->runRouteWithinStack()
#23 C:\\Eureka\\htdocs\\sanna\\services\\vendor\\laravel\\framework\\src\\Illuminate\\Routing\\Router.php(748): Illuminate\\Routing\\Router->runRoute()
#24 C:\\Eureka\\htdocs\\sanna\\services\\vendor\\laravel\\framework\\src\\Illuminate\\Routing\\Router.php(737): Illuminate\\Routing\\Router->dispatchToRoute()
#25 C:\\Eureka\\htdocs\\sanna\\services\\vendor\\laravel\\framework\\src\\Illuminate\\Foundation\\Http\\Kernel.php(200): Illuminate\\Routing\\Router->dispatch()
#26 C:\\Eureka\\htdocs\\sanna\\services\\vendor\\laravel\\framework\\src\\Illuminate\\Pipeline\\Pipeline.php(144): Illuminate\\Foundation\\Http\\Kernel->Illuminate\\Foundation\\Http\\{closure}()
#27 C:\\Eureka\\htdocs\\sanna\\services\\vendor\\laravel\\framework\\src\\Illuminate\\Foundation\\Http\\Middleware\\TransformsRequest.php(21): Illuminate\\Pipeline\\Pipeline->Illuminate\\Pipeline\\{closure}()
#28 C:\\Eureka\\htdocs\\sanna\\services\\vendor\\laravel\\framework\\src\\Illuminate\\Foundation\\Http\\Middleware\\ConvertEmptyStringsToNull.php(31): Illuminate\\Foundation\\Http\\Middleware\\TransformsRequest->handle()
#29 C:\\Eureka\\htdocs\\sanna\\services\\vendor\\laravel\\framework\\src\\Illuminate\\Pipeline\\Pipeline.php(183): Illuminate\\Foundation\\Http\\Middleware\\ConvertEmptyStringsToNull->handle()
#30 C:\\Eureka\\htdocs\\sanna\\services\\vendor\\laravel\\framework\\src\\Illuminate\\Foundation\\Http\\Middleware\\TransformsRequest.php(21): Illuminate\\Pipeline\\Pipeline->Illuminate\\Pipeline\\{closure}()
#31 C:\\Eureka\\htdocs\\sanna\\services\\vendor\\laravel\\framework\\src\\Illuminate\\Foundation\\Http\\Middleware\\TrimStrings.php(40): Illuminate\\Foundation\\Http\\Middleware\\TransformsRequest->handle()
#32 C:\\Eureka\\htdocs\\sanna\\services\\vendor\\laravel\\framework\\src\\Illuminate\\Pipeline\\Pipeline.php(183): Illuminate\\Foundation\\Http\\Middleware\\TrimStrings->handle()
#33 C:\\Eureka\\htdocs\\sanna\\services\\vendor\\laravel\\framework\\src\\Illuminate\\Foundation\\Http\\Middleware\\ValidatePostSize.php(27): Illuminate\\Pipeline\\Pipeline->Illuminate\\Pipeline\\{closure}()
#34 C:\\Eureka\\htdocs\\sanna\\services\\vendor\\laravel\\framework\\src\\Illuminate\\Pipeline\\Pipeline.php(183): Illuminate\\Foundation\\Http\\Middleware\\ValidatePostSize->handle()
#35 C:\\Eureka\\htdocs\\sanna\\services\\vendor\\laravel\\framework\\src\\Illuminate\\Foundation\\Http\\Middleware\\PreventRequestsDuringMaintenance.php(99): Illuminate\\Pipeline\\Pipeline->Illuminate\\Pipeline\\{closure}()
#36 C:\\Eureka\\htdocs\\sanna\\services\\vendor\\laravel\\framework\\src\\Illuminate\\Pipeline\\Pipeline.php(183): Illuminate\\Foundation\\Http\\Middleware\\PreventRequestsDuringMaintenance->handle()
#37 C:\\Eureka\\htdocs\\sanna\\services\\vendor\\laravel\\framework\\src\\Illuminate\\Http\\Middleware\\HandleCors.php(62): Illuminate\\Pipeline\\Pipeline->Illuminate\\Pipeline\\{closure}()
#38 C:\\Eureka\\htdocs\\sanna\\services\\vendor\\laravel\\framework\\src\\Illuminate\\Pipeline\\Pipeline.php(183): Illuminate\\Http\\Middleware\\HandleCors->handle()
#39 C:\\Eureka\\htdocs\\sanna\\services\\vendor\\laravel\\framework\\src\\Illuminate\\Http\\Middleware\\TrustProxies.php(39): Illuminate\\Pipeline\\Pipeline->Illuminate\\Pipeline\\{closure}()
#40 C:\\Eureka\\htdocs\\sanna\\services\\vendor\\laravel\\framework\\src\\Illuminate\\Pipeline\\Pipeline.php(183): Illuminate\\Http\\Middleware\\TrustProxies->handle()
#41 C:\\Eureka\\htdocs\\sanna\\services\\vendor\\laravel\\framework\\src\\Illuminate\\Pipeline\\Pipeline.php(119): Illuminate\\Pipeline\\Pipeline->Illuminate\\Pipeline\\{closure}()
#42 C:\\Eureka\\htdocs\\sanna\\services\\vendor\\laravel\\framework\\src\\Illuminate\\Foundation\\Http\\Kernel.php(175): Illuminate\\Pipeline\\Pipeline->then()
#43 C:\\Eureka\\htdocs\\sanna\\services\\vendor\\laravel\\framework\\src\\Illuminate\\Foundation\\Http\\Kernel.php(144): Illuminate\\Foundation\\Http\\Kernel->sendRequestThroughRouter()
#44 C:\\Eureka\\htdocs\\sanna\\services\\public\\index.php(54): Illuminate\\Foundation\\Http\\Kernel->handle()
#45 {main}

[previous exception] [object] (PDOException(code: 42000): SQLSTATE[42000]: [Microsoft][ODBC Driver 17 for SQL Server][SQL Server]String or binary data would be truncated in table 'dbRacso.dbo.examenesaux_h', column 'indicaciones'. Truncated value: 'Paciente varón de 64 años con un tiempo de enfermedad de 4 días acude con dolor lumbar severo que se'. at C:\\Eureka\\htdocs\\sanna\\services\\vendor\\laravel\\framework\\src\\Illuminate\\Database\\Connection.php:587)
[stacktrace]
#0 C:\\Eureka\\htdocs\\sanna\\services\\vendor\\laravel\\framework\\src\\Illuminate\\Database\\Connection.php(587): PDOStatement->execute()
#1 C:\\Eureka\\htdocs\\sanna\\services\\vendor\\laravel\\framework\\src\\Illuminate\\Database\\Connection.php(816): Illuminate\\Database\\Connection->Illuminate\\Database\\{closure}()
#2 C:\\Eureka\\htdocs\\sanna\\services\\vendor\\laravel\\framework\\src\\Illuminate\\Database\\Connection.php(783): Illuminate\\Database\\Connection->runQueryCallback()
#3 C:\\Eureka\\htdocs\\sanna\\services\\vendor\\laravel\\framework\\src\\Illuminate\\Database\\Connection.php(576): Illuminate\\Database\\Connection->run()
#4 C:\\Eureka\\htdocs\\sanna\\services\\vendor\\laravel\\framework\\src\\Illuminate\\Database\\Connection.php(540): Illuminate\\Database\\Connection->statement()
#5 C:\\Eureka\\htdocs\\sanna\\services\\vendor\\laravel\\framework\\src\\Illuminate\\Database\\Query\\Processors\\SqlServerProcessor.php(24): Illuminate\\Database\\Connection->insert()
#6 C:\\Eureka\\htdocs\\sanna\\services\\vendor\\laravel\\framework\\src\\Illuminate\\Database\\Query\\Builder.php(3507): Illuminate\\Database\\Query\\Processors\\SqlServerProcessor->processInsertGetId()
#7 C:\\Eureka\\htdocs\\sanna\\services\\app\\Http\\Controllers\\RegistroatencionController.php(1307): Illuminate\\Database\\Query\\Builder->insertGetId()
#8 C:\\Eureka\\htdocs\\sanna\\services\\vendor\\laravel\\framework\\src\\Illuminate\\Routing\\Controller.php(54): App\\Http\\Controllers\\RegistroatencionController->generarExamenesauxiliaresConsulta()
#9 C:\\Eureka\\htdocs\\sanna\\services\\vendor\\laravel\\framework\\src\\Illuminate\\Routing\\ControllerDispatcher.php(43): Illuminate\\Routing\\Controller->callAction()
#10 C:\\Eureka\\htdocs\\sanna\\services\\vendor\\laravel\\framework\\src\\Illuminate\\Routing\\Route.php(259): Illuminate\\Routing\\ControllerDispatcher->dispatch()
#11 C:\\Eureka\\htdocs\\sanna\\services\\vendor\\laravel\\framework\\src\\Illuminate\\Routing\\Route.php(205): Illuminate\\Routing\\Route->runController()
#12 C:\\Eureka\\htdocs\\sanna\\services\\vendor\\laravel\\framework\\src\\Illuminate\\Routing\\Router.php(806): Illuminate\\Routing\\Route->run()
#13 C:\\Eureka\\htdocs\\sanna\\services\\vendor\\laravel\\framework\\src\\Illuminate\\Pipeline\\Pipeline.php(144): Illuminate\\Routing\\Router->Illuminate\\Routing\\{closure}()
#14 C:\\Eureka\\htdocs\\sanna\\services\\app\\Http\\Middleware\\ValidarToken.php(32): Illuminate\\Pipeline\\Pipeline->Illuminate\\Pipeline\\{closure}()
#15 C:\\Eureka\\htdocs\\sanna\\services\\vendor\\laravel\\framework\\src\\Illuminate\\Pipeline\\Pipeline.php(183): App\\Http\\Middleware\\ValidarToken->handle()
#16 C:\\Eureka\\htdocs\\sanna\\services\\vendor\\laravel\\framework\\src\\Illuminate\\Routing\\Middleware\\SubstituteBindings.php(50): Illuminate\\Pipeline\\Pipeline->Illuminate\\Pipeline\\{closure}()
#17 C:\\Eureka\\htdocs\\sanna\\services\\vendor\\laravel\\framework\\src\\Illuminate\\Pipeline\\Pipeline.php(183): Illuminate\\Routing\\Middleware\\SubstituteBindings->handle()
#18 C:\\Eureka\\htdocs\\sanna\\services\\vendor\\laravel\\framework\\src\\Illuminate\\Routing\\Middleware\\ThrottleRequests.php(159): Illuminate\\Pipeline\\Pipeline->Illuminate\\Pipeline\\{closure}()
#19 C:\\Eureka\\htdocs\\sanna\\services\\vendor\\laravel\\framework\\src\\Illuminate\\Routing\\Middleware\\ThrottleRequests.php(125): Illuminate\\Routing\\Middleware\\ThrottleRequests->handleRequest()
#20 C:\\Eureka\\htdocs\\sanna\\services\\vendor\\laravel\\framework\\src\\Illuminate\\Routing\\Middleware\\ThrottleRequests.php(87): Illuminate\\Routing\\Middleware\\ThrottleRequests->handleRequestUsingNamedLimiter()
#21 C:\\Eureka\\htdocs\\sanna\\services\\vendor\\laravel\\framework\\src\\Illuminate\\Pipeline\\Pipeline.php(183): Illuminate\\Routing\\Middleware\\ThrottleRequests->handle()
#22 C:\\Eureka\\htdocs\\sanna\\services\\vendor\\laravel\\framework\\src\\Illuminate\\Pipeline\\Pipeline.php(119): Illuminate\\Pipeline\\Pipeline->Illuminate\\Pipeline\\{closure}()
#23 C:\\Eureka\\htdocs\\sanna\\services\\vendor\\laravel\\framework\\src\\Illuminate\\Routing\\Router.php(805): Illuminate\\Pipeline\\Pipeline->then()
#24 C:\\Eureka\\htdocs\\sanna\\services\\vendor\\laravel\\framework\\src\\Illuminate\\Routing\\Router.php(784): Illuminate\\Routing\\Router->runRouteWithinStack()
#25 C:\\Eureka\\htdocs\\sanna\\services\\vendor\\laravel\\framework\\src\\Illuminate\\Routing\\Router.php(748): Illuminate\\Routing\\Router->runRoute()
#26 C:\\Eureka\\htdocs\\sanna\\services\\vendor\\laravel\\framework\\src\\Illuminate\\Routing\\Router.php(737): Illuminate\\Routing\\Router->dispatchToRoute()
#27 C:\\Eureka\\htdocs\\sanna\\services\\vendor\\laravel\\framework\\src\\Illuminate\\Foundation\\Http\\Kernel.php(200): Illuminate\\Routing\\Router->dispatch()
#28 C:\\Eureka\\htdocs\\sanna\\services\\vendor\\laravel\\framework\\src\\Illuminate\\Pipeline\\Pipeline.php(144): Illuminate\\Foundation\\Http\\Kernel->Illuminate\\Foundation\\Http\\{closure}()
#29 C:\\Eureka\\htdocs\\sanna\\services\\vendor\\laravel\\framework\\src\\Illuminate\\Foundation\\Http\\Middleware\\TransformsRequest.php(21): Illuminate\\Pipeline\\Pipeline->Illuminate\\Pipeline\\{closure}()
#30 C:\\Eureka\\htdocs\\sanna\\services\\vendor\\laravel\\framework\\src\\Illuminate\\Foundation\\Http\\Middleware\\ConvertEmptyStringsToNull.php(31): Illuminate\\Foundation\\Http\\Middleware\\TransformsRequest->handle()
#31 C:\\Eureka\\htdocs\\sanna\\services\\vendor\\laravel\\framework\\src\\Illuminate\\Pipeline\\Pipeline.php(183): Illuminate\\Foundation\\Http\\Middleware\\ConvertEmptyStringsToNull->handle()
#32 C:\\Eureka\\htdocs\\sanna\\services\\vendor\\laravel\\framework\\src\\Illuminate\\Foundation\\Http\\Middleware\\TransformsRequest.php(21): Illuminate\\Pipeline\\Pipeline->Illuminate\\Pipeline\\{closure}()
#33 C:\\Eureka\\htdocs\\sanna\\services\\vendor\\laravel\\framework\\src\\Illuminate\\Foundation\\Http\\Middleware\\TrimStrings.php(40): Illuminate\\Foundation\\Http\\Middleware\\TransformsRequest->handle()
#34 C:\\Eureka\\htdocs\\sanna\\services\\vendor\\laravel\\framework\\src\\Illuminate\\Pipeline\\Pipeline.php(183): Illuminate\\Foundation\\Http\\Middleware\\TrimStrings->handle()
#35 C:\\Eureka\\htdocs\\sanna\\services\\vendor\\laravel\\framework\\src\\Illuminate\\Foundation\\Http\\Middleware\\ValidatePostSize.php(27): Illuminate\\Pipeline\\Pipeline->Illuminate\\Pipeline\\{closure}()
#36 C:\\Eureka\\htdocs\\sanna\\services\\vendor\\laravel\\framework\\src\\Illuminate\\Pipeline\\Pipeline.php(183): Illuminate\\Foundation\\Http\\Middleware\\ValidatePostSize->handle()
#37 C:\\Eureka\\htdocs\\sanna\\services\\vendor\\laravel\\framework\\src\\Illuminate\\Foundation\\Http\\Middleware\\PreventRequestsDuringMaintenance.php(99): Illuminate\\Pipeline\\Pipeline->Illuminate\\Pipeline\\{closure}()
#38 C:\\Eureka\\htdocs\\sanna\\services\\vendor\\laravel\\framework\\src\\Illuminate\\Pipeline\\Pipeline.php(183): Illuminate\\Foundation\\Http\\Middleware\\PreventRequestsDuringMaintenance->handle()
#39 C:\\Eureka\\htdocs\\sanna\\services\\vendor\\laravel\\framework\\src\\Illuminate\\Http\\Middleware\\HandleCors.php(62): Illuminate\\Pipeline\\Pipeline->Illuminate\\Pipeline\\{closure}()
#40 C:\\Eureka\\htdocs\\sanna\\services\\vendor\\laravel\\framework\\src\\Illuminate\\Pipeline\\Pipeline.php(183): Illuminate\\Http\\Middleware\\HandleCors->handle()
#41 C:\\Eureka\\htdocs\\sanna\\services\\vendor\\laravel\\framework\\src\\Illuminate\\Http\\Middleware\\TrustProxies.php(39): Illuminate\\Pipeline\\Pipeline->Illuminate\\Pipeline\\{closure}()
#42 C:\\Eureka\\htdocs\\sanna\\services\\vendor\\laravel\\framework\\src\\Illuminate\\Pipeline\\Pipeline.php(183): Illuminate\\Http\\Middleware\\TrustProxies->handle()
#43 C:\\Eureka\\htdocs\\sanna\\services\\vendor\\laravel\\framework\\src\\Illuminate\\Pipeline\\Pipeline.php(119): Illuminate\\Pipeline\\Pipeline->Illuminate\\Pipeline\\{closure}()
#44 C:\\Eureka\\htdocs\\sanna\\services\\vendor\\laravel\\framework\\src\\Illuminate\\Foundation\\Http\\Kernel.php(175): Illuminate\\Pipeline\\Pipeline->then()
#45 C:\\Eureka\\htdocs\\sanna\\services\\vendor\\laravel\\framework\\src\\Illuminate\\Foundation\\Http\\Kernel.php(144): Illuminate\\Foundation\\Http\\Kernel->sendRequestThroughRouter()
#46 C:\\Eureka\\htdocs\\sanna\\services\\public\\index.php(54): Illuminate\\Foundation\\Http\\Kernel->handle()
#47 {main}
"} 
[2025-06-19 22:54:14] local.ERROR: SQLSTATE[42000]: [Microsoft][ODBC Driver 17 for SQL Server][SQL Server]String or binary data would be truncated in table 'dbRacso.dbo.examenesaux_h', column 'indicaciones'. Truncated value: 'Paciente varón de 64 años con un tiempo de enfermedad de 4 días acude con dolor lumbar severo que se'. (Connection: sqlsrv, SQL: insert into [examenesaux_h] ([idatencion], [tipo], [indicaciones], [state]) values (271471, 0, Paciente varón de 64 años con un tiempo de enfermedad de 4 días acude con dolor lumbar severo que se exacerba a la movilización y al estar sentado. Además, refiere que anteriormente ha tenido varios episodios similares. Se recomienda radiografia lumbar AP y lateral para descarte de espondiloartrosis., 0)) {"userId":1467,"exception":"[object] (Illuminate\\Database\\QueryException(code: 42000): SQLSTATE[42000]: [Microsoft][ODBC Driver 17 for SQL Server][SQL Server]String or binary data would be truncated in table 'dbRacso.dbo.examenesaux_h', column 'indicaciones'. Truncated value: 'Paciente varón de 64 años con un tiempo de enfermedad de 4 días acude con dolor lumbar severo que se'. (Connection: sqlsrv, SQL: insert into [examenesaux_h] ([idatencion], [tipo], [indicaciones], [state]) values (271471, 0, Paciente varón de 64 años con un tiempo de enfermedad de 4 días acude con dolor lumbar severo que se exacerba a la movilización y al estar sentado. Además, refiere que anteriormente ha tenido varios episodios similares. Se recomienda radiografia lumbar AP y lateral para descarte de espondiloartrosis., 0)) at C:\\Eureka\\htdocs\\sanna\\services\\vendor\\laravel\\framework\\src\\Illuminate\\Database\\Connection.php:829)
[stacktrace]
#0 C:\\Eureka\\htdocs\\sanna\\services\\vendor\\laravel\\framework\\src\\Illuminate\\Database\\Connection.php(783): Illuminate\\Database\\Connection->runQueryCallback()
#1 C:\\Eureka\\htdocs\\sanna\\services\\vendor\\laravel\\framework\\src\\Illuminate\\Database\\Connection.php(576): Illuminate\\Database\\Connection->run()
#2 C:\\Eureka\\htdocs\\sanna\\services\\vendor\\laravel\\framework\\src\\Illuminate\\Database\\Connection.php(540): Illuminate\\Database\\Connection->statement()
#3 C:\\Eureka\\htdocs\\sanna\\services\\vendor\\laravel\\framework\\src\\Illuminate\\Database\\Query\\Processors\\SqlServerProcessor.php(24): Illuminate\\Database\\Connection->insert()
#4 C:\\Eureka\\htdocs\\sanna\\services\\vendor\\laravel\\framework\\src\\Illuminate\\Database\\Query\\Builder.php(3507): Illuminate\\Database\\Query\\Processors\\SqlServerProcessor->processInsertGetId()
#5 C:\\Eureka\\htdocs\\sanna\\services\\app\\Http\\Controllers\\RegistroatencionController.php(1307): Illuminate\\Database\\Query\\Builder->insertGetId()
#6 C:\\Eureka\\htdocs\\sanna\\services\\vendor\\laravel\\framework\\src\\Illuminate\\Routing\\Controller.php(54): App\\Http\\Controllers\\RegistroatencionController->generarExamenesauxiliaresConsulta()
#7 C:\\Eureka\\htdocs\\sanna\\services\\vendor\\laravel\\framework\\src\\Illuminate\\Routing\\ControllerDispatcher.php(43): Illuminate\\Routing\\Controller->callAction()
#8 C:\\Eureka\\htdocs\\sanna\\services\\vendor\\laravel\\framework\\src\\Illuminate\\Routing\\Route.php(259): Illuminate\\Routing\\ControllerDispatcher->dispatch()
#9 C:\\Eureka\\htdocs\\sanna\\services\\vendor\\laravel\\framework\\src\\Illuminate\\Routing\\Route.php(205): Illuminate\\Routing\\Route->runController()
#10 C:\\Eureka\\htdocs\\sanna\\services\\vendor\\laravel\\framework\\src\\Illuminate\\Routing\\Router.php(806): Illuminate\\Routing\\Route->run()
#11 C:\\Eureka\\htdocs\\sanna\\services\\vendor\\laravel\\framework\\src\\Illuminate\\Pipeline\\Pipeline.php(144): Illuminate\\Routing\\Router->Illuminate\\Routing\\{closure}()
#12 C:\\Eureka\\htdocs\\sanna\\services\\app\\Http\\Middleware\\ValidarToken.php(32): Illuminate\\Pipeline\\Pipeline->Illuminate\\Pipeline\\{closure}()
#13 C:\\Eureka\\htdocs\\sanna\\services\\vendor\\laravel\\framework\\src\\Illuminate\\Pipeline\\Pipeline.php(183): App\\Http\\Middleware\\ValidarToken->handle()
#14 C:\\Eureka\\htdocs\\sanna\\services\\vendor\\laravel\\framework\\src\\Illuminate\\Routing\\Middleware\\SubstituteBindings.php(50): Illuminate\\Pipeline\\Pipeline->Illuminate\\Pipeline\\{closure}()
#15 C:\\Eureka\\htdocs\\sanna\\services\\vendor\\laravel\\framework\\src\\Illuminate\\Pipeline\\Pipeline.php(183): Illuminate\\Routing\\Middleware\\SubstituteBindings->handle()
#16 C:\\Eureka\\htdocs\\sanna\\services\\vendor\\laravel\\framework\\src\\Illuminate\\Routing\\Middleware\\ThrottleRequests.php(159): Illuminate\\Pipeline\\Pipeline->Illuminate\\Pipeline\\{closure}()
#17 C:\\Eureka\\htdocs\\sanna\\services\\vendor\\laravel\\framework\\src\\Illuminate\\Routing\\Middleware\\ThrottleRequests.php(125): Illuminate\\Routing\\Middleware\\ThrottleRequests->handleRequest()
#18 C:\\Eureka\\htdocs\\sanna\\services\\vendor\\laravel\\framework\\src\\Illuminate\\Routing\\Middleware\\ThrottleRequests.php(87): Illuminate\\Routing\\Middleware\\ThrottleRequests->handleRequestUsingNamedLimiter()
#19 C:\\Eureka\\htdocs\\sanna\\services\\vendor\\laravel\\framework\\src\\Illuminate\\Pipeline\\Pipeline.php(183): Illuminate\\Routing\\Middleware\\ThrottleRequests->handle()
#20 C:\\Eureka\\htdocs\\sanna\\services\\vendor\\laravel\\framework\\src\\Illuminate\\Pipeline\\Pipeline.php(119): Illuminate\\Pipeline\\Pipeline->Illuminate\\Pipeline\\{closure}()
#21 C:\\Eureka\\htdocs\\sanna\\services\\vendor\\laravel\\framework\\src\\Illuminate\\Routing\\Router.php(805): Illuminate\\Pipeline\\Pipeline->then()
#22 C:\\Eureka\\htdocs\\sanna\\services\\vendor\\laravel\\framework\\src\\Illuminate\\Routing\\Router.php(784): Illuminate\\Routing\\Router->runRouteWithinStack()
#23 C:\\Eureka\\htdocs\\sanna\\services\\vendor\\laravel\\framework\\src\\Illuminate\\Routing\\Router.php(748): Illuminate\\Routing\\Router->runRoute()
#24 C:\\Eureka\\htdocs\\sanna\\services\\vendor\\laravel\\framework\\src\\Illuminate\\Routing\\Router.php(737): Illuminate\\Routing\\Router->dispatchToRoute()
#25 C:\\Eureka\\htdocs\\sanna\\services\\vendor\\laravel\\framework\\src\\Illuminate\\Foundation\\Http\\Kernel.php(200): Illuminate\\Routing\\Router->dispatch()
#26 C:\\Eureka\\htdocs\\sanna\\services\\vendor\\laravel\\framework\\src\\Illuminate\\Pipeline\\Pipeline.php(144): Illuminate\\Foundation\\Http\\Kernel->Illuminate\\Foundation\\Http\\{closure}()
#27 C:\\Eureka\\htdocs\\sanna\\services\\vendor\\laravel\\framework\\src\\Illuminate\\Foundation\\Http\\Middleware\\TransformsRequest.php(21): Illuminate\\Pipeline\\Pipeline->Illuminate\\Pipeline\\{closure}()
#28 C:\\Eureka\\htdocs\\sanna\\services\\vendor\\laravel\\framework\\src\\Illuminate\\Foundation\\Http\\Middleware\\ConvertEmptyStringsToNull.php(31): Illuminate\\Foundation\\Http\\Middleware\\TransformsRequest->handle()
#29 C:\\Eureka\\htdocs\\sanna\\services\\vendor\\laravel\\framework\\src\\Illuminate\\Pipeline\\Pipeline.php(183): Illuminate\\Foundation\\Http\\Middleware\\ConvertEmptyStringsToNull->handle()
#30 C:\\Eureka\\htdocs\\sanna\\services\\vendor\\laravel\\framework\\src\\Illuminate\\Foundation\\Http\\Middleware\\TransformsRequest.php(21): Illuminate\\Pipeline\\Pipeline->Illuminate\\Pipeline\\{closure}()
#31 C:\\Eureka\\htdocs\\sanna\\services\\vendor\\laravel\\framework\\src\\Illuminate\\Foundation\\Http\\Middleware\\TrimStrings.php(40): Illuminate\\Foundation\\Http\\Middleware\\TransformsRequest->handle()
#32 C:\\Eureka\\htdocs\\sanna\\services\\vendor\\laravel\\framework\\src\\Illuminate\\Pipeline\\Pipeline.php(183): Illuminate\\Foundation\\Http\\Middleware\\TrimStrings->handle()
#33 C:\\Eureka\\htdocs\\sanna\\services\\vendor\\laravel\\framework\\src\\Illuminate\\Foundation\\Http\\Middleware\\ValidatePostSize.php(27): Illuminate\\Pipeline\\Pipeline->Illuminate\\Pipeline\\{closure}()
#34 C:\\Eureka\\htdocs\\sanna\\services\\vendor\\laravel\\framework\\src\\Illuminate\\Pipeline\\Pipeline.php(183): Illuminate\\Foundation\\Http\\Middleware\\ValidatePostSize->handle()
#35 C:\\Eureka\\htdocs\\sanna\\services\\vendor\\laravel\\framework\\src\\Illuminate\\Foundation\\Http\\Middleware\\PreventRequestsDuringMaintenance.php(99): Illuminate\\Pipeline\\Pipeline->Illuminate\\Pipeline\\{closure}()
#36 C:\\Eureka\\htdocs\\sanna\\services\\vendor\\laravel\\framework\\src\\Illuminate\\Pipeline\\Pipeline.php(183): Illuminate\\Foundation\\Http\\Middleware\\PreventRequestsDuringMaintenance->handle()
#37 C:\\Eureka\\htdocs\\sanna\\services\\vendor\\laravel\\framework\\src\\Illuminate\\Http\\Middleware\\HandleCors.php(62): Illuminate\\Pipeline\\Pipeline->Illuminate\\Pipeline\\{closure}()
#38 C:\\Eureka\\htdocs\\sanna\\services\\vendor\\laravel\\framework\\src\\Illuminate\\Pipeline\\Pipeline.php(183): Illuminate\\Http\\Middleware\\HandleCors->handle()
#39 C:\\Eureka\\htdocs\\sanna\\services\\vendor\\laravel\\framework\\src\\Illuminate\\Http\\Middleware\\TrustProxies.php(39): Illuminate\\Pipeline\\Pipeline->Illuminate\\Pipeline\\{closure}()
#40 C:\\Eureka\\htdocs\\sanna\\services\\vendor\\laravel\\framework\\src\\Illuminate\\Pipeline\\Pipeline.php(183): Illuminate\\Http\\Middleware\\TrustProxies->handle()
#41 C:\\Eureka\\htdocs\\sanna\\services\\vendor\\laravel\\framework\\src\\Illuminate\\Pipeline\\Pipeline.php(119): Illuminate\\Pipeline\\Pipeline->Illuminate\\Pipeline\\{closure}()
#42 C:\\Eureka\\htdocs\\sanna\\services\\vendor\\laravel\\framework\\src\\Illuminate\\Foundation\\Http\\Kernel.php(175): Illuminate\\Pipeline\\Pipeline->then()
#43 C:\\Eureka\\htdocs\\sanna\\services\\vendor\\laravel\\framework\\src\\Illuminate\\Foundation\\Http\\Kernel.php(144): Illuminate\\Foundation\\Http\\Kernel->sendRequestThroughRouter()
#44 C:\\Eureka\\htdocs\\sanna\\services\\public\\index.php(54): Illuminate\\Foundation\\Http\\Kernel->handle()
#45 {main}

[previous exception] [object] (PDOException(code: 42000): SQLSTATE[42000]: [Microsoft][ODBC Driver 17 for SQL Server][SQL Server]String or binary data would be truncated in table 'dbRacso.dbo.examenesaux_h', column 'indicaciones'. Truncated value: 'Paciente varón de 64 años con un tiempo de enfermedad de 4 días acude con dolor lumbar severo que se'. at C:\\Eureka\\htdocs\\sanna\\services\\vendor\\laravel\\framework\\src\\Illuminate\\Database\\Connection.php:587)
[stacktrace]
#0 C:\\Eureka\\htdocs\\sanna\\services\\vendor\\laravel\\framework\\src\\Illuminate\\Database\\Connection.php(587): PDOStatement->execute()
#1 C:\\Eureka\\htdocs\\sanna\\services\\vendor\\laravel\\framework\\src\\Illuminate\\Database\\Connection.php(816): Illuminate\\Database\\Connection->Illuminate\\Database\\{closure}()
#2 C:\\Eureka\\htdocs\\sanna\\services\\vendor\\laravel\\framework\\src\\Illuminate\\Database\\Connection.php(783): Illuminate\\Database\\Connection->runQueryCallback()
#3 C:\\Eureka\\htdocs\\sanna\\services\\vendor\\laravel\\framework\\src\\Illuminate\\Database\\Connection.php(576): Illuminate\\Database\\Connection->run()
#4 C:\\Eureka\\htdocs\\sanna\\services\\vendor\\laravel\\framework\\src\\Illuminate\\Database\\Connection.php(540): Illuminate\\Database\\Connection->statement()
#5 C:\\Eureka\\htdocs\\sanna\\services\\vendor\\laravel\\framework\\src\\Illuminate\\Database\\Query\\Processors\\SqlServerProcessor.php(24): Illuminate\\Database\\Connection->insert()
#6 C:\\Eureka\\htdocs\\sanna\\services\\vendor\\laravel\\framework\\src\\Illuminate\\Database\\Query\\Builder.php(3507): Illuminate\\Database\\Query\\Processors\\SqlServerProcessor->processInsertGetId()
#7 C:\\Eureka\\htdocs\\sanna\\services\\app\\Http\\Controllers\\RegistroatencionController.php(1307): Illuminate\\Database\\Query\\Builder->insertGetId()
#8 C:\\Eureka\\htdocs\\sanna\\services\\vendor\\laravel\\framework\\src\\Illuminate\\Routing\\Controller.php(54): App\\Http\\Controllers\\RegistroatencionController->generarExamenesauxiliaresConsulta()
#9 C:\\Eureka\\htdocs\\sanna\\services\\vendor\\laravel\\framework\\src\\Illuminate\\Routing\\ControllerDispatcher.php(43): Illuminate\\Routing\\Controller->callAction()
#10 C:\\Eureka\\htdocs\\sanna\\services\\vendor\\laravel\\framework\\src\\Illuminate\\Routing\\Route.php(259): Illuminate\\Routing\\ControllerDispatcher->dispatch()
#11 C:\\Eureka\\htdocs\\sanna\\services\\vendor\\laravel\\framework\\src\\Illuminate\\Routing\\Route.php(205): Illuminate\\Routing\\Route->runController()
#12 C:\\Eureka\\htdocs\\sanna\\services\\vendor\\laravel\\framework\\src\\Illuminate\\Routing\\Router.php(806): Illuminate\\Routing\\Route->run()
#13 C:\\Eureka\\htdocs\\sanna\\services\\vendor\\laravel\\framework\\src\\Illuminate\\Pipeline\\Pipeline.php(144): Illuminate\\Routing\\Router->Illuminate\\Routing\\{closure}()
#14 C:\\Eureka\\htdocs\\sanna\\services\\app\\Http\\Middleware\\ValidarToken.php(32): Illuminate\\Pipeline\\Pipeline->Illuminate\\Pipeline\\{closure}()
#15 C:\\Eureka\\htdocs\\sanna\\services\\vendor\\laravel\\framework\\src\\Illuminate\\Pipeline\\Pipeline.php(183): App\\Http\\Middleware\\ValidarToken->handle()
#16 C:\\Eureka\\htdocs\\sanna\\services\\vendor\\laravel\\framework\\src\\Illuminate\\Routing\\Middleware\\SubstituteBindings.php(50): Illuminate\\Pipeline\\Pipeline->Illuminate\\Pipeline\\{closure}()
#17 C:\\Eureka\\htdocs\\sanna\\services\\vendor\\laravel\\framework\\src\\Illuminate\\Pipeline\\Pipeline.php(183): Illuminate\\Routing\\Middleware\\SubstituteBindings->handle()
#18 C:\\Eureka\\htdocs\\sanna\\services\\vendor\\laravel\\framework\\src\\Illuminate\\Routing\\Middleware\\ThrottleRequests.php(159): Illuminate\\Pipeline\\Pipeline->Illuminate\\Pipeline\\{closure}()
#19 C:\\Eureka\\htdocs\\sanna\\services\\vendor\\laravel\\framework\\src\\Illuminate\\Routing\\Middleware\\ThrottleRequests.php(125): Illuminate\\Routing\\Middleware\\ThrottleRequests->handleRequest()
#20 C:\\Eureka\\htdocs\\sanna\\services\\vendor\\laravel\\framework\\src\\Illuminate\\Routing\\Middleware\\ThrottleRequests.php(87): Illuminate\\Routing\\Middleware\\ThrottleRequests->handleRequestUsingNamedLimiter()
#21 C:\\Eureka\\htdocs\\sanna\\services\\vendor\\laravel\\framework\\src\\Illuminate\\Pipeline\\Pipeline.php(183): Illuminate\\Routing\\Middleware\\ThrottleRequests->handle()
#22 C:\\Eureka\\htdocs\\sanna\\services\\vendor\\laravel\\framework\\src\\Illuminate\\Pipeline\\Pipeline.php(119): Illuminate\\Pipeline\\Pipeline->Illuminate\\Pipeline\\{closure}()
#23 C:\\Eureka\\htdocs\\sanna\\services\\vendor\\laravel\\framework\\src\\Illuminate\\Routing\\Router.php(805): Illuminate\\Pipeline\\Pipeline->then()
#24 C:\\Eureka\\htdocs\\sanna\\services\\vendor\\laravel\\framework\\src\\Illuminate\\Routing\\Router.php(784): Illuminate\\Routing\\Router->runRouteWithinStack()
#25 C:\\Eureka\\htdocs\\sanna\\services\\vendor\\laravel\\framework\\src\\Illuminate\\Routing\\Router.php(748): Illuminate\\Routing\\Router->runRoute()
#26 C:\\Eureka\\htdocs\\sanna\\services\\vendor\\laravel\\framework\\src\\Illuminate\\Routing\\Router.php(737): Illuminate\\Routing\\Router->dispatchToRoute()
#27 C:\\Eureka\\htdocs\\sanna\\services\\vendor\\laravel\\framework\\src\\Illuminate\\Foundation\\Http\\Kernel.php(200): Illuminate\\Routing\\Router->dispatch()
#28 C:\\Eureka\\htdocs\\sanna\\services\\vendor\\laravel\\framework\\src\\Illuminate\\Pipeline\\Pipeline.php(144): Illuminate\\Foundation\\Http\\Kernel->Illuminate\\Foundation\\Http\\{closure}()
#29 C:\\Eureka\\htdocs\\sanna\\services\\vendor\\laravel\\framework\\src\\Illuminate\\Foundation\\Http\\Middleware\\TransformsRequest.php(21): Illuminate\\Pipeline\\Pipeline->Illuminate\\Pipeline\\{closure}()
#30 C:\\Eureka\\htdocs\\sanna\\services\\vendor\\laravel\\framework\\src\\Illuminate\\Foundation\\Http\\Middleware\\ConvertEmptyStringsToNull.php(31): Illuminate\\Foundation\\Http\\Middleware\\TransformsRequest->handle()
#31 C:\\Eureka\\htdocs\\sanna\\services\\vendor\\laravel\\framework\\src\\Illuminate\\Pipeline\\Pipeline.php(183): Illuminate\\Foundation\\Http\\Middleware\\ConvertEmptyStringsToNull->handle()
#32 C:\\Eureka\\htdocs\\sanna\\services\\vendor\\laravel\\framework\\src\\Illuminate\\Foundation\\Http\\Middleware\\TransformsRequest.php(21): Illuminate\\Pipeline\\Pipeline->Illuminate\\Pipeline\\{closure}()
#33 C:\\Eureka\\htdocs\\sanna\\services\\vendor\\laravel\\framework\\src\\Illuminate\\Foundation\\Http\\Middleware\\TrimStrings.php(40): Illuminate\\Foundation\\Http\\Middleware\\TransformsRequest->handle()
#34 C:\\Eureka\\htdocs\\sanna\\services\\vendor\\laravel\\framework\\src\\Illuminate\\Pipeline\\Pipeline.php(183): Illuminate\\Foundation\\Http\\Middleware\\TrimStrings->handle()
#35 C:\\Eureka\\htdocs\\sanna\\services\\vendor\\laravel\\framework\\src\\Illuminate\\Foundation\\Http\\Middleware\\ValidatePostSize.php(27): Illuminate\\Pipeline\\Pipeline->Illuminate\\Pipeline\\{closure}()
#36 C:\\Eureka\\htdocs\\sanna\\services\\vendor\\laravel\\framework\\src\\Illuminate\\Pipeline\\Pipeline.php(183): Illuminate\\Foundation\\Http\\Middleware\\ValidatePostSize->handle()
#37 C:\\Eureka\\htdocs\\sanna\\services\\vendor\\laravel\\framework\\src\\Illuminate\\Foundation\\Http\\Middleware\\PreventRequestsDuringMaintenance.php(99): Illuminate\\Pipeline\\Pipeline->Illuminate\\Pipeline\\{closure}()
#38 C:\\Eureka\\htdocs\\sanna\\services\\vendor\\laravel\\framework\\src\\Illuminate\\Pipeline\\Pipeline.php(183): Illuminate\\Foundation\\Http\\Middleware\\PreventRequestsDuringMaintenance->handle()
#39 C:\\Eureka\\htdocs\\sanna\\services\\vendor\\laravel\\framework\\src\\Illuminate\\Http\\Middleware\\HandleCors.php(62): Illuminate\\Pipeline\\Pipeline->Illuminate\\Pipeline\\{closure}()
#40 C:\\Eureka\\htdocs\\sanna\\services\\vendor\\laravel\\framework\\src\\Illuminate\\Pipeline\\Pipeline.php(183): Illuminate\\Http\\Middleware\\HandleCors->handle()
#41 C:\\Eureka\\htdocs\\sanna\\services\\vendor\\laravel\\framework\\src\\Illuminate\\Http\\Middleware\\TrustProxies.php(39): Illuminate\\Pipeline\\Pipeline->Illuminate\\Pipeline\\{closure}()
#42 C:\\Eureka\\htdocs\\sanna\\services\\vendor\\laravel\\framework\\src\\Illuminate\\Pipeline\\Pipeline.php(183): Illuminate\\Http\\Middleware\\TrustProxies->handle()
#43 C:\\Eureka\\htdocs\\sanna\\services\\vendor\\laravel\\framework\\src\\Illuminate\\Pipeline\\Pipeline.php(119): Illuminate\\Pipeline\\Pipeline->Illuminate\\Pipeline\\{closure}()
#44 C:\\Eureka\\htdocs\\sanna\\services\\vendor\\laravel\\framework\\src\\Illuminate\\Foundation\\Http\\Kernel.php(175): Illuminate\\Pipeline\\Pipeline->then()
#45 C:\\Eureka\\htdocs\\sanna\\services\\vendor\\laravel\\framework\\src\\Illuminate\\Foundation\\Http\\Kernel.php(144): Illuminate\\Foundation\\Http\\Kernel->sendRequestThroughRouter()
#46 C:\\Eureka\\htdocs\\sanna\\services\\public\\index.php(54): Illuminate\\Foundation\\Http\\Kernel->handle()
#47 {main}
"} 
[2025-06-19 22:54:23] local.ERROR: SQLSTATE[42000]: [Microsoft][ODBC Driver 17 for SQL Server][SQL Server]String or binary data would be truncated in table 'dbRacso.dbo.examenesaux_h', column 'indicaciones'. Truncated value: 'Paciente varón de 64 años con un tiempo de enfermedad de 4 días acude con dolor lumbar severo que se'. (Connection: sqlsrv, SQL: insert into [examenesaux_h] ([idatencion], [tipo], [indicaciones], [state]) values (271472, 0, Paciente varón de 64 años con un tiempo de enfermedad de 4 días acude con dolor lumbar severo que se exacerba a la movilización y al estar sentado. Además, refiere que anteriormente ha tenido varios episodios similares. Se recomienda radiografia lumbar AP y lateral para descarte de espondiloartrosis., 0)) {"userId":1467,"exception":"[object] (Illuminate\\Database\\QueryException(code: 42000): SQLSTATE[42000]: [Microsoft][ODBC Driver 17 for SQL Server][SQL Server]String or binary data would be truncated in table 'dbRacso.dbo.examenesaux_h', column 'indicaciones'. Truncated value: 'Paciente varón de 64 años con un tiempo de enfermedad de 4 días acude con dolor lumbar severo que se'. (Connection: sqlsrv, SQL: insert into [examenesaux_h] ([idatencion], [tipo], [indicaciones], [state]) values (271472, 0, Paciente varón de 64 años con un tiempo de enfermedad de 4 días acude con dolor lumbar severo que se exacerba a la movilización y al estar sentado. Además, refiere que anteriormente ha tenido varios episodios similares. Se recomienda radiografia lumbar AP y lateral para descarte de espondiloartrosis., 0)) at C:\\Eureka\\htdocs\\sanna\\services\\vendor\\laravel\\framework\\src\\Illuminate\\Database\\Connection.php:829)
[stacktrace]
#0 C:\\Eureka\\htdocs\\sanna\\services\\vendor\\laravel\\framework\\src\\Illuminate\\Database\\Connection.php(783): Illuminate\\Database\\Connection->runQueryCallback()
#1 C:\\Eureka\\htdocs\\sanna\\services\\vendor\\laravel\\framework\\src\\Illuminate\\Database\\Connection.php(576): Illuminate\\Database\\Connection->run()
#2 C:\\Eureka\\htdocs\\sanna\\services\\vendor\\laravel\\framework\\src\\Illuminate\\Database\\Connection.php(540): Illuminate\\Database\\Connection->statement()
#3 C:\\Eureka\\htdocs\\sanna\\services\\vendor\\laravel\\framework\\src\\Illuminate\\Database\\Query\\Processors\\SqlServerProcessor.php(24): Illuminate\\Database\\Connection->insert()
#4 C:\\Eureka\\htdocs\\sanna\\services\\vendor\\laravel\\framework\\src\\Illuminate\\Database\\Query\\Builder.php(3507): Illuminate\\Database\\Query\\Processors\\SqlServerProcessor->processInsertGetId()
#5 C:\\Eureka\\htdocs\\sanna\\services\\app\\Http\\Controllers\\RegistroatencionController.php(1307): Illuminate\\Database\\Query\\Builder->insertGetId()
#6 C:\\Eureka\\htdocs\\sanna\\services\\vendor\\laravel\\framework\\src\\Illuminate\\Routing\\Controller.php(54): App\\Http\\Controllers\\RegistroatencionController->generarExamenesauxiliaresConsulta()
#7 C:\\Eureka\\htdocs\\sanna\\services\\vendor\\laravel\\framework\\src\\Illuminate\\Routing\\ControllerDispatcher.php(43): Illuminate\\Routing\\Controller->callAction()
#8 C:\\Eureka\\htdocs\\sanna\\services\\vendor\\laravel\\framework\\src\\Illuminate\\Routing\\Route.php(259): Illuminate\\Routing\\ControllerDispatcher->dispatch()
#9 C:\\Eureka\\htdocs\\sanna\\services\\vendor\\laravel\\framework\\src\\Illuminate\\Routing\\Route.php(205): Illuminate\\Routing\\Route->runController()
#10 C:\\Eureka\\htdocs\\sanna\\services\\vendor\\laravel\\framework\\src\\Illuminate\\Routing\\Router.php(806): Illuminate\\Routing\\Route->run()
#11 C:\\Eureka\\htdocs\\sanna\\services\\vendor\\laravel\\framework\\src\\Illuminate\\Pipeline\\Pipeline.php(144): Illuminate\\Routing\\Router->Illuminate\\Routing\\{closure}()
#12 C:\\Eureka\\htdocs\\sanna\\services\\app\\Http\\Middleware\\ValidarToken.php(32): Illuminate\\Pipeline\\Pipeline->Illuminate\\Pipeline\\{closure}()
#13 C:\\Eureka\\htdocs\\sanna\\services\\vendor\\laravel\\framework\\src\\Illuminate\\Pipeline\\Pipeline.php(183): App\\Http\\Middleware\\ValidarToken->handle()
#14 C:\\Eureka\\htdocs\\sanna\\services\\vendor\\laravel\\framework\\src\\Illuminate\\Routing\\Middleware\\SubstituteBindings.php(50): Illuminate\\Pipeline\\Pipeline->Illuminate\\Pipeline\\{closure}()
#15 C:\\Eureka\\htdocs\\sanna\\services\\vendor\\laravel\\framework\\src\\Illuminate\\Pipeline\\Pipeline.php(183): Illuminate\\Routing\\Middleware\\SubstituteBindings->handle()
#16 C:\\Eureka\\htdocs\\sanna\\services\\vendor\\laravel\\framework\\src\\Illuminate\\Routing\\Middleware\\ThrottleRequests.php(159): Illuminate\\Pipeline\\Pipeline->Illuminate\\Pipeline\\{closure}()
#17 C:\\Eureka\\htdocs\\sanna\\services\\vendor\\laravel\\framework\\src\\Illuminate\\Routing\\Middleware\\ThrottleRequests.php(125): Illuminate\\Routing\\Middleware\\ThrottleRequests->handleRequest()
#18 C:\\Eureka\\htdocs\\sanna\\services\\vendor\\laravel\\framework\\src\\Illuminate\\Routing\\Middleware\\ThrottleRequests.php(87): Illuminate\\Routing\\Middleware\\ThrottleRequests->handleRequestUsingNamedLimiter()
#19 C:\\Eureka\\htdocs\\sanna\\services\\vendor\\laravel\\framework\\src\\Illuminate\\Pipeline\\Pipeline.php(183): Illuminate\\Routing\\Middleware\\ThrottleRequests->handle()
#20 C:\\Eureka\\htdocs\\sanna\\services\\vendor\\laravel\\framework\\src\\Illuminate\\Pipeline\\Pipeline.php(119): Illuminate\\Pipeline\\Pipeline->Illuminate\\Pipeline\\{closure}()
#21 C:\\Eureka\\htdocs\\sanna\\services\\vendor\\laravel\\framework\\src\\Illuminate\\Routing\\Router.php(805): Illuminate\\Pipeline\\Pipeline->then()
#22 C:\\Eureka\\htdocs\\sanna\\services\\vendor\\laravel\\framework\\src\\Illuminate\\Routing\\Router.php(784): Illuminate\\Routing\\Router->runRouteWithinStack()
#23 C:\\Eureka\\htdocs\\sanna\\services\\vendor\\laravel\\framework\\src\\Illuminate\\Routing\\Router.php(748): Illuminate\\Routing\\Router->runRoute()
#24 C:\\Eureka\\htdocs\\sanna\\services\\vendor\\laravel\\framework\\src\\Illuminate\\Routing\\Router.php(737): Illuminate\\Routing\\Router->dispatchToRoute()
#25 C:\\Eureka\\htdocs\\sanna\\services\\vendor\\laravel\\framework\\src\\Illuminate\\Foundation\\Http\\Kernel.php(200): Illuminate\\Routing\\Router->dispatch()
#26 C:\\Eureka\\htdocs\\sanna\\services\\vendor\\laravel\\framework\\src\\Illuminate\\Pipeline\\Pipeline.php(144): Illuminate\\Foundation\\Http\\Kernel->Illuminate\\Foundation\\Http\\{closure}()
#27 C:\\Eureka\\htdocs\\sanna\\services\\vendor\\laravel\\framework\\src\\Illuminate\\Foundation\\Http\\Middleware\\TransformsRequest.php(21): Illuminate\\Pipeline\\Pipeline->Illuminate\\Pipeline\\{closure}()
#28 C:\\Eureka\\htdocs\\sanna\\services\\vendor\\laravel\\framework\\src\\Illuminate\\Foundation\\Http\\Middleware\\ConvertEmptyStringsToNull.php(31): Illuminate\\Foundation\\Http\\Middleware\\TransformsRequest->handle()
#29 C:\\Eureka\\htdocs\\sanna\\services\\vendor\\laravel\\framework\\src\\Illuminate\\Pipeline\\Pipeline.php(183): Illuminate\\Foundation\\Http\\Middleware\\ConvertEmptyStringsToNull->handle()
#30 C:\\Eureka\\htdocs\\sanna\\services\\vendor\\laravel\\framework\\src\\Illuminate\\Foundation\\Http\\Middleware\\TransformsRequest.php(21): Illuminate\\Pipeline\\Pipeline->Illuminate\\Pipeline\\{closure}()
#31 C:\\Eureka\\htdocs\\sanna\\services\\vendor\\laravel\\framework\\src\\Illuminate\\Foundation\\Http\\Middleware\\TrimStrings.php(40): Illuminate\\Foundation\\Http\\Middleware\\TransformsRequest->handle()
#32 C:\\Eureka\\htdocs\\sanna\\services\\vendor\\laravel\\framework\\src\\Illuminate\\Pipeline\\Pipeline.php(183): Illuminate\\Foundation\\Http\\Middleware\\TrimStrings->handle()
#33 C:\\Eureka\\htdocs\\sanna\\services\\vendor\\laravel\\framework\\src\\Illuminate\\Foundation\\Http\\Middleware\\ValidatePostSize.php(27): Illuminate\\Pipeline\\Pipeline->Illuminate\\Pipeline\\{closure}()
#34 C:\\Eureka\\htdocs\\sanna\\services\\vendor\\laravel\\framework\\src\\Illuminate\\Pipeline\\Pipeline.php(183): Illuminate\\Foundation\\Http\\Middleware\\ValidatePostSize->handle()
#35 C:\\Eureka\\htdocs\\sanna\\services\\vendor\\laravel\\framework\\src\\Illuminate\\Foundation\\Http\\Middleware\\PreventRequestsDuringMaintenance.php(99): Illuminate\\Pipeline\\Pipeline->Illuminate\\Pipeline\\{closure}()
#36 C:\\Eureka\\htdocs\\sanna\\services\\vendor\\laravel\\framework\\src\\Illuminate\\Pipeline\\Pipeline.php(183): Illuminate\\Foundation\\Http\\Middleware\\PreventRequestsDuringMaintenance->handle()
#37 C:\\Eureka\\htdocs\\sanna\\services\\vendor\\laravel\\framework\\src\\Illuminate\\Http\\Middleware\\HandleCors.php(62): Illuminate\\Pipeline\\Pipeline->Illuminate\\Pipeline\\{closure}()
#38 C:\\Eureka\\htdocs\\sanna\\services\\vendor\\laravel\\framework\\src\\Illuminate\\Pipeline\\Pipeline.php(183): Illuminate\\Http\\Middleware\\HandleCors->handle()
#39 C:\\Eureka\\htdocs\\sanna\\services\\vendor\\laravel\\framework\\src\\Illuminate\\Http\\Middleware\\TrustProxies.php(39): Illuminate\\Pipeline\\Pipeline->Illuminate\\Pipeline\\{closure}()
#40 C:\\Eureka\\htdocs\\sanna\\services\\vendor\\laravel\\framework\\src\\Illuminate\\Pipeline\\Pipeline.php(183): Illuminate\\Http\\Middleware\\TrustProxies->handle()
#41 C:\\Eureka\\htdocs\\sanna\\services\\vendor\\laravel\\framework\\src\\Illuminate\\Pipeline\\Pipeline.php(119): Illuminate\\Pipeline\\Pipeline->Illuminate\\Pipeline\\{closure}()
#42 C:\\Eureka\\htdocs\\sanna\\services\\vendor\\laravel\\framework\\src\\Illuminate\\Foundation\\Http\\Kernel.php(175): Illuminate\\Pipeline\\Pipeline->then()
#43 C:\\Eureka\\htdocs\\sanna\\services\\vendor\\laravel\\framework\\src\\Illuminate\\Foundation\\Http\\Kernel.php(144): Illuminate\\Foundation\\Http\\Kernel->sendRequestThroughRouter()
#44 C:\\Eureka\\htdocs\\sanna\\services\\public\\index.php(54): Illuminate\\Foundation\\Http\\Kernel->handle()
#45 {main}

[previous exception] [object] (PDOException(code: 42000): SQLSTATE[42000]: [Microsoft][ODBC Driver 17 for SQL Server][SQL Server]String or binary data would be truncated in table 'dbRacso.dbo.examenesaux_h', column 'indicaciones'. Truncated value: 'Paciente varón de 64 años con un tiempo de enfermedad de 4 días acude con dolor lumbar severo que se'. at C:\\Eureka\\htdocs\\sanna\\services\\vendor\\laravel\\framework\\src\\Illuminate\\Database\\Connection.php:587)
[stacktrace]
#0 C:\\Eureka\\htdocs\\sanna\\services\\vendor\\laravel\\framework\\src\\Illuminate\\Database\\Connection.php(587): PDOStatement->execute()
#1 C:\\Eureka\\htdocs\\sanna\\services\\vendor\\laravel\\framework\\src\\Illuminate\\Database\\Connection.php(816): Illuminate\\Database\\Connection->Illuminate\\Database\\{closure}()
#2 C:\\Eureka\\htdocs\\sanna\\services\\vendor\\laravel\\framework\\src\\Illuminate\\Database\\Connection.php(783): Illuminate\\Database\\Connection->runQueryCallback()
#3 C:\\Eureka\\htdocs\\sanna\\services\\vendor\\laravel\\framework\\src\\Illuminate\\Database\\Connection.php(576): Illuminate\\Database\\Connection->run()
#4 C:\\Eureka\\htdocs\\sanna\\services\\vendor\\laravel\\framework\\src\\Illuminate\\Database\\Connection.php(540): Illuminate\\Database\\Connection->statement()
#5 C:\\Eureka\\htdocs\\sanna\\services\\vendor\\laravel\\framework\\src\\Illuminate\\Database\\Query\\Processors\\SqlServerProcessor.php(24): Illuminate\\Database\\Connection->insert()
#6 C:\\Eureka\\htdocs\\sanna\\services\\vendor\\laravel\\framework\\src\\Illuminate\\Database\\Query\\Builder.php(3507): Illuminate\\Database\\Query\\Processors\\SqlServerProcessor->processInsertGetId()
#7 C:\\Eureka\\htdocs\\sanna\\services\\app\\Http\\Controllers\\RegistroatencionController.php(1307): Illuminate\\Database\\Query\\Builder->insertGetId()
#8 C:\\Eureka\\htdocs\\sanna\\services\\vendor\\laravel\\framework\\src\\Illuminate\\Routing\\Controller.php(54): App\\Http\\Controllers\\RegistroatencionController->generarExamenesauxiliaresConsulta()
#9 C:\\Eureka\\htdocs\\sanna\\services\\vendor\\laravel\\framework\\src\\Illuminate\\Routing\\ControllerDispatcher.php(43): Illuminate\\Routing\\Controller->callAction()
#10 C:\\Eureka\\htdocs\\sanna\\services\\vendor\\laravel\\framework\\src\\Illuminate\\Routing\\Route.php(259): Illuminate\\Routing\\ControllerDispatcher->dispatch()
#11 C:\\Eureka\\htdocs\\sanna\\services\\vendor\\laravel\\framework\\src\\Illuminate\\Routing\\Route.php(205): Illuminate\\Routing\\Route->runController()
#12 C:\\Eureka\\htdocs\\sanna\\services\\vendor\\laravel\\framework\\src\\Illuminate\\Routing\\Router.php(806): Illuminate\\Routing\\Route->run()
#13 C:\\Eureka\\htdocs\\sanna\\services\\vendor\\laravel\\framework\\src\\Illuminate\\Pipeline\\Pipeline.php(144): Illuminate\\Routing\\Router->Illuminate\\Routing\\{closure}()
#14 C:\\Eureka\\htdocs\\sanna\\services\\app\\Http\\Middleware\\ValidarToken.php(32): Illuminate\\Pipeline\\Pipeline->Illuminate\\Pipeline\\{closure}()
#15 C:\\Eureka\\htdocs\\sanna\\services\\vendor\\laravel\\framework\\src\\Illuminate\\Pipeline\\Pipeline.php(183): App\\Http\\Middleware\\ValidarToken->handle()
#16 C:\\Eureka\\htdocs\\sanna\\services\\vendor\\laravel\\framework\\src\\Illuminate\\Routing\\Middleware\\SubstituteBindings.php(50): Illuminate\\Pipeline\\Pipeline->Illuminate\\Pipeline\\{closure}()
#17 C:\\Eureka\\htdocs\\sanna\\services\\vendor\\laravel\\framework\\src\\Illuminate\\Pipeline\\Pipeline.php(183): Illuminate\\Routing\\Middleware\\SubstituteBindings->handle()
#18 C:\\Eureka\\htdocs\\sanna\\services\\vendor\\laravel\\framework\\src\\Illuminate\\Routing\\Middleware\\ThrottleRequests.php(159): Illuminate\\Pipeline\\Pipeline->Illuminate\\Pipeline\\{closure}()
#19 C:\\Eureka\\htdocs\\sanna\\services\\vendor\\laravel\\framework\\src\\Illuminate\\Routing\\Middleware\\ThrottleRequests.php(125): Illuminate\\Routing\\Middleware\\ThrottleRequests->handleRequest()
#20 C:\\Eureka\\htdocs\\sanna\\services\\vendor\\laravel\\framework\\src\\Illuminate\\Routing\\Middleware\\ThrottleRequests.php(87): Illuminate\\Routing\\Middleware\\ThrottleRequests->handleRequestUsingNamedLimiter()
#21 C:\\Eureka\\htdocs\\sanna\\services\\vendor\\laravel\\framework\\src\\Illuminate\\Pipeline\\Pipeline.php(183): Illuminate\\Routing\\Middleware\\ThrottleRequests->handle()
#22 C:\\Eureka\\htdocs\\sanna\\services\\vendor\\laravel\\framework\\src\\Illuminate\\Pipeline\\Pipeline.php(119): Illuminate\\Pipeline\\Pipeline->Illuminate\\Pipeline\\{closure}()
#23 C:\\Eureka\\htdocs\\sanna\\services\\vendor\\laravel\\framework\\src\\Illuminate\\Routing\\Router.php(805): Illuminate\\Pipeline\\Pipeline->then()
#24 C:\\Eureka\\htdocs\\sanna\\services\\vendor\\laravel\\framework\\src\\Illuminate\\Routing\\Router.php(784): Illuminate\\Routing\\Router->runRouteWithinStack()
#25 C:\\Eureka\\htdocs\\sanna\\services\\vendor\\laravel\\framework\\src\\Illuminate\\Routing\\Router.php(748): Illuminate\\Routing\\Router->runRoute()
#26 C:\\Eureka\\htdocs\\sanna\\services\\vendor\\laravel\\framework\\src\\Illuminate\\Routing\\Router.php(737): Illuminate\\Routing\\Router->dispatchToRoute()
#27 C:\\Eureka\\htdocs\\sanna\\services\\vendor\\laravel\\framework\\src\\Illuminate\\Foundation\\Http\\Kernel.php(200): Illuminate\\Routing\\Router->dispatch()
#28 C:\\Eureka\\htdocs\\sanna\\services\\vendor\\laravel\\framework\\src\\Illuminate\\Pipeline\\Pipeline.php(144): Illuminate\\Foundation\\Http\\Kernel->Illuminate\\Foundation\\Http\\{closure}()
#29 C:\\Eureka\\htdocs\\sanna\\services\\vendor\\laravel\\framework\\src\\Illuminate\\Foundation\\Http\\Middleware\\TransformsRequest.php(21): Illuminate\\Pipeline\\Pipeline->Illuminate\\Pipeline\\{closure}()
#30 C:\\Eureka\\htdocs\\sanna\\services\\vendor\\laravel\\framework\\src\\Illuminate\\Foundation\\Http\\Middleware\\ConvertEmptyStringsToNull.php(31): Illuminate\\Foundation\\Http\\Middleware\\TransformsRequest->handle()
#31 C:\\Eureka\\htdocs\\sanna\\services\\vendor\\laravel\\framework\\src\\Illuminate\\Pipeline\\Pipeline.php(183): Illuminate\\Foundation\\Http\\Middleware\\ConvertEmptyStringsToNull->handle()
#32 C:\\Eureka\\htdocs\\sanna\\services\\vendor\\laravel\\framework\\src\\Illuminate\\Foundation\\Http\\Middleware\\TransformsRequest.php(21): Illuminate\\Pipeline\\Pipeline->Illuminate\\Pipeline\\{closure}()
#33 C:\\Eureka\\htdocs\\sanna\\services\\vendor\\laravel\\framework\\src\\Illuminate\\Foundation\\Http\\Middleware\\TrimStrings.php(40): Illuminate\\Foundation\\Http\\Middleware\\TransformsRequest->handle()
#34 C:\\Eureka\\htdocs\\sanna\\services\\vendor\\laravel\\framework\\src\\Illuminate\\Pipeline\\Pipeline.php(183): Illuminate\\Foundation\\Http\\Middleware\\TrimStrings->handle()
#35 C:\\Eureka\\htdocs\\sanna\\services\\vendor\\laravel\\framework\\src\\Illuminate\\Foundation\\Http\\Middleware\\ValidatePostSize.php(27): Illuminate\\Pipeline\\Pipeline->Illuminate\\Pipeline\\{closure}()
#36 C:\\Eureka\\htdocs\\sanna\\services\\vendor\\laravel\\framework\\src\\Illuminate\\Pipeline\\Pipeline.php(183): Illuminate\\Foundation\\Http\\Middleware\\ValidatePostSize->handle()
#37 C:\\Eureka\\htdocs\\sanna\\services\\vendor\\laravel\\framework\\src\\Illuminate\\Foundation\\Http\\Middleware\\PreventRequestsDuringMaintenance.php(99): Illuminate\\Pipeline\\Pipeline->Illuminate\\Pipeline\\{closure}()
#38 C:\\Eureka\\htdocs\\sanna\\services\\vendor\\laravel\\framework\\src\\Illuminate\\Pipeline\\Pipeline.php(183): Illuminate\\Foundation\\Http\\Middleware\\PreventRequestsDuringMaintenance->handle()
#39 C:\\Eureka\\htdocs\\sanna\\services\\vendor\\laravel\\framework\\src\\Illuminate\\Http\\Middleware\\HandleCors.php(62): Illuminate\\Pipeline\\Pipeline->Illuminate\\Pipeline\\{closure}()
#40 C:\\Eureka\\htdocs\\sanna\\services\\vendor\\laravel\\framework\\src\\Illuminate\\Pipeline\\Pipeline.php(183): Illuminate\\Http\\Middleware\\HandleCors->handle()
#41 C:\\Eureka\\htdocs\\sanna\\services\\vendor\\laravel\\framework\\src\\Illuminate\\Http\\Middleware\\TrustProxies.php(39): Illuminate\\Pipeline\\Pipeline->Illuminate\\Pipeline\\{closure}()
#42 C:\\Eureka\\htdocs\\sanna\\services\\vendor\\laravel\\framework\\src\\Illuminate\\Pipeline\\Pipeline.php(183): Illuminate\\Http\\Middleware\\TrustProxies->handle()
#43 C:\\Eureka\\htdocs\\sanna\\services\\vendor\\laravel\\framework\\src\\Illuminate\\Pipeline\\Pipeline.php(119): Illuminate\\Pipeline\\Pipeline->Illuminate\\Pipeline\\{closure}()
#44 C:\\Eureka\\htdocs\\sanna\\services\\vendor\\laravel\\framework\\src\\Illuminate\\Foundation\\Http\\Kernel.php(175): Illuminate\\Pipeline\\Pipeline->then()
#45 C:\\Eureka\\htdocs\\sanna\\services\\vendor\\laravel\\framework\\src\\Illuminate\\Foundation\\Http\\Kernel.php(144): Illuminate\\Foundation\\Http\\Kernel->sendRequestThroughRouter()
#46 C:\\Eureka\\htdocs\\sanna\\services\\public\\index.php(54): Illuminate\\Foundation\\Http\\Kernel->handle()
#47 {main}
"} 
[2025-07-02 21:21:05] local.ERROR: SQLSTATE[42000]: [Microsoft][ODBC Driver 17 for SQL Server][SQL Server]String or binary data would be truncated in table 'dbRacso.dbo.examenesaux_h', column 'indicaciones'. Truncated value: 'Paciente refiere que hace aproximadamente un mes presento disuria, polaquiuria y dolor pélvico por l'. (Connection: sqlsrv, SQL: insert into [examenesaux_h] ([idatencion], [tipo], [indicaciones], [state]) values (275056, 1, Paciente refiere que hace aproximadamente un mes presento disuria, polaquiuria y dolor pélvico por lo que acudió a consulta en donde le recetaron Nitrofurantoina. Posteriormente al persistir con los síntomas por recomendación de un familiar se colocó amikacina IM por 3 días y cefalexina cada 8 horas por 7 días. Actualmente acude a consulta debido a que persiste con disuria. Se solicita Urocultivo y Antibiograma., 0)) {"userId":1467,"exception":"[object] (Illuminate\\Database\\QueryException(code: 42000): SQLSTATE[42000]: [Microsoft][ODBC Driver 17 for SQL Server][SQL Server]String or binary data would be truncated in table 'dbRacso.dbo.examenesaux_h', column 'indicaciones'. Truncated value: 'Paciente refiere que hace aproximadamente un mes presento disuria, polaquiuria y dolor pélvico por l'. (Connection: sqlsrv, SQL: insert into [examenesaux_h] ([idatencion], [tipo], [indicaciones], [state]) values (275056, 1, Paciente refiere que hace aproximadamente un mes presento disuria, polaquiuria y dolor pélvico por lo que acudió a consulta en donde le recetaron Nitrofurantoina. Posteriormente al persistir con los síntomas por recomendación de un familiar se colocó amikacina IM por 3 días y cefalexina cada 8 horas por 7 días. Actualmente acude a consulta debido a que persiste con disuria. Se solicita Urocultivo y Antibiograma., 0)) at C:\\Eureka\\htdocs\\sanna\\services\\vendor\\laravel\\framework\\src\\Illuminate\\Database\\Connection.php:829)
[stacktrace]
#0 C:\\Eureka\\htdocs\\sanna\\services\\vendor\\laravel\\framework\\src\\Illuminate\\Database\\Connection.php(783): Illuminate\\Database\\Connection->runQueryCallback()
#1 C:\\Eureka\\htdocs\\sanna\\services\\vendor\\laravel\\framework\\src\\Illuminate\\Database\\Connection.php(576): Illuminate\\Database\\Connection->run()
#2 C:\\Eureka\\htdocs\\sanna\\services\\vendor\\laravel\\framework\\src\\Illuminate\\Database\\Connection.php(540): Illuminate\\Database\\Connection->statement()
#3 C:\\Eureka\\htdocs\\sanna\\services\\vendor\\laravel\\framework\\src\\Illuminate\\Database\\Query\\Processors\\SqlServerProcessor.php(24): Illuminate\\Database\\Connection->insert()
#4 C:\\Eureka\\htdocs\\sanna\\services\\vendor\\laravel\\framework\\src\\Illuminate\\Database\\Query\\Builder.php(3507): Illuminate\\Database\\Query\\Processors\\SqlServerProcessor->processInsertGetId()
#5 C:\\Eureka\\htdocs\\sanna\\services\\app\\Http\\Controllers\\RegistroatencionController.php(1331): Illuminate\\Database\\Query\\Builder->insertGetId()
#6 C:\\Eureka\\htdocs\\sanna\\services\\vendor\\laravel\\framework\\src\\Illuminate\\Routing\\Controller.php(54): App\\Http\\Controllers\\RegistroatencionController->generarExamenesauxiliaresConsulta()
#7 C:\\Eureka\\htdocs\\sanna\\services\\vendor\\laravel\\framework\\src\\Illuminate\\Routing\\ControllerDispatcher.php(43): Illuminate\\Routing\\Controller->callAction()
#8 C:\\Eureka\\htdocs\\sanna\\services\\vendor\\laravel\\framework\\src\\Illuminate\\Routing\\Route.php(259): Illuminate\\Routing\\ControllerDispatcher->dispatch()
#9 C:\\Eureka\\htdocs\\sanna\\services\\vendor\\laravel\\framework\\src\\Illuminate\\Routing\\Route.php(205): Illuminate\\Routing\\Route->runController()
#10 C:\\Eureka\\htdocs\\sanna\\services\\vendor\\laravel\\framework\\src\\Illuminate\\Routing\\Router.php(806): Illuminate\\Routing\\Route->run()
#11 C:\\Eureka\\htdocs\\sanna\\services\\vendor\\laravel\\framework\\src\\Illuminate\\Pipeline\\Pipeline.php(144): Illuminate\\Routing\\Router->Illuminate\\Routing\\{closure}()
#12 C:\\Eureka\\htdocs\\sanna\\services\\app\\Http\\Middleware\\ValidarToken.php(32): Illuminate\\Pipeline\\Pipeline->Illuminate\\Pipeline\\{closure}()
#13 C:\\Eureka\\htdocs\\sanna\\services\\vendor\\laravel\\framework\\src\\Illuminate\\Pipeline\\Pipeline.php(183): App\\Http\\Middleware\\ValidarToken->handle()
#14 C:\\Eureka\\htdocs\\sanna\\services\\vendor\\laravel\\framework\\src\\Illuminate\\Routing\\Middleware\\SubstituteBindings.php(50): Illuminate\\Pipeline\\Pipeline->Illuminate\\Pipeline\\{closure}()
#15 C:\\Eureka\\htdocs\\sanna\\services\\vendor\\laravel\\framework\\src\\Illuminate\\Pipeline\\Pipeline.php(183): Illuminate\\Routing\\Middleware\\SubstituteBindings->handle()
#16 C:\\Eureka\\htdocs\\sanna\\services\\vendor\\laravel\\framework\\src\\Illuminate\\Routing\\Middleware\\ThrottleRequests.php(159): Illuminate\\Pipeline\\Pipeline->Illuminate\\Pipeline\\{closure}()
#17 C:\\Eureka\\htdocs\\sanna\\services\\vendor\\laravel\\framework\\src\\Illuminate\\Routing\\Middleware\\ThrottleRequests.php(125): Illuminate\\Routing\\Middleware\\ThrottleRequests->handleRequest()
#18 C:\\Eureka\\htdocs\\sanna\\services\\vendor\\laravel\\framework\\src\\Illuminate\\Routing\\Middleware\\ThrottleRequests.php(87): Illuminate\\Routing\\Middleware\\ThrottleRequests->handleRequestUsingNamedLimiter()
#19 C:\\Eureka\\htdocs\\sanna\\services\\vendor\\laravel\\framework\\src\\Illuminate\\Pipeline\\Pipeline.php(183): Illuminate\\Routing\\Middleware\\ThrottleRequests->handle()
#20 C:\\Eureka\\htdocs\\sanna\\services\\vendor\\laravel\\framework\\src\\Illuminate\\Pipeline\\Pipeline.php(119): Illuminate\\Pipeline\\Pipeline->Illuminate\\Pipeline\\{closure}()
#21 C:\\Eureka\\htdocs\\sanna\\services\\vendor\\laravel\\framework\\src\\Illuminate\\Routing\\Router.php(805): Illuminate\\Pipeline\\Pipeline->then()
#22 C:\\Eureka\\htdocs\\sanna\\services\\vendor\\laravel\\framework\\src\\Illuminate\\Routing\\Router.php(784): Illuminate\\Routing\\Router->runRouteWithinStack()
#23 C:\\Eureka\\htdocs\\sanna\\services\\vendor\\laravel\\framework\\src\\Illuminate\\Routing\\Router.php(748): Illuminate\\Routing\\Router->runRoute()
#24 C:\\Eureka\\htdocs\\sanna\\services\\vendor\\laravel\\framework\\src\\Illuminate\\Routing\\Router.php(737): Illuminate\\Routing\\Router->dispatchToRoute()
#25 C:\\Eureka\\htdocs\\sanna\\services\\vendor\\laravel\\framework\\src\\Illuminate\\Foundation\\Http\\Kernel.php(200): Illuminate\\Routing\\Router->dispatch()
#26 C:\\Eureka\\htdocs\\sanna\\services\\vendor\\laravel\\framework\\src\\Illuminate\\Pipeline\\Pipeline.php(144): Illuminate\\Foundation\\Http\\Kernel->Illuminate\\Foundation\\Http\\{closure}()
#27 C:\\Eureka\\htdocs\\sanna\\services\\vendor\\laravel\\framework\\src\\Illuminate\\Foundation\\Http\\Middleware\\TransformsRequest.php(21): Illuminate\\Pipeline\\Pipeline->Illuminate\\Pipeline\\{closure}()
#28 C:\\Eureka\\htdocs\\sanna\\services\\vendor\\laravel\\framework\\src\\Illuminate\\Foundation\\Http\\Middleware\\ConvertEmptyStringsToNull.php(31): Illuminate\\Foundation\\Http\\Middleware\\TransformsRequest->handle()
#29 C:\\Eureka\\htdocs\\sanna\\services\\vendor\\laravel\\framework\\src\\Illuminate\\Pipeline\\Pipeline.php(183): Illuminate\\Foundation\\Http\\Middleware\\ConvertEmptyStringsToNull->handle()
#30 C:\\Eureka\\htdocs\\sanna\\services\\vendor\\laravel\\framework\\src\\Illuminate\\Foundation\\Http\\Middleware\\TransformsRequest.php(21): Illuminate\\Pipeline\\Pipeline->Illuminate\\Pipeline\\{closure}()
#31 C:\\Eureka\\htdocs\\sanna\\services\\vendor\\laravel\\framework\\src\\Illuminate\\Foundation\\Http\\Middleware\\TrimStrings.php(40): Illuminate\\Foundation\\Http\\Middleware\\TransformsRequest->handle()
#32 C:\\Eureka\\htdocs\\sanna\\services\\vendor\\laravel\\framework\\src\\Illuminate\\Pipeline\\Pipeline.php(183): Illuminate\\Foundation\\Http\\Middleware\\TrimStrings->handle()
#33 C:\\Eureka\\htdocs\\sanna\\services\\vendor\\laravel\\framework\\src\\Illuminate\\Foundation\\Http\\Middleware\\ValidatePostSize.php(27): Illuminate\\Pipeline\\Pipeline->Illuminate\\Pipeline\\{closure}()
#34 C:\\Eureka\\htdocs\\sanna\\services\\vendor\\laravel\\framework\\src\\Illuminate\\Pipeline\\Pipeline.php(183): Illuminate\\Foundation\\Http\\Middleware\\ValidatePostSize->handle()
#35 C:\\Eureka\\htdocs\\sanna\\services\\vendor\\laravel\\framework\\src\\Illuminate\\Foundation\\Http\\Middleware\\PreventRequestsDuringMaintenance.php(99): Illuminate\\Pipeline\\Pipeline->Illuminate\\Pipeline\\{closure}()
#36 C:\\Eureka\\htdocs\\sanna\\services\\vendor\\laravel\\framework\\src\\Illuminate\\Pipeline\\Pipeline.php(183): Illuminate\\Foundation\\Http\\Middleware\\PreventRequestsDuringMaintenance->handle()
#37 C:\\Eureka\\htdocs\\sanna\\services\\vendor\\laravel\\framework\\src\\Illuminate\\Http\\Middleware\\HandleCors.php(62): Illuminate\\Pipeline\\Pipeline->Illuminate\\Pipeline\\{closure}()
#38 C:\\Eureka\\htdocs\\sanna\\services\\vendor\\laravel\\framework\\src\\Illuminate\\Pipeline\\Pipeline.php(183): Illuminate\\Http\\Middleware\\HandleCors->handle()
#39 C:\\Eureka\\htdocs\\sanna\\services\\vendor\\laravel\\framework\\src\\Illuminate\\Http\\Middleware\\TrustProxies.php(39): Illuminate\\Pipeline\\Pipeline->Illuminate\\Pipeline\\{closure}()
#40 C:\\Eureka\\htdocs\\sanna\\services\\vendor\\laravel\\framework\\src\\Illuminate\\Pipeline\\Pipeline.php(183): Illuminate\\Http\\Middleware\\TrustProxies->handle()
#41 C:\\Eureka\\htdocs\\sanna\\services\\vendor\\laravel\\framework\\src\\Illuminate\\Pipeline\\Pipeline.php(119): Illuminate\\Pipeline\\Pipeline->Illuminate\\Pipeline\\{closure}()
#42 C:\\Eureka\\htdocs\\sanna\\services\\vendor\\laravel\\framework\\src\\Illuminate\\Foundation\\Http\\Kernel.php(175): Illuminate\\Pipeline\\Pipeline->then()
#43 C:\\Eureka\\htdocs\\sanna\\services\\vendor\\laravel\\framework\\src\\Illuminate\\Foundation\\Http\\Kernel.php(144): Illuminate\\Foundation\\Http\\Kernel->sendRequestThroughRouter()
#44 C:\\Eureka\\htdocs\\sanna\\services\\public\\index.php(54): Illuminate\\Foundation\\Http\\Kernel->handle()
#45 {main}

[previous exception] [object] (PDOException(code: 42000): SQLSTATE[42000]: [Microsoft][ODBC Driver 17 for SQL Server][SQL Server]String or binary data would be truncated in table 'dbRacso.dbo.examenesaux_h', column 'indicaciones'. Truncated value: 'Paciente refiere que hace aproximadamente un mes presento disuria, polaquiuria y dolor pélvico por l'. at C:\\Eureka\\htdocs\\sanna\\services\\vendor\\laravel\\framework\\src\\Illuminate\\Database\\Connection.php:587)
[stacktrace]
#0 C:\\Eureka\\htdocs\\sanna\\services\\vendor\\laravel\\framework\\src\\Illuminate\\Database\\Connection.php(587): PDOStatement->execute()
#1 C:\\Eureka\\htdocs\\sanna\\services\\vendor\\laravel\\framework\\src\\Illuminate\\Database\\Connection.php(816): Illuminate\\Database\\Connection->Illuminate\\Database\\{closure}()
#2 C:\\Eureka\\htdocs\\sanna\\services\\vendor\\laravel\\framework\\src\\Illuminate\\Database\\Connection.php(783): Illuminate\\Database\\Connection->runQueryCallback()
#3 C:\\Eureka\\htdocs\\sanna\\services\\vendor\\laravel\\framework\\src\\Illuminate\\Database\\Connection.php(576): Illuminate\\Database\\Connection->run()
#4 C:\\Eureka\\htdocs\\sanna\\services\\vendor\\laravel\\framework\\src\\Illuminate\\Database\\Connection.php(540): Illuminate\\Database\\Connection->statement()
#5 C:\\Eureka\\htdocs\\sanna\\services\\vendor\\laravel\\framework\\src\\Illuminate\\Database\\Query\\Processors\\SqlServerProcessor.php(24): Illuminate\\Database\\Connection->insert()
#6 C:\\Eureka\\htdocs\\sanna\\services\\vendor\\laravel\\framework\\src\\Illuminate\\Database\\Query\\Builder.php(3507): Illuminate\\Database\\Query\\Processors\\SqlServerProcessor->processInsertGetId()
#7 C:\\Eureka\\htdocs\\sanna\\services\\app\\Http\\Controllers\\RegistroatencionController.php(1331): Illuminate\\Database\\Query\\Builder->insertGetId()
#8 C:\\Eureka\\htdocs\\sanna\\services\\vendor\\laravel\\framework\\src\\Illuminate\\Routing\\Controller.php(54): App\\Http\\Controllers\\RegistroatencionController->generarExamenesauxiliaresConsulta()
#9 C:\\Eureka\\htdocs\\sanna\\services\\vendor\\laravel\\framework\\src\\Illuminate\\Routing\\ControllerDispatcher.php(43): Illuminate\\Routing\\Controller->callAction()
#10 C:\\Eureka\\htdocs\\sanna\\services\\vendor\\laravel\\framework\\src\\Illuminate\\Routing\\Route.php(259): Illuminate\\Routing\\ControllerDispatcher->dispatch()
#11 C:\\Eureka\\htdocs\\sanna\\services\\vendor\\laravel\\framework\\src\\Illuminate\\Routing\\Route.php(205): Illuminate\\Routing\\Route->runController()
#12 C:\\Eureka\\htdocs\\sanna\\services\\vendor\\laravel\\framework\\src\\Illuminate\\Routing\\Router.php(806): Illuminate\\Routing\\Route->run()
#13 C:\\Eureka\\htdocs\\sanna\\services\\vendor\\laravel\\framework\\src\\Illuminate\\Pipeline\\Pipeline.php(144): Illuminate\\Routing\\Router->Illuminate\\Routing\\{closure}()
#14 C:\\Eureka\\htdocs\\sanna\\services\\app\\Http\\Middleware\\ValidarToken.php(32): Illuminate\\Pipeline\\Pipeline->Illuminate\\Pipeline\\{closure}()
#15 C:\\Eureka\\htdocs\\sanna\\services\\vendor\\laravel\\framework\\src\\Illuminate\\Pipeline\\Pipeline.php(183): App\\Http\\Middleware\\ValidarToken->handle()
#16 C:\\Eureka\\htdocs\\sanna\\services\\vendor\\laravel\\framework\\src\\Illuminate\\Routing\\Middleware\\SubstituteBindings.php(50): Illuminate\\Pipeline\\Pipeline->Illuminate\\Pipeline\\{closure}()
#17 C:\\Eureka\\htdocs\\sanna\\services\\vendor\\laravel\\framework\\src\\Illuminate\\Pipeline\\Pipeline.php(183): Illuminate\\Routing\\Middleware\\SubstituteBindings->handle()
#18 C:\\Eureka\\htdocs\\sanna\\services\\vendor\\laravel\\framework\\src\\Illuminate\\Routing\\Middleware\\ThrottleRequests.php(159): Illuminate\\Pipeline\\Pipeline->Illuminate\\Pipeline\\{closure}()
#19 C:\\Eureka\\htdocs\\sanna\\services\\vendor\\laravel\\framework\\src\\Illuminate\\Routing\\Middleware\\ThrottleRequests.php(125): Illuminate\\Routing\\Middleware\\ThrottleRequests->handleRequest()
#20 C:\\Eureka\\htdocs\\sanna\\services\\vendor\\laravel\\framework\\src\\Illuminate\\Routing\\Middleware\\ThrottleRequests.php(87): Illuminate\\Routing\\Middleware\\ThrottleRequests->handleRequestUsingNamedLimiter()
#21 C:\\Eureka\\htdocs\\sanna\\services\\vendor\\laravel\\framework\\src\\Illuminate\\Pipeline\\Pipeline.php(183): Illuminate\\Routing\\Middleware\\ThrottleRequests->handle()
#22 C:\\Eureka\\htdocs\\sanna\\services\\vendor\\laravel\\framework\\src\\Illuminate\\Pipeline\\Pipeline.php(119): Illuminate\\Pipeline\\Pipeline->Illuminate\\Pipeline\\{closure}()
#23 C:\\Eureka\\htdocs\\sanna\\services\\vendor\\laravel\\framework\\src\\Illuminate\\Routing\\Router.php(805): Illuminate\\Pipeline\\Pipeline->then()
#24 C:\\Eureka\\htdocs\\sanna\\services\\vendor\\laravel\\framework\\src\\Illuminate\\Routing\\Router.php(784): Illuminate\\Routing\\Router->runRouteWithinStack()
#25 C:\\Eureka\\htdocs\\sanna\\services\\vendor\\laravel\\framework\\src\\Illuminate\\Routing\\Router.php(748): Illuminate\\Routing\\Router->runRoute()
#26 C:\\Eureka\\htdocs\\sanna\\services\\vendor\\laravel\\framework\\src\\Illuminate\\Routing\\Router.php(737): Illuminate\\Routing\\Router->dispatchToRoute()
#27 C:\\Eureka\\htdocs\\sanna\\services\\vendor\\laravel\\framework\\src\\Illuminate\\Foundation\\Http\\Kernel.php(200): Illuminate\\Routing\\Router->dispatch()
#28 C:\\Eureka\\htdocs\\sanna\\services\\vendor\\laravel\\framework\\src\\Illuminate\\Pipeline\\Pipeline.php(144): Illuminate\\Foundation\\Http\\Kernel->Illuminate\\Foundation\\Http\\{closure}()
#29 C:\\Eureka\\htdocs\\sanna\\services\\vendor\\laravel\\framework\\src\\Illuminate\\Foundation\\Http\\Middleware\\TransformsRequest.php(21): Illuminate\\Pipeline\\Pipeline->Illuminate\\Pipeline\\{closure}()
#30 C:\\Eureka\\htdocs\\sanna\\services\\vendor\\laravel\\framework\\src\\Illuminate\\Foundation\\Http\\Middleware\\ConvertEmptyStringsToNull.php(31): Illuminate\\Foundation\\Http\\Middleware\\TransformsRequest->handle()
#31 C:\\Eureka\\htdocs\\sanna\\services\\vendor\\laravel\\framework\\src\\Illuminate\\Pipeline\\Pipeline.php(183): Illuminate\\Foundation\\Http\\Middleware\\ConvertEmptyStringsToNull->handle()
#32 C:\\Eureka\\htdocs\\sanna\\services\\vendor\\laravel\\framework\\src\\Illuminate\\Foundation\\Http\\Middleware\\TransformsRequest.php(21): Illuminate\\Pipeline\\Pipeline->Illuminate\\Pipeline\\{closure}()
#33 C:\\Eureka\\htdocs\\sanna\\services\\vendor\\laravel\\framework\\src\\Illuminate\\Foundation\\Http\\Middleware\\TrimStrings.php(40): Illuminate\\Foundation\\Http\\Middleware\\TransformsRequest->handle()
#34 C:\\Eureka\\htdocs\\sanna\\services\\vendor\\laravel\\framework\\src\\Illuminate\\Pipeline\\Pipeline.php(183): Illuminate\\Foundation\\Http\\Middleware\\TrimStrings->handle()
#35 C:\\Eureka\\htdocs\\sanna\\services\\vendor\\laravel\\framework\\src\\Illuminate\\Foundation\\Http\\Middleware\\ValidatePostSize.php(27): Illuminate\\Pipeline\\Pipeline->Illuminate\\Pipeline\\{closure}()
#36 C:\\Eureka\\htdocs\\sanna\\services\\vendor\\laravel\\framework\\src\\Illuminate\\Pipeline\\Pipeline.php(183): Illuminate\\Foundation\\Http\\Middleware\\ValidatePostSize->handle()
#37 C:\\Eureka\\htdocs\\sanna\\services\\vendor\\laravel\\framework\\src\\Illuminate\\Foundation\\Http\\Middleware\\PreventRequestsDuringMaintenance.php(99): Illuminate\\Pipeline\\Pipeline->Illuminate\\Pipeline\\{closure}()
#38 C:\\Eureka\\htdocs\\sanna\\services\\vendor\\laravel\\framework\\src\\Illuminate\\Pipeline\\Pipeline.php(183): Illuminate\\Foundation\\Http\\Middleware\\PreventRequestsDuringMaintenance->handle()
#39 C:\\Eureka\\htdocs\\sanna\\services\\vendor\\laravel\\framework\\src\\Illuminate\\Http\\Middleware\\HandleCors.php(62): Illuminate\\Pipeline\\Pipeline->Illuminate\\Pipeline\\{closure}()
#40 C:\\Eureka\\htdocs\\sanna\\services\\vendor\\laravel\\framework\\src\\Illuminate\\Pipeline\\Pipeline.php(183): Illuminate\\Http\\Middleware\\HandleCors->handle()
#41 C:\\Eureka\\htdocs\\sanna\\services\\vendor\\laravel\\framework\\src\\Illuminate\\Http\\Middleware\\TrustProxies.php(39): Illuminate\\Pipeline\\Pipeline->Illuminate\\Pipeline\\{closure}()
#42 C:\\Eureka\\htdocs\\sanna\\services\\vendor\\laravel\\framework\\src\\Illuminate\\Pipeline\\Pipeline.php(183): Illuminate\\Http\\Middleware\\TrustProxies->handle()
#43 C:\\Eureka\\htdocs\\sanna\\services\\vendor\\laravel\\framework\\src\\Illuminate\\Pipeline\\Pipeline.php(119): Illuminate\\Pipeline\\Pipeline->Illuminate\\Pipeline\\{closure}()
#44 C:\\Eureka\\htdocs\\sanna\\services\\vendor\\laravel\\framework\\src\\Illuminate\\Foundation\\Http\\Kernel.php(175): Illuminate\\Pipeline\\Pipeline->then()
#45 C:\\Eureka\\htdocs\\sanna\\services\\vendor\\laravel\\framework\\src\\Illuminate\\Foundation\\Http\\Kernel.php(144): Illuminate\\Foundation\\Http\\Kernel->sendRequestThroughRouter()
#46 C:\\Eureka\\htdocs\\sanna\\services\\public\\index.php(54): Illuminate\\Foundation\\Http\\Kernel->handle()
#47 {main}
"} 
[2025-07-02 21:46:18] local.ERROR: SQLSTATE[42000]: [Microsoft][ODBC Driver 17 for SQL Server][SQL Server]String or binary data would be truncated in table 'dbRacso.dbo.examenesaux_h', column 'indicaciones'. Truncated value: 'Paciente refiere que hace aproximadamente un mes presento disuria, polaquiuria y dolor pélvico por l'. (Connection: sqlsrv, SQL: insert into [examenesaux_h] ([idatencion], [tipo], [indicaciones], [state]) values (275073, 1, Paciente refiere que hace aproximadamente un mes presento disuria, polaquiuria y dolor pélvico por lo que acudió a consulta en donde le recetaron macrodantina. Posteriormente al persistir con los síntomas por recomendación de un familiar se colocó amikacina IM por 3 días y cefalexina cada 8 horas por 7 días. Actualmente acude a consulta debido a que persiste con disuria. Se solicita Urocultivo y antibiograma., 0)) {"userId":1467,"exception":"[object] (Illuminate\\Database\\QueryException(code: 42000): SQLSTATE[42000]: [Microsoft][ODBC Driver 17 for SQL Server][SQL Server]String or binary data would be truncated in table 'dbRacso.dbo.examenesaux_h', column 'indicaciones'. Truncated value: 'Paciente refiere que hace aproximadamente un mes presento disuria, polaquiuria y dolor pélvico por l'. (Connection: sqlsrv, SQL: insert into [examenesaux_h] ([idatencion], [tipo], [indicaciones], [state]) values (275073, 1, Paciente refiere que hace aproximadamente un mes presento disuria, polaquiuria y dolor pélvico por lo que acudió a consulta en donde le recetaron macrodantina. Posteriormente al persistir con los síntomas por recomendación de un familiar se colocó amikacina IM por 3 días y cefalexina cada 8 horas por 7 días. Actualmente acude a consulta debido a que persiste con disuria. Se solicita Urocultivo y antibiograma., 0)) at C:\\Eureka\\htdocs\\sanna\\services\\vendor\\laravel\\framework\\src\\Illuminate\\Database\\Connection.php:829)
[stacktrace]
#0 C:\\Eureka\\htdocs\\sanna\\services\\vendor\\laravel\\framework\\src\\Illuminate\\Database\\Connection.php(783): Illuminate\\Database\\Connection->runQueryCallback()
#1 C:\\Eureka\\htdocs\\sanna\\services\\vendor\\laravel\\framework\\src\\Illuminate\\Database\\Connection.php(576): Illuminate\\Database\\Connection->run()
#2 C:\\Eureka\\htdocs\\sanna\\services\\vendor\\laravel\\framework\\src\\Illuminate\\Database\\Connection.php(540): Illuminate\\Database\\Connection->statement()
#3 C:\\Eureka\\htdocs\\sanna\\services\\vendor\\laravel\\framework\\src\\Illuminate\\Database\\Query\\Processors\\SqlServerProcessor.php(24): Illuminate\\Database\\Connection->insert()
#4 C:\\Eureka\\htdocs\\sanna\\services\\vendor\\laravel\\framework\\src\\Illuminate\\Database\\Query\\Builder.php(3507): Illuminate\\Database\\Query\\Processors\\SqlServerProcessor->processInsertGetId()
#5 C:\\Eureka\\htdocs\\sanna\\services\\app\\Http\\Controllers\\RegistroatencionController.php(1331): Illuminate\\Database\\Query\\Builder->insertGetId()
#6 C:\\Eureka\\htdocs\\sanna\\services\\vendor\\laravel\\framework\\src\\Illuminate\\Routing\\Controller.php(54): App\\Http\\Controllers\\RegistroatencionController->generarExamenesauxiliaresConsulta()
#7 C:\\Eureka\\htdocs\\sanna\\services\\vendor\\laravel\\framework\\src\\Illuminate\\Routing\\ControllerDispatcher.php(43): Illuminate\\Routing\\Controller->callAction()
#8 C:\\Eureka\\htdocs\\sanna\\services\\vendor\\laravel\\framework\\src\\Illuminate\\Routing\\Route.php(259): Illuminate\\Routing\\ControllerDispatcher->dispatch()
#9 C:\\Eureka\\htdocs\\sanna\\services\\vendor\\laravel\\framework\\src\\Illuminate\\Routing\\Route.php(205): Illuminate\\Routing\\Route->runController()
#10 C:\\Eureka\\htdocs\\sanna\\services\\vendor\\laravel\\framework\\src\\Illuminate\\Routing\\Router.php(806): Illuminate\\Routing\\Route->run()
#11 C:\\Eureka\\htdocs\\sanna\\services\\vendor\\laravel\\framework\\src\\Illuminate\\Pipeline\\Pipeline.php(144): Illuminate\\Routing\\Router->Illuminate\\Routing\\{closure}()
#12 C:\\Eureka\\htdocs\\sanna\\services\\app\\Http\\Middleware\\ValidarToken.php(32): Illuminate\\Pipeline\\Pipeline->Illuminate\\Pipeline\\{closure}()
#13 C:\\Eureka\\htdocs\\sanna\\services\\vendor\\laravel\\framework\\src\\Illuminate\\Pipeline\\Pipeline.php(183): App\\Http\\Middleware\\ValidarToken->handle()
#14 C:\\Eureka\\htdocs\\sanna\\services\\vendor\\laravel\\framework\\src\\Illuminate\\Routing\\Middleware\\SubstituteBindings.php(50): Illuminate\\Pipeline\\Pipeline->Illuminate\\Pipeline\\{closure}()
#15 C:\\Eureka\\htdocs\\sanna\\services\\vendor\\laravel\\framework\\src\\Illuminate\\Pipeline\\Pipeline.php(183): Illuminate\\Routing\\Middleware\\SubstituteBindings->handle()
#16 C:\\Eureka\\htdocs\\sanna\\services\\vendor\\laravel\\framework\\src\\Illuminate\\Routing\\Middleware\\ThrottleRequests.php(159): Illuminate\\Pipeline\\Pipeline->Illuminate\\Pipeline\\{closure}()
#17 C:\\Eureka\\htdocs\\sanna\\services\\vendor\\laravel\\framework\\src\\Illuminate\\Routing\\Middleware\\ThrottleRequests.php(125): Illuminate\\Routing\\Middleware\\ThrottleRequests->handleRequest()
#18 C:\\Eureka\\htdocs\\sanna\\services\\vendor\\laravel\\framework\\src\\Illuminate\\Routing\\Middleware\\ThrottleRequests.php(87): Illuminate\\Routing\\Middleware\\ThrottleRequests->handleRequestUsingNamedLimiter()
#19 C:\\Eureka\\htdocs\\sanna\\services\\vendor\\laravel\\framework\\src\\Illuminate\\Pipeline\\Pipeline.php(183): Illuminate\\Routing\\Middleware\\ThrottleRequests->handle()
#20 C:\\Eureka\\htdocs\\sanna\\services\\vendor\\laravel\\framework\\src\\Illuminate\\Pipeline\\Pipeline.php(119): Illuminate\\Pipeline\\Pipeline->Illuminate\\Pipeline\\{closure}()
#21 C:\\Eureka\\htdocs\\sanna\\services\\vendor\\laravel\\framework\\src\\Illuminate\\Routing\\Router.php(805): Illuminate\\Pipeline\\Pipeline->then()
#22 C:\\Eureka\\htdocs\\sanna\\services\\vendor\\laravel\\framework\\src\\Illuminate\\Routing\\Router.php(784): Illuminate\\Routing\\Router->runRouteWithinStack()
#23 C:\\Eureka\\htdocs\\sanna\\services\\vendor\\laravel\\framework\\src\\Illuminate\\Routing\\Router.php(748): Illuminate\\Routing\\Router->runRoute()
#24 C:\\Eureka\\htdocs\\sanna\\services\\vendor\\laravel\\framework\\src\\Illuminate\\Routing\\Router.php(737): Illuminate\\Routing\\Router->dispatchToRoute()
#25 C:\\Eureka\\htdocs\\sanna\\services\\vendor\\laravel\\framework\\src\\Illuminate\\Foundation\\Http\\Kernel.php(200): Illuminate\\Routing\\Router->dispatch()
#26 C:\\Eureka\\htdocs\\sanna\\services\\vendor\\laravel\\framework\\src\\Illuminate\\Pipeline\\Pipeline.php(144): Illuminate\\Foundation\\Http\\Kernel->Illuminate\\Foundation\\Http\\{closure}()
#27 C:\\Eureka\\htdocs\\sanna\\services\\vendor\\laravel\\framework\\src\\Illuminate\\Foundation\\Http\\Middleware\\TransformsRequest.php(21): Illuminate\\Pipeline\\Pipeline->Illuminate\\Pipeline\\{closure}()
#28 C:\\Eureka\\htdocs\\sanna\\services\\vendor\\laravel\\framework\\src\\Illuminate\\Foundation\\Http\\Middleware\\ConvertEmptyStringsToNull.php(31): Illuminate\\Foundation\\Http\\Middleware\\TransformsRequest->handle()
#29 C:\\Eureka\\htdocs\\sanna\\services\\vendor\\laravel\\framework\\src\\Illuminate\\Pipeline\\Pipeline.php(183): Illuminate\\Foundation\\Http\\Middleware\\ConvertEmptyStringsToNull->handle()
#30 C:\\Eureka\\htdocs\\sanna\\services\\vendor\\laravel\\framework\\src\\Illuminate\\Foundation\\Http\\Middleware\\TransformsRequest.php(21): Illuminate\\Pipeline\\Pipeline->Illuminate\\Pipeline\\{closure}()
#31 C:\\Eureka\\htdocs\\sanna\\services\\vendor\\laravel\\framework\\src\\Illuminate\\Foundation\\Http\\Middleware\\TrimStrings.php(40): Illuminate\\Foundation\\Http\\Middleware\\TransformsRequest->handle()
#32 C:\\Eureka\\htdocs\\sanna\\services\\vendor\\laravel\\framework\\src\\Illuminate\\Pipeline\\Pipeline.php(183): Illuminate\\Foundation\\Http\\Middleware\\TrimStrings->handle()
#33 C:\\Eureka\\htdocs\\sanna\\services\\vendor\\laravel\\framework\\src\\Illuminate\\Foundation\\Http\\Middleware\\ValidatePostSize.php(27): Illuminate\\Pipeline\\Pipeline->Illuminate\\Pipeline\\{closure}()
#34 C:\\Eureka\\htdocs\\sanna\\services\\vendor\\laravel\\framework\\src\\Illuminate\\Pipeline\\Pipeline.php(183): Illuminate\\Foundation\\Http\\Middleware\\ValidatePostSize->handle()
#35 C:\\Eureka\\htdocs\\sanna\\services\\vendor\\laravel\\framework\\src\\Illuminate\\Foundation\\Http\\Middleware\\PreventRequestsDuringMaintenance.php(99): Illuminate\\Pipeline\\Pipeline->Illuminate\\Pipeline\\{closure}()
#36 C:\\Eureka\\htdocs\\sanna\\services\\vendor\\laravel\\framework\\src\\Illuminate\\Pipeline\\Pipeline.php(183): Illuminate\\Foundation\\Http\\Middleware\\PreventRequestsDuringMaintenance->handle()
#37 C:\\Eureka\\htdocs\\sanna\\services\\vendor\\laravel\\framework\\src\\Illuminate\\Http\\Middleware\\HandleCors.php(62): Illuminate\\Pipeline\\Pipeline->Illuminate\\Pipeline\\{closure}()
#38 C:\\Eureka\\htdocs\\sanna\\services\\vendor\\laravel\\framework\\src\\Illuminate\\Pipeline\\Pipeline.php(183): Illuminate\\Http\\Middleware\\HandleCors->handle()
#39 C:\\Eureka\\htdocs\\sanna\\services\\vendor\\laravel\\framework\\src\\Illuminate\\Http\\Middleware\\TrustProxies.php(39): Illuminate\\Pipeline\\Pipeline->Illuminate\\Pipeline\\{closure}()
#40 C:\\Eureka\\htdocs\\sanna\\services\\vendor\\laravel\\framework\\src\\Illuminate\\Pipeline\\Pipeline.php(183): Illuminate\\Http\\Middleware\\TrustProxies->handle()
#41 C:\\Eureka\\htdocs\\sanna\\services\\vendor\\laravel\\framework\\src\\Illuminate\\Pipeline\\Pipeline.php(119): Illuminate\\Pipeline\\Pipeline->Illuminate\\Pipeline\\{closure}()
#42 C:\\Eureka\\htdocs\\sanna\\services\\vendor\\laravel\\framework\\src\\Illuminate\\Foundation\\Http\\Kernel.php(175): Illuminate\\Pipeline\\Pipeline->then()
#43 C:\\Eureka\\htdocs\\sanna\\services\\vendor\\laravel\\framework\\src\\Illuminate\\Foundation\\Http\\Kernel.php(144): Illuminate\\Foundation\\Http\\Kernel->sendRequestThroughRouter()
#44 C:\\Eureka\\htdocs\\sanna\\services\\public\\index.php(54): Illuminate\\Foundation\\Http\\Kernel->handle()
#45 {main}

[previous exception] [object] (PDOException(code: 42000): SQLSTATE[42000]: [Microsoft][ODBC Driver 17 for SQL Server][SQL Server]String or binary data would be truncated in table 'dbRacso.dbo.examenesaux_h', column 'indicaciones'. Truncated value: 'Paciente refiere que hace aproximadamente un mes presento disuria, polaquiuria y dolor pélvico por l'. at C:\\Eureka\\htdocs\\sanna\\services\\vendor\\laravel\\framework\\src\\Illuminate\\Database\\Connection.php:587)
[stacktrace]
#0 C:\\Eureka\\htdocs\\sanna\\services\\vendor\\laravel\\framework\\src\\Illuminate\\Database\\Connection.php(587): PDOStatement->execute()
#1 C:\\Eureka\\htdocs\\sanna\\services\\vendor\\laravel\\framework\\src\\Illuminate\\Database\\Connection.php(816): Illuminate\\Database\\Connection->Illuminate\\Database\\{closure}()
#2 C:\\Eureka\\htdocs\\sanna\\services\\vendor\\laravel\\framework\\src\\Illuminate\\Database\\Connection.php(783): Illuminate\\Database\\Connection->runQueryCallback()
#3 C:\\Eureka\\htdocs\\sanna\\services\\vendor\\laravel\\framework\\src\\Illuminate\\Database\\Connection.php(576): Illuminate\\Database\\Connection->run()
#4 C:\\Eureka\\htdocs\\sanna\\services\\vendor\\laravel\\framework\\src\\Illuminate\\Database\\Connection.php(540): Illuminate\\Database\\Connection->statement()
#5 C:\\Eureka\\htdocs\\sanna\\services\\vendor\\laravel\\framework\\src\\Illuminate\\Database\\Query\\Processors\\SqlServerProcessor.php(24): Illuminate\\Database\\Connection->insert()
#6 C:\\Eureka\\htdocs\\sanna\\services\\vendor\\laravel\\framework\\src\\Illuminate\\Database\\Query\\Builder.php(3507): Illuminate\\Database\\Query\\Processors\\SqlServerProcessor->processInsertGetId()
#7 C:\\Eureka\\htdocs\\sanna\\services\\app\\Http\\Controllers\\RegistroatencionController.php(1331): Illuminate\\Database\\Query\\Builder->insertGetId()
#8 C:\\Eureka\\htdocs\\sanna\\services\\vendor\\laravel\\framework\\src\\Illuminate\\Routing\\Controller.php(54): App\\Http\\Controllers\\RegistroatencionController->generarExamenesauxiliaresConsulta()
#9 C:\\Eureka\\htdocs\\sanna\\services\\vendor\\laravel\\framework\\src\\Illuminate\\Routing\\ControllerDispatcher.php(43): Illuminate\\Routing\\Controller->callAction()
#10 C:\\Eureka\\htdocs\\sanna\\services\\vendor\\laravel\\framework\\src\\Illuminate\\Routing\\Route.php(259): Illuminate\\Routing\\ControllerDispatcher->dispatch()
#11 C:\\Eureka\\htdocs\\sanna\\services\\vendor\\laravel\\framework\\src\\Illuminate\\Routing\\Route.php(205): Illuminate\\Routing\\Route->runController()
#12 C:\\Eureka\\htdocs\\sanna\\services\\vendor\\laravel\\framework\\src\\Illuminate\\Routing\\Router.php(806): Illuminate\\Routing\\Route->run()
#13 C:\\Eureka\\htdocs\\sanna\\services\\vendor\\laravel\\framework\\src\\Illuminate\\Pipeline\\Pipeline.php(144): Illuminate\\Routing\\Router->Illuminate\\Routing\\{closure}()
#14 C:\\Eureka\\htdocs\\sanna\\services\\app\\Http\\Middleware\\ValidarToken.php(32): Illuminate\\Pipeline\\Pipeline->Illuminate\\Pipeline\\{closure}()
#15 C:\\Eureka\\htdocs\\sanna\\services\\vendor\\laravel\\framework\\src\\Illuminate\\Pipeline\\Pipeline.php(183): App\\Http\\Middleware\\ValidarToken->handle()
#16 C:\\Eureka\\htdocs\\sanna\\services\\vendor\\laravel\\framework\\src\\Illuminate\\Routing\\Middleware\\SubstituteBindings.php(50): Illuminate\\Pipeline\\Pipeline->Illuminate\\Pipeline\\{closure}()
#17 C:\\Eureka\\htdocs\\sanna\\services\\vendor\\laravel\\framework\\src\\Illuminate\\Pipeline\\Pipeline.php(183): Illuminate\\Routing\\Middleware\\SubstituteBindings->handle()
#18 C:\\Eureka\\htdocs\\sanna\\services\\vendor\\laravel\\framework\\src\\Illuminate\\Routing\\Middleware\\ThrottleRequests.php(159): Illuminate\\Pipeline\\Pipeline->Illuminate\\Pipeline\\{closure}()
#19 C:\\Eureka\\htdocs\\sanna\\services\\vendor\\laravel\\framework\\src\\Illuminate\\Routing\\Middleware\\ThrottleRequests.php(125): Illuminate\\Routing\\Middleware\\ThrottleRequests->handleRequest()
#20 C:\\Eureka\\htdocs\\sanna\\services\\vendor\\laravel\\framework\\src\\Illuminate\\Routing\\Middleware\\ThrottleRequests.php(87): Illuminate\\Routing\\Middleware\\ThrottleRequests->handleRequestUsingNamedLimiter()
#21 C:\\Eureka\\htdocs\\sanna\\services\\vendor\\laravel\\framework\\src\\Illuminate\\Pipeline\\Pipeline.php(183): Illuminate\\Routing\\Middleware\\ThrottleRequests->handle()
#22 C:\\Eureka\\htdocs\\sanna\\services\\vendor\\laravel\\framework\\src\\Illuminate\\Pipeline\\Pipeline.php(119): Illuminate\\Pipeline\\Pipeline->Illuminate\\Pipeline\\{closure}()
#23 C:\\Eureka\\htdocs\\sanna\\services\\vendor\\laravel\\framework\\src\\Illuminate\\Routing\\Router.php(805): Illuminate\\Pipeline\\Pipeline->then()
#24 C:\\Eureka\\htdocs\\sanna\\services\\vendor\\laravel\\framework\\src\\Illuminate\\Routing\\Router.php(784): Illuminate\\Routing\\Router->runRouteWithinStack()
#25 C:\\Eureka\\htdocs\\sanna\\services\\vendor\\laravel\\framework\\src\\Illuminate\\Routing\\Router.php(748): Illuminate\\Routing\\Router->runRoute()
#26 C:\\Eureka\\htdocs\\sanna\\services\\vendor\\laravel\\framework\\src\\Illuminate\\Routing\\Router.php(737): Illuminate\\Routing\\Router->dispatchToRoute()
#27 C:\\Eureka\\htdocs\\sanna\\services\\vendor\\laravel\\framework\\src\\Illuminate\\Foundation\\Http\\Kernel.php(200): Illuminate\\Routing\\Router->dispatch()
#28 C:\\Eureka\\htdocs\\sanna\\services\\vendor\\laravel\\framework\\src\\Illuminate\\Pipeline\\Pipeline.php(144): Illuminate\\Foundation\\Http\\Kernel->Illuminate\\Foundation\\Http\\{closure}()
#29 C:\\Eureka\\htdocs\\sanna\\services\\vendor\\laravel\\framework\\src\\Illuminate\\Foundation\\Http\\Middleware\\TransformsRequest.php(21): Illuminate\\Pipeline\\Pipeline->Illuminate\\Pipeline\\{closure}()
#30 C:\\Eureka\\htdocs\\sanna\\services\\vendor\\laravel\\framework\\src\\Illuminate\\Foundation\\Http\\Middleware\\ConvertEmptyStringsToNull.php(31): Illuminate\\Foundation\\Http\\Middleware\\TransformsRequest->handle()
#31 C:\\Eureka\\htdocs\\sanna\\services\\vendor\\laravel\\framework\\src\\Illuminate\\Pipeline\\Pipeline.php(183): Illuminate\\Foundation\\Http\\Middleware\\ConvertEmptyStringsToNull->handle()
#32 C:\\Eureka\\htdocs\\sanna\\services\\vendor\\laravel\\framework\\src\\Illuminate\\Foundation\\Http\\Middleware\\TransformsRequest.php(21): Illuminate\\Pipeline\\Pipeline->Illuminate\\Pipeline\\{closure}()
#33 C:\\Eureka\\htdocs\\sanna\\services\\vendor\\laravel\\framework\\src\\Illuminate\\Foundation\\Http\\Middleware\\TrimStrings.php(40): Illuminate\\Foundation\\Http\\Middleware\\TransformsRequest->handle()
#34 C:\\Eureka\\htdocs\\sanna\\services\\vendor\\laravel\\framework\\src\\Illuminate\\Pipeline\\Pipeline.php(183): Illuminate\\Foundation\\Http\\Middleware\\TrimStrings->handle()
#35 C:\\Eureka\\htdocs\\sanna\\services\\vendor\\laravel\\framework\\src\\Illuminate\\Foundation\\Http\\Middleware\\ValidatePostSize.php(27): Illuminate\\Pipeline\\Pipeline->Illuminate\\Pipeline\\{closure}()
#36 C:\\Eureka\\htdocs\\sanna\\services\\vendor\\laravel\\framework\\src\\Illuminate\\Pipeline\\Pipeline.php(183): Illuminate\\Foundation\\Http\\Middleware\\ValidatePostSize->handle()
#37 C:\\Eureka\\htdocs\\sanna\\services\\vendor\\laravel\\framework\\src\\Illuminate\\Foundation\\Http\\Middleware\\PreventRequestsDuringMaintenance.php(99): Illuminate\\Pipeline\\Pipeline->Illuminate\\Pipeline\\{closure}()
#38 C:\\Eureka\\htdocs\\sanna\\services\\vendor\\laravel\\framework\\src\\Illuminate\\Pipeline\\Pipeline.php(183): Illuminate\\Foundation\\Http\\Middleware\\PreventRequestsDuringMaintenance->handle()
#39 C:\\Eureka\\htdocs\\sanna\\services\\vendor\\laravel\\framework\\src\\Illuminate\\Http\\Middleware\\HandleCors.php(62): Illuminate\\Pipeline\\Pipeline->Illuminate\\Pipeline\\{closure}()
#40 C:\\Eureka\\htdocs\\sanna\\services\\vendor\\laravel\\framework\\src\\Illuminate\\Pipeline\\Pipeline.php(183): Illuminate\\Http\\Middleware\\HandleCors->handle()
#41 C:\\Eureka\\htdocs\\sanna\\services\\vendor\\laravel\\framework\\src\\Illuminate\\Http\\Middleware\\TrustProxies.php(39): Illuminate\\Pipeline\\Pipeline->Illuminate\\Pipeline\\{closure}()
#42 C:\\Eureka\\htdocs\\sanna\\services\\vendor\\laravel\\framework\\src\\Illuminate\\Pipeline\\Pipeline.php(183): Illuminate\\Http\\Middleware\\TrustProxies->handle()
#43 C:\\Eureka\\htdocs\\sanna\\services\\vendor\\laravel\\framework\\src\\Illuminate\\Pipeline\\Pipeline.php(119): Illuminate\\Pipeline\\Pipeline->Illuminate\\Pipeline\\{closure}()
#44 C:\\Eureka\\htdocs\\sanna\\services\\vendor\\laravel\\framework\\src\\Illuminate\\Foundation\\Http\\Kernel.php(175): Illuminate\\Pipeline\\Pipeline->then()
#45 C:\\Eureka\\htdocs\\sanna\\services\\vendor\\laravel\\framework\\src\\Illuminate\\Foundation\\Http\\Kernel.php(144): Illuminate\\Foundation\\Http\\Kernel->sendRequestThroughRouter()
#46 C:\\Eureka\\htdocs\\sanna\\services\\public\\index.php(54): Illuminate\\Foundation\\Http\\Kernel->handle()
#47 {main}
"} 
[2025-07-08 13:59:50] local.ERROR: SQLSTATE[22018]: [Microsoft][ODBC Driver 17 for SQL Server][SQL Server]Conversion failed when converting the nvarchar value '9.' to data type int. (Connection: sqlsrv, SQL: insert into [afiliados] ([dni], [nombres], [ape_paterno], [ape_materno], [direccion], [telf1], [telf2], [manejodatos], [hoja_filiacion]) values (46508510, JHONATAN CESAR, BALDOCEDA, CAJACURI, ., 9., , 1, {"NombreContratante":"-1","codigo_afi":"","etnia":"","idioma":"","religion":".","email":"B@s","estadocivil":"soltero(a)","gradoinstitucion":".","ocupacion":".","procedencia":".","no_patologico":[{"id":"100","nombre":"Niega","txt":null}],"patologicos":[{"id":"4","nombre":"Asma","txt":null},{"id":"8","nombre":"Otros","txt":"Consumo de quemadores de grasa"}],"quirurgico":"","padres":"Niega","abuelos":"Niega","hermanos":"Niega","conyugue":"Niega","persona_responsable":".","celular_responsble":".","tlf_casa_paciente":"."})) {"userId":1367,"exception":"[object] (Illuminate\\Database\\QueryException(code: 22018): SQLSTATE[22018]: [Microsoft][ODBC Driver 17 for SQL Server][SQL Server]Conversion failed when converting the nvarchar value '9.' to data type int. (Connection: sqlsrv, SQL: insert into [afiliados] ([dni], [nombres], [ape_paterno], [ape_materno], [direccion], [telf1], [telf2], [manejodatos], [hoja_filiacion]) values (46508510, JHONATAN CESAR, BALDOCEDA, CAJACURI, ., 9., , 1, {\"NombreContratante\":\"-1\",\"codigo_afi\":\"\",\"etnia\":\"\",\"idioma\":\"\",\"religion\":\".\",\"email\":\"B@s\",\"estadocivil\":\"soltero(a)\",\"gradoinstitucion\":\".\",\"ocupacion\":\".\",\"procedencia\":\".\",\"no_patologico\":[{\"id\":\"100\",\"nombre\":\"Niega\",\"txt\":null}],\"patologicos\":[{\"id\":\"4\",\"nombre\":\"Asma\",\"txt\":null},{\"id\":\"8\",\"nombre\":\"Otros\",\"txt\":\"Consumo de quemadores de grasa\"}],\"quirurgico\":\"\",\"padres\":\"Niega\",\"abuelos\":\"Niega\",\"hermanos\":\"Niega\",\"conyugue\":\"Niega\",\"persona_responsable\":\".\",\"celular_responsble\":\".\",\"tlf_casa_paciente\":\".\"})) at C:\\Eureka\\htdocs\\sanna\\services\\vendor\\laravel\\framework\\src\\Illuminate\\Database\\Connection.php:829)
[stacktrace]
#0 C:\\Eureka\\htdocs\\sanna\\services\\vendor\\laravel\\framework\\src\\Illuminate\\Database\\Connection.php(783): Illuminate\\Database\\Connection->runQueryCallback()
#1 C:\\Eureka\\htdocs\\sanna\\services\\vendor\\laravel\\framework\\src\\Illuminate\\Database\\Connection.php(576): Illuminate\\Database\\Connection->run()
#2 C:\\Eureka\\htdocs\\sanna\\services\\vendor\\laravel\\framework\\src\\Illuminate\\Database\\Connection.php(540): Illuminate\\Database\\Connection->statement()
#3 C:\\Eureka\\htdocs\\sanna\\services\\vendor\\laravel\\framework\\src\\Illuminate\\Database\\Query\\Builder.php(3456): Illuminate\\Database\\Connection->insert()
#4 C:\\Eureka\\htdocs\\sanna\\services\\vendor\\laravel\\framework\\src\\Illuminate\\Database\\Query\\Builder.php(3596): Illuminate\\Database\\Query\\Builder->insert()
#5 C:\\Eureka\\htdocs\\sanna\\services\\app\\Http\\Controllers\\RegistroatencionController.php(662): Illuminate\\Database\\Query\\Builder->updateOrInsert()
#6 C:\\Eureka\\htdocs\\sanna\\services\\vendor\\laravel\\framework\\src\\Illuminate\\Routing\\Controller.php(54): App\\Http\\Controllers\\RegistroatencionController->generarHistoriaClinica()
#7 C:\\Eureka\\htdocs\\sanna\\services\\vendor\\laravel\\framework\\src\\Illuminate\\Routing\\ControllerDispatcher.php(43): Illuminate\\Routing\\Controller->callAction()
#8 C:\\Eureka\\htdocs\\sanna\\services\\vendor\\laravel\\framework\\src\\Illuminate\\Routing\\Route.php(259): Illuminate\\Routing\\ControllerDispatcher->dispatch()
#9 C:\\Eureka\\htdocs\\sanna\\services\\vendor\\laravel\\framework\\src\\Illuminate\\Routing\\Route.php(205): Illuminate\\Routing\\Route->runController()
#10 C:\\Eureka\\htdocs\\sanna\\services\\vendor\\laravel\\framework\\src\\Illuminate\\Routing\\Router.php(806): Illuminate\\Routing\\Route->run()
#11 C:\\Eureka\\htdocs\\sanna\\services\\vendor\\laravel\\framework\\src\\Illuminate\\Pipeline\\Pipeline.php(144): Illuminate\\Routing\\Router->Illuminate\\Routing\\{closure}()
#12 C:\\Eureka\\htdocs\\sanna\\services\\app\\Http\\Middleware\\ValidarToken.php(32): Illuminate\\Pipeline\\Pipeline->Illuminate\\Pipeline\\{closure}()
#13 C:\\Eureka\\htdocs\\sanna\\services\\vendor\\laravel\\framework\\src\\Illuminate\\Pipeline\\Pipeline.php(183): App\\Http\\Middleware\\ValidarToken->handle()
#14 C:\\Eureka\\htdocs\\sanna\\services\\vendor\\laravel\\framework\\src\\Illuminate\\Routing\\Middleware\\SubstituteBindings.php(50): Illuminate\\Pipeline\\Pipeline->Illuminate\\Pipeline\\{closure}()
#15 C:\\Eureka\\htdocs\\sanna\\services\\vendor\\laravel\\framework\\src\\Illuminate\\Pipeline\\Pipeline.php(183): Illuminate\\Routing\\Middleware\\SubstituteBindings->handle()
#16 C:\\Eureka\\htdocs\\sanna\\services\\vendor\\laravel\\framework\\src\\Illuminate\\Routing\\Middleware\\ThrottleRequests.php(159): Illuminate\\Pipeline\\Pipeline->Illuminate\\Pipeline\\{closure}()
#17 C:\\Eureka\\htdocs\\sanna\\services\\vendor\\laravel\\framework\\src\\Illuminate\\Routing\\Middleware\\ThrottleRequests.php(125): Illuminate\\Routing\\Middleware\\ThrottleRequests->handleRequest()
#18 C:\\Eureka\\htdocs\\sanna\\services\\vendor\\laravel\\framework\\src\\Illuminate\\Routing\\Middleware\\ThrottleRequests.php(87): Illuminate\\Routing\\Middleware\\ThrottleRequests->handleRequestUsingNamedLimiter()
#19 C:\\Eureka\\htdocs\\sanna\\services\\vendor\\laravel\\framework\\src\\Illuminate\\Pipeline\\Pipeline.php(183): Illuminate\\Routing\\Middleware\\ThrottleRequests->handle()
#20 C:\\Eureka\\htdocs\\sanna\\services\\vendor\\laravel\\framework\\src\\Illuminate\\Pipeline\\Pipeline.php(119): Illuminate\\Pipeline\\Pipeline->Illuminate\\Pipeline\\{closure}()
#21 C:\\Eureka\\htdocs\\sanna\\services\\vendor\\laravel\\framework\\src\\Illuminate\\Routing\\Router.php(805): Illuminate\\Pipeline\\Pipeline->then()
#22 C:\\Eureka\\htdocs\\sanna\\services\\vendor\\laravel\\framework\\src\\Illuminate\\Routing\\Router.php(784): Illuminate\\Routing\\Router->runRouteWithinStack()
#23 C:\\Eureka\\htdocs\\sanna\\services\\vendor\\laravel\\framework\\src\\Illuminate\\Routing\\Router.php(748): Illuminate\\Routing\\Router->runRoute()
#24 C:\\Eureka\\htdocs\\sanna\\services\\vendor\\laravel\\framework\\src\\Illuminate\\Routing\\Router.php(737): Illuminate\\Routing\\Router->dispatchToRoute()
#25 C:\\Eureka\\htdocs\\sanna\\services\\vendor\\laravel\\framework\\src\\Illuminate\\Foundation\\Http\\Kernel.php(200): Illuminate\\Routing\\Router->dispatch()
#26 C:\\Eureka\\htdocs\\sanna\\services\\vendor\\laravel\\framework\\src\\Illuminate\\Pipeline\\Pipeline.php(144): Illuminate\\Foundation\\Http\\Kernel->Illuminate\\Foundation\\Http\\{closure}()
#27 C:\\Eureka\\htdocs\\sanna\\services\\vendor\\laravel\\framework\\src\\Illuminate\\Foundation\\Http\\Middleware\\TransformsRequest.php(21): Illuminate\\Pipeline\\Pipeline->Illuminate\\Pipeline\\{closure}()
#28 C:\\Eureka\\htdocs\\sanna\\services\\vendor\\laravel\\framework\\src\\Illuminate\\Foundation\\Http\\Middleware\\ConvertEmptyStringsToNull.php(31): Illuminate\\Foundation\\Http\\Middleware\\TransformsRequest->handle()
#29 C:\\Eureka\\htdocs\\sanna\\services\\vendor\\laravel\\framework\\src\\Illuminate\\Pipeline\\Pipeline.php(183): Illuminate\\Foundation\\Http\\Middleware\\ConvertEmptyStringsToNull->handle()
#30 C:\\Eureka\\htdocs\\sanna\\services\\vendor\\laravel\\framework\\src\\Illuminate\\Foundation\\Http\\Middleware\\TransformsRequest.php(21): Illuminate\\Pipeline\\Pipeline->Illuminate\\Pipeline\\{closure}()
#31 C:\\Eureka\\htdocs\\sanna\\services\\vendor\\laravel\\framework\\src\\Illuminate\\Foundation\\Http\\Middleware\\TrimStrings.php(40): Illuminate\\Foundation\\Http\\Middleware\\TransformsRequest->handle()
#32 C:\\Eureka\\htdocs\\sanna\\services\\vendor\\laravel\\framework\\src\\Illuminate\\Pipeline\\Pipeline.php(183): Illuminate\\Foundation\\Http\\Middleware\\TrimStrings->handle()
#33 C:\\Eureka\\htdocs\\sanna\\services\\vendor\\laravel\\framework\\src\\Illuminate\\Foundation\\Http\\Middleware\\ValidatePostSize.php(27): Illuminate\\Pipeline\\Pipeline->Illuminate\\Pipeline\\{closure}()
#34 C:\\Eureka\\htdocs\\sanna\\services\\vendor\\laravel\\framework\\src\\Illuminate\\Pipeline\\Pipeline.php(183): Illuminate\\Foundation\\Http\\Middleware\\ValidatePostSize->handle()
#35 C:\\Eureka\\htdocs\\sanna\\services\\vendor\\laravel\\framework\\src\\Illuminate\\Foundation\\Http\\Middleware\\PreventRequestsDuringMaintenance.php(99): Illuminate\\Pipeline\\Pipeline->Illuminate\\Pipeline\\{closure}()
#36 C:\\Eureka\\htdocs\\sanna\\services\\vendor\\laravel\\framework\\src\\Illuminate\\Pipeline\\Pipeline.php(183): Illuminate\\Foundation\\Http\\Middleware\\PreventRequestsDuringMaintenance->handle()
#37 C:\\Eureka\\htdocs\\sanna\\services\\vendor\\laravel\\framework\\src\\Illuminate\\Http\\Middleware\\HandleCors.php(62): Illuminate\\Pipeline\\Pipeline->Illuminate\\Pipeline\\{closure}()
#38 C:\\Eureka\\htdocs\\sanna\\services\\vendor\\laravel\\framework\\src\\Illuminate\\Pipeline\\Pipeline.php(183): Illuminate\\Http\\Middleware\\HandleCors->handle()
#39 C:\\Eureka\\htdocs\\sanna\\services\\vendor\\laravel\\framework\\src\\Illuminate\\Http\\Middleware\\TrustProxies.php(39): Illuminate\\Pipeline\\Pipeline->Illuminate\\Pipeline\\{closure}()
#40 C:\\Eureka\\htdocs\\sanna\\services\\vendor\\laravel\\framework\\src\\Illuminate\\Pipeline\\Pipeline.php(183): Illuminate\\Http\\Middleware\\TrustProxies->handle()
#41 C:\\Eureka\\htdocs\\sanna\\services\\vendor\\laravel\\framework\\src\\Illuminate\\Pipeline\\Pipeline.php(119): Illuminate\\Pipeline\\Pipeline->Illuminate\\Pipeline\\{closure}()
#42 C:\\Eureka\\htdocs\\sanna\\services\\vendor\\laravel\\framework\\src\\Illuminate\\Foundation\\Http\\Kernel.php(175): Illuminate\\Pipeline\\Pipeline->then()
#43 C:\\Eureka\\htdocs\\sanna\\services\\vendor\\laravel\\framework\\src\\Illuminate\\Foundation\\Http\\Kernel.php(144): Illuminate\\Foundation\\Http\\Kernel->sendRequestThroughRouter()
#44 C:\\Eureka\\htdocs\\sanna\\services\\public\\index.php(54): Illuminate\\Foundation\\Http\\Kernel->handle()
#45 {main}

[previous exception] [object] (PDOException(code: 22018): SQLSTATE[22018]: [Microsoft][ODBC Driver 17 for SQL Server][SQL Server]Conversion failed when converting the nvarchar value '9.' to data type int. at C:\\Eureka\\htdocs\\sanna\\services\\vendor\\laravel\\framework\\src\\Illuminate\\Database\\Connection.php:587)
[stacktrace]
#0 C:\\Eureka\\htdocs\\sanna\\services\\vendor\\laravel\\framework\\src\\Illuminate\\Database\\Connection.php(587): PDOStatement->execute()
#1 C:\\Eureka\\htdocs\\sanna\\services\\vendor\\laravel\\framework\\src\\Illuminate\\Database\\Connection.php(816): Illuminate\\Database\\Connection->Illuminate\\Database\\{closure}()
#2 C:\\Eureka\\htdocs\\sanna\\services\\vendor\\laravel\\framework\\src\\Illuminate\\Database\\Connection.php(783): Illuminate\\Database\\Connection->runQueryCallback()
#3 C:\\Eureka\\htdocs\\sanna\\services\\vendor\\laravel\\framework\\src\\Illuminate\\Database\\Connection.php(576): Illuminate\\Database\\Connection->run()
#4 C:\\Eureka\\htdocs\\sanna\\services\\vendor\\laravel\\framework\\src\\Illuminate\\Database\\Connection.php(540): Illuminate\\Database\\Connection->statement()
#5 C:\\Eureka\\htdocs\\sanna\\services\\vendor\\laravel\\framework\\src\\Illuminate\\Database\\Query\\Builder.php(3456): Illuminate\\Database\\Connection->insert()
#6 C:\\Eureka\\htdocs\\sanna\\services\\vendor\\laravel\\framework\\src\\Illuminate\\Database\\Query\\Builder.php(3596): Illuminate\\Database\\Query\\Builder->insert()
#7 C:\\Eureka\\htdocs\\sanna\\services\\app\\Http\\Controllers\\RegistroatencionController.php(662): Illuminate\\Database\\Query\\Builder->updateOrInsert()
#8 C:\\Eureka\\htdocs\\sanna\\services\\vendor\\laravel\\framework\\src\\Illuminate\\Routing\\Controller.php(54): App\\Http\\Controllers\\RegistroatencionController->generarHistoriaClinica()
#9 C:\\Eureka\\htdocs\\sanna\\services\\vendor\\laravel\\framework\\src\\Illuminate\\Routing\\ControllerDispatcher.php(43): Illuminate\\Routing\\Controller->callAction()
#10 C:\\Eureka\\htdocs\\sanna\\services\\vendor\\laravel\\framework\\src\\Illuminate\\Routing\\Route.php(259): Illuminate\\Routing\\ControllerDispatcher->dispatch()
#11 C:\\Eureka\\htdocs\\sanna\\services\\vendor\\laravel\\framework\\src\\Illuminate\\Routing\\Route.php(205): Illuminate\\Routing\\Route->runController()
#12 C:\\Eureka\\htdocs\\sanna\\services\\vendor\\laravel\\framework\\src\\Illuminate\\Routing\\Router.php(806): Illuminate\\Routing\\Route->run()
#13 C:\\Eureka\\htdocs\\sanna\\services\\vendor\\laravel\\framework\\src\\Illuminate\\Pipeline\\Pipeline.php(144): Illuminate\\Routing\\Router->Illuminate\\Routing\\{closure}()
#14 C:\\Eureka\\htdocs\\sanna\\services\\app\\Http\\Middleware\\ValidarToken.php(32): Illuminate\\Pipeline\\Pipeline->Illuminate\\Pipeline\\{closure}()
#15 C:\\Eureka\\htdocs\\sanna\\services\\vendor\\laravel\\framework\\src\\Illuminate\\Pipeline\\Pipeline.php(183): App\\Http\\Middleware\\ValidarToken->handle()
#16 C:\\Eureka\\htdocs\\sanna\\services\\vendor\\laravel\\framework\\src\\Illuminate\\Routing\\Middleware\\SubstituteBindings.php(50): Illuminate\\Pipeline\\Pipeline->Illuminate\\Pipeline\\{closure}()
#17 C:\\Eureka\\htdocs\\sanna\\services\\vendor\\laravel\\framework\\src\\Illuminate\\Pipeline\\Pipeline.php(183): Illuminate\\Routing\\Middleware\\SubstituteBindings->handle()
#18 C:\\Eureka\\htdocs\\sanna\\services\\vendor\\laravel\\framework\\src\\Illuminate\\Routing\\Middleware\\ThrottleRequests.php(159): Illuminate\\Pipeline\\Pipeline->Illuminate\\Pipeline\\{closure}()
#19 C:\\Eureka\\htdocs\\sanna\\services\\vendor\\laravel\\framework\\src\\Illuminate\\Routing\\Middleware\\ThrottleRequests.php(125): Illuminate\\Routing\\Middleware\\ThrottleRequests->handleRequest()
#20 C:\\Eureka\\htdocs\\sanna\\services\\vendor\\laravel\\framework\\src\\Illuminate\\Routing\\Middleware\\ThrottleRequests.php(87): Illuminate\\Routing\\Middleware\\ThrottleRequests->handleRequestUsingNamedLimiter()
#21 C:\\Eureka\\htdocs\\sanna\\services\\vendor\\laravel\\framework\\src\\Illuminate\\Pipeline\\Pipeline.php(183): Illuminate\\Routing\\Middleware\\ThrottleRequests->handle()
#22 C:\\Eureka\\htdocs\\sanna\\services\\vendor\\laravel\\framework\\src\\Illuminate\\Pipeline\\Pipeline.php(119): Illuminate\\Pipeline\\Pipeline->Illuminate\\Pipeline\\{closure}()
#23 C:\\Eureka\\htdocs\\sanna\\services\\vendor\\laravel\\framework\\src\\Illuminate\\Routing\\Router.php(805): Illuminate\\Pipeline\\Pipeline->then()
#24 C:\\Eureka\\htdocs\\sanna\\services\\vendor\\laravel\\framework\\src\\Illuminate\\Routing\\Router.php(784): Illuminate\\Routing\\Router->runRouteWithinStack()
#25 C:\\Eureka\\htdocs\\sanna\\services\\vendor\\laravel\\framework\\src\\Illuminate\\Routing\\Router.php(748): Illuminate\\Routing\\Router->runRoute()
#26 C:\\Eureka\\htdocs\\sanna\\services\\vendor\\laravel\\framework\\src\\Illuminate\\Routing\\Router.php(737): Illuminate\\Routing\\Router->dispatchToRoute()
#27 C:\\Eureka\\htdocs\\sanna\\services\\vendor\\laravel\\framework\\src\\Illuminate\\Foundation\\Http\\Kernel.php(200): Illuminate\\Routing\\Router->dispatch()
#28 C:\\Eureka\\htdocs\\sanna\\services\\vendor\\laravel\\framework\\src\\Illuminate\\Pipeline\\Pipeline.php(144): Illuminate\\Foundation\\Http\\Kernel->Illuminate\\Foundation\\Http\\{closure}()
#29 C:\\Eureka\\htdocs\\sanna\\services\\vendor\\laravel\\framework\\src\\Illuminate\\Foundation\\Http\\Middleware\\TransformsRequest.php(21): Illuminate\\Pipeline\\Pipeline->Illuminate\\Pipeline\\{closure}()
#30 C:\\Eureka\\htdocs\\sanna\\services\\vendor\\laravel\\framework\\src\\Illuminate\\Foundation\\Http\\Middleware\\ConvertEmptyStringsToNull.php(31): Illuminate\\Foundation\\Http\\Middleware\\TransformsRequest->handle()
#31 C:\\Eureka\\htdocs\\sanna\\services\\vendor\\laravel\\framework\\src\\Illuminate\\Pipeline\\Pipeline.php(183): Illuminate\\Foundation\\Http\\Middleware\\ConvertEmptyStringsToNull->handle()
#32 C:\\Eureka\\htdocs\\sanna\\services\\vendor\\laravel\\framework\\src\\Illuminate\\Foundation\\Http\\Middleware\\TransformsRequest.php(21): Illuminate\\Pipeline\\Pipeline->Illuminate\\Pipeline\\{closure}()
#33 C:\\Eureka\\htdocs\\sanna\\services\\vendor\\laravel\\framework\\src\\Illuminate\\Foundation\\Http\\Middleware\\TrimStrings.php(40): Illuminate\\Foundation\\Http\\Middleware\\TransformsRequest->handle()
#34 C:\\Eureka\\htdocs\\sanna\\services\\vendor\\laravel\\framework\\src\\Illuminate\\Pipeline\\Pipeline.php(183): Illuminate\\Foundation\\Http\\Middleware\\TrimStrings->handle()
#35 C:\\Eureka\\htdocs\\sanna\\services\\vendor\\laravel\\framework\\src\\Illuminate\\Foundation\\Http\\Middleware\\ValidatePostSize.php(27): Illuminate\\Pipeline\\Pipeline->Illuminate\\Pipeline\\{closure}()
#36 C:\\Eureka\\htdocs\\sanna\\services\\vendor\\laravel\\framework\\src\\Illuminate\\Pipeline\\Pipeline.php(183): Illuminate\\Foundation\\Http\\Middleware\\ValidatePostSize->handle()
#37 C:\\Eureka\\htdocs\\sanna\\services\\vendor\\laravel\\framework\\src\\Illuminate\\Foundation\\Http\\Middleware\\PreventRequestsDuringMaintenance.php(99): Illuminate\\Pipeline\\Pipeline->Illuminate\\Pipeline\\{closure}()
#38 C:\\Eureka\\htdocs\\sanna\\services\\vendor\\laravel\\framework\\src\\Illuminate\\Pipeline\\Pipeline.php(183): Illuminate\\Foundation\\Http\\Middleware\\PreventRequestsDuringMaintenance->handle()
#39 C:\\Eureka\\htdocs\\sanna\\services\\vendor\\laravel\\framework\\src\\Illuminate\\Http\\Middleware\\HandleCors.php(62): Illuminate\\Pipeline\\Pipeline->Illuminate\\Pipeline\\{closure}()
#40 C:\\Eureka\\htdocs\\sanna\\services\\vendor\\laravel\\framework\\src\\Illuminate\\Pipeline\\Pipeline.php(183): Illuminate\\Http\\Middleware\\HandleCors->handle()
#41 C:\\Eureka\\htdocs\\sanna\\services\\vendor\\laravel\\framework\\src\\Illuminate\\Http\\Middleware\\TrustProxies.php(39): Illuminate\\Pipeline\\Pipeline->Illuminate\\Pipeline\\{closure}()
#42 C:\\Eureka\\htdocs\\sanna\\services\\vendor\\laravel\\framework\\src\\Illuminate\\Pipeline\\Pipeline.php(183): Illuminate\\Http\\Middleware\\TrustProxies->handle()
#43 C:\\Eureka\\htdocs\\sanna\\services\\vendor\\laravel\\framework\\src\\Illuminate\\Pipeline\\Pipeline.php(119): Illuminate\\Pipeline\\Pipeline->Illuminate\\Pipeline\\{closure}()
#44 C:\\Eureka\\htdocs\\sanna\\services\\vendor\\laravel\\framework\\src\\Illuminate\\Foundation\\Http\\Kernel.php(175): Illuminate\\Pipeline\\Pipeline->then()
#45 C:\\Eureka\\htdocs\\sanna\\services\\vendor\\laravel\\framework\\src\\Illuminate\\Foundation\\Http\\Kernel.php(144): Illuminate\\Foundation\\Http\\Kernel->sendRequestThroughRouter()
#46 C:\\Eureka\\htdocs\\sanna\\services\\public\\index.php(54): Illuminate\\Foundation\\Http\\Kernel->handle()
#47 {main}
"} 
[2025-07-08 14:00:04] local.ERROR: SQLSTATE[22018]: [Microsoft][ODBC Driver 17 for SQL Server][SQL Server]Conversion failed when converting the nvarchar value '9.' to data type int. (Connection: sqlsrv, SQL: insert into [afiliados] ([dni], [nombres], [ape_paterno], [ape_materno], [direccion], [telf1], [telf2], [manejodatos], [hoja_filiacion]) values (46508510, JHONATAN CESAR, BALDOCEDA, CAJACURI, ., 9., , 1, {"NombreContratante":"-1","codigo_afi":"","etnia":"","idioma":"","religion":".","email":"B@s","estadocivil":"soltero(a)","gradoinstitucion":".","ocupacion":".","procedencia":".","no_patologico":[{"id":"100","nombre":"Niega","txt":null}],"patologicos":[{"id":"4","nombre":"Asma","txt":null},{"id":"8","nombre":"Otros","txt":"Consumo de quemadores de grasa"}],"quirurgico":"","padres":"Niega","abuelos":"Niega","hermanos":"Niega","conyugue":"Niega","persona_responsable":".","celular_responsble":".","tlf_casa_paciente":"."})) {"userId":1367,"exception":"[object] (Illuminate\\Database\\QueryException(code: 22018): SQLSTATE[22018]: [Microsoft][ODBC Driver 17 for SQL Server][SQL Server]Conversion failed when converting the nvarchar value '9.' to data type int. (Connection: sqlsrv, SQL: insert into [afiliados] ([dni], [nombres], [ape_paterno], [ape_materno], [direccion], [telf1], [telf2], [manejodatos], [hoja_filiacion]) values (46508510, JHONATAN CESAR, BALDOCEDA, CAJACURI, ., 9., , 1, {\"NombreContratante\":\"-1\",\"codigo_afi\":\"\",\"etnia\":\"\",\"idioma\":\"\",\"religion\":\".\",\"email\":\"B@s\",\"estadocivil\":\"soltero(a)\",\"gradoinstitucion\":\".\",\"ocupacion\":\".\",\"procedencia\":\".\",\"no_patologico\":[{\"id\":\"100\",\"nombre\":\"Niega\",\"txt\":null}],\"patologicos\":[{\"id\":\"4\",\"nombre\":\"Asma\",\"txt\":null},{\"id\":\"8\",\"nombre\":\"Otros\",\"txt\":\"Consumo de quemadores de grasa\"}],\"quirurgico\":\"\",\"padres\":\"Niega\",\"abuelos\":\"Niega\",\"hermanos\":\"Niega\",\"conyugue\":\"Niega\",\"persona_responsable\":\".\",\"celular_responsble\":\".\",\"tlf_casa_paciente\":\".\"})) at C:\\Eureka\\htdocs\\sanna\\services\\vendor\\laravel\\framework\\src\\Illuminate\\Database\\Connection.php:829)
[stacktrace]
#0 C:\\Eureka\\htdocs\\sanna\\services\\vendor\\laravel\\framework\\src\\Illuminate\\Database\\Connection.php(783): Illuminate\\Database\\Connection->runQueryCallback()
#1 C:\\Eureka\\htdocs\\sanna\\services\\vendor\\laravel\\framework\\src\\Illuminate\\Database\\Connection.php(576): Illuminate\\Database\\Connection->run()
#2 C:\\Eureka\\htdocs\\sanna\\services\\vendor\\laravel\\framework\\src\\Illuminate\\Database\\Connection.php(540): Illuminate\\Database\\Connection->statement()
#3 C:\\Eureka\\htdocs\\sanna\\services\\vendor\\laravel\\framework\\src\\Illuminate\\Database\\Query\\Builder.php(3456): Illuminate\\Database\\Connection->insert()
#4 C:\\Eureka\\htdocs\\sanna\\services\\vendor\\laravel\\framework\\src\\Illuminate\\Database\\Query\\Builder.php(3596): Illuminate\\Database\\Query\\Builder->insert()
#5 C:\\Eureka\\htdocs\\sanna\\services\\app\\Http\\Controllers\\RegistroatencionController.php(662): Illuminate\\Database\\Query\\Builder->updateOrInsert()
#6 C:\\Eureka\\htdocs\\sanna\\services\\vendor\\laravel\\framework\\src\\Illuminate\\Routing\\Controller.php(54): App\\Http\\Controllers\\RegistroatencionController->generarHistoriaClinica()
#7 C:\\Eureka\\htdocs\\sanna\\services\\vendor\\laravel\\framework\\src\\Illuminate\\Routing\\ControllerDispatcher.php(43): Illuminate\\Routing\\Controller->callAction()
#8 C:\\Eureka\\htdocs\\sanna\\services\\vendor\\laravel\\framework\\src\\Illuminate\\Routing\\Route.php(259): Illuminate\\Routing\\ControllerDispatcher->dispatch()
#9 C:\\Eureka\\htdocs\\sanna\\services\\vendor\\laravel\\framework\\src\\Illuminate\\Routing\\Route.php(205): Illuminate\\Routing\\Route->runController()
#10 C:\\Eureka\\htdocs\\sanna\\services\\vendor\\laravel\\framework\\src\\Illuminate\\Routing\\Router.php(806): Illuminate\\Routing\\Route->run()
#11 C:\\Eureka\\htdocs\\sanna\\services\\vendor\\laravel\\framework\\src\\Illuminate\\Pipeline\\Pipeline.php(144): Illuminate\\Routing\\Router->Illuminate\\Routing\\{closure}()
#12 C:\\Eureka\\htdocs\\sanna\\services\\app\\Http\\Middleware\\ValidarToken.php(32): Illuminate\\Pipeline\\Pipeline->Illuminate\\Pipeline\\{closure}()
#13 C:\\Eureka\\htdocs\\sanna\\services\\vendor\\laravel\\framework\\src\\Illuminate\\Pipeline\\Pipeline.php(183): App\\Http\\Middleware\\ValidarToken->handle()
#14 C:\\Eureka\\htdocs\\sanna\\services\\vendor\\laravel\\framework\\src\\Illuminate\\Routing\\Middleware\\SubstituteBindings.php(50): Illuminate\\Pipeline\\Pipeline->Illuminate\\Pipeline\\{closure}()
#15 C:\\Eureka\\htdocs\\sanna\\services\\vendor\\laravel\\framework\\src\\Illuminate\\Pipeline\\Pipeline.php(183): Illuminate\\Routing\\Middleware\\SubstituteBindings->handle()
#16 C:\\Eureka\\htdocs\\sanna\\services\\vendor\\laravel\\framework\\src\\Illuminate\\Routing\\Middleware\\ThrottleRequests.php(159): Illuminate\\Pipeline\\Pipeline->Illuminate\\Pipeline\\{closure}()
#17 C:\\Eureka\\htdocs\\sanna\\services\\vendor\\laravel\\framework\\src\\Illuminate\\Routing\\Middleware\\ThrottleRequests.php(125): Illuminate\\Routing\\Middleware\\ThrottleRequests->handleRequest()
#18 C:\\Eureka\\htdocs\\sanna\\services\\vendor\\laravel\\framework\\src\\Illuminate\\Routing\\Middleware\\ThrottleRequests.php(87): Illuminate\\Routing\\Middleware\\ThrottleRequests->handleRequestUsingNamedLimiter()
#19 C:\\Eureka\\htdocs\\sanna\\services\\vendor\\laravel\\framework\\src\\Illuminate\\Pipeline\\Pipeline.php(183): Illuminate\\Routing\\Middleware\\ThrottleRequests->handle()
#20 C:\\Eureka\\htdocs\\sanna\\services\\vendor\\laravel\\framework\\src\\Illuminate\\Pipeline\\Pipeline.php(119): Illuminate\\Pipeline\\Pipeline->Illuminate\\Pipeline\\{closure}()
#21 C:\\Eureka\\htdocs\\sanna\\services\\vendor\\laravel\\framework\\src\\Illuminate\\Routing\\Router.php(805): Illuminate\\Pipeline\\Pipeline->then()
#22 C:\\Eureka\\htdocs\\sanna\\services\\vendor\\laravel\\framework\\src\\Illuminate\\Routing\\Router.php(784): Illuminate\\Routing\\Router->runRouteWithinStack()
#23 C:\\Eureka\\htdocs\\sanna\\services\\vendor\\laravel\\framework\\src\\Illuminate\\Routing\\Router.php(748): Illuminate\\Routing\\Router->runRoute()
#24 C:\\Eureka\\htdocs\\sanna\\services\\vendor\\laravel\\framework\\src\\Illuminate\\Routing\\Router.php(737): Illuminate\\Routing\\Router->dispatchToRoute()
#25 C:\\Eureka\\htdocs\\sanna\\services\\vendor\\laravel\\framework\\src\\Illuminate\\Foundation\\Http\\Kernel.php(200): Illuminate\\Routing\\Router->dispatch()
#26 C:\\Eureka\\htdocs\\sanna\\services\\vendor\\laravel\\framework\\src\\Illuminate\\Pipeline\\Pipeline.php(144): Illuminate\\Foundation\\Http\\Kernel->Illuminate\\Foundation\\Http\\{closure}()
#27 C:\\Eureka\\htdocs\\sanna\\services\\vendor\\laravel\\framework\\src\\Illuminate\\Foundation\\Http\\Middleware\\TransformsRequest.php(21): Illuminate\\Pipeline\\Pipeline->Illuminate\\Pipeline\\{closure}()
#28 C:\\Eureka\\htdocs\\sanna\\services\\vendor\\laravel\\framework\\src\\Illuminate\\Foundation\\Http\\Middleware\\ConvertEmptyStringsToNull.php(31): Illuminate\\Foundation\\Http\\Middleware\\TransformsRequest->handle()
#29 C:\\Eureka\\htdocs\\sanna\\services\\vendor\\laravel\\framework\\src\\Illuminate\\Pipeline\\Pipeline.php(183): Illuminate\\Foundation\\Http\\Middleware\\ConvertEmptyStringsToNull->handle()
#30 C:\\Eureka\\htdocs\\sanna\\services\\vendor\\laravel\\framework\\src\\Illuminate\\Foundation\\Http\\Middleware\\TransformsRequest.php(21): Illuminate\\Pipeline\\Pipeline->Illuminate\\Pipeline\\{closure}()
#31 C:\\Eureka\\htdocs\\sanna\\services\\vendor\\laravel\\framework\\src\\Illuminate\\Foundation\\Http\\Middleware\\TrimStrings.php(40): Illuminate\\Foundation\\Http\\Middleware\\TransformsRequest->handle()
#32 C:\\Eureka\\htdocs\\sanna\\services\\vendor\\laravel\\framework\\src\\Illuminate\\Pipeline\\Pipeline.php(183): Illuminate\\Foundation\\Http\\Middleware\\TrimStrings->handle()
#33 C:\\Eureka\\htdocs\\sanna\\services\\vendor\\laravel\\framework\\src\\Illuminate\\Foundation\\Http\\Middleware\\ValidatePostSize.php(27): Illuminate\\Pipeline\\Pipeline->Illuminate\\Pipeline\\{closure}()
#34 C:\\Eureka\\htdocs\\sanna\\services\\vendor\\laravel\\framework\\src\\Illuminate\\Pipeline\\Pipeline.php(183): Illuminate\\Foundation\\Http\\Middleware\\ValidatePostSize->handle()
#35 C:\\Eureka\\htdocs\\sanna\\services\\vendor\\laravel\\framework\\src\\Illuminate\\Foundation\\Http\\Middleware\\PreventRequestsDuringMaintenance.php(99): Illuminate\\Pipeline\\Pipeline->Illuminate\\Pipeline\\{closure}()
#36 C:\\Eureka\\htdocs\\sanna\\services\\vendor\\laravel\\framework\\src\\Illuminate\\Pipeline\\Pipeline.php(183): Illuminate\\Foundation\\Http\\Middleware\\PreventRequestsDuringMaintenance->handle()
#37 C:\\Eureka\\htdocs\\sanna\\services\\vendor\\laravel\\framework\\src\\Illuminate\\Http\\Middleware\\HandleCors.php(62): Illuminate\\Pipeline\\Pipeline->Illuminate\\Pipeline\\{closure}()
#38 C:\\Eureka\\htdocs\\sanna\\services\\vendor\\laravel\\framework\\src\\Illuminate\\Pipeline\\Pipeline.php(183): Illuminate\\Http\\Middleware\\HandleCors->handle()
#39 C:\\Eureka\\htdocs\\sanna\\services\\vendor\\laravel\\framework\\src\\Illuminate\\Http\\Middleware\\TrustProxies.php(39): Illuminate\\Pipeline\\Pipeline->Illuminate\\Pipeline\\{closure}()
#40 C:\\Eureka\\htdocs\\sanna\\services\\vendor\\laravel\\framework\\src\\Illuminate\\Pipeline\\Pipeline.php(183): Illuminate\\Http\\Middleware\\TrustProxies->handle()
#41 C:\\Eureka\\htdocs\\sanna\\services\\vendor\\laravel\\framework\\src\\Illuminate\\Pipeline\\Pipeline.php(119): Illuminate\\Pipeline\\Pipeline->Illuminate\\Pipeline\\{closure}()
#42 C:\\Eureka\\htdocs\\sanna\\services\\vendor\\laravel\\framework\\src\\Illuminate\\Foundation\\Http\\Kernel.php(175): Illuminate\\Pipeline\\Pipeline->then()
#43 C:\\Eureka\\htdocs\\sanna\\services\\vendor\\laravel\\framework\\src\\Illuminate\\Foundation\\Http\\Kernel.php(144): Illuminate\\Foundation\\Http\\Kernel->sendRequestThroughRouter()
#44 C:\\Eureka\\htdocs\\sanna\\services\\public\\index.php(54): Illuminate\\Foundation\\Http\\Kernel->handle()
#45 {main}

[previous exception] [object] (PDOException(code: 22018): SQLSTATE[22018]: [Microsoft][ODBC Driver 17 for SQL Server][SQL Server]Conversion failed when converting the nvarchar value '9.' to data type int. at C:\\Eureka\\htdocs\\sanna\\services\\vendor\\laravel\\framework\\src\\Illuminate\\Database\\Connection.php:587)
[stacktrace]
#0 C:\\Eureka\\htdocs\\sanna\\services\\vendor\\laravel\\framework\\src\\Illuminate\\Database\\Connection.php(587): PDOStatement->execute()
#1 C:\\Eureka\\htdocs\\sanna\\services\\vendor\\laravel\\framework\\src\\Illuminate\\Database\\Connection.php(816): Illuminate\\Database\\Connection->Illuminate\\Database\\{closure}()
#2 C:\\Eureka\\htdocs\\sanna\\services\\vendor\\laravel\\framework\\src\\Illuminate\\Database\\Connection.php(783): Illuminate\\Database\\Connection->runQueryCallback()
#3 C:\\Eureka\\htdocs\\sanna\\services\\vendor\\laravel\\framework\\src\\Illuminate\\Database\\Connection.php(576): Illuminate\\Database\\Connection->run()
#4 C:\\Eureka\\htdocs\\sanna\\services\\vendor\\laravel\\framework\\src\\Illuminate\\Database\\Connection.php(540): Illuminate\\Database\\Connection->statement()
#5 C:\\Eureka\\htdocs\\sanna\\services\\vendor\\laravel\\framework\\src\\Illuminate\\Database\\Query\\Builder.php(3456): Illuminate\\Database\\Connection->insert()
#6 C:\\Eureka\\htdocs\\sanna\\services\\vendor\\laravel\\framework\\src\\Illuminate\\Database\\Query\\Builder.php(3596): Illuminate\\Database\\Query\\Builder->insert()
#7 C:\\Eureka\\htdocs\\sanna\\services\\app\\Http\\Controllers\\RegistroatencionController.php(662): Illuminate\\Database\\Query\\Builder->updateOrInsert()
#8 C:\\Eureka\\htdocs\\sanna\\services\\vendor\\laravel\\framework\\src\\Illuminate\\Routing\\Controller.php(54): App\\Http\\Controllers\\RegistroatencionController->generarHistoriaClinica()
#9 C:\\Eureka\\htdocs\\sanna\\services\\vendor\\laravel\\framework\\src\\Illuminate\\Routing\\ControllerDispatcher.php(43): Illuminate\\Routing\\Controller->callAction()
#10 C:\\Eureka\\htdocs\\sanna\\services\\vendor\\laravel\\framework\\src\\Illuminate\\Routing\\Route.php(259): Illuminate\\Routing\\ControllerDispatcher->dispatch()
#11 C:\\Eureka\\htdocs\\sanna\\services\\vendor\\laravel\\framework\\src\\Illuminate\\Routing\\Route.php(205): Illuminate\\Routing\\Route->runController()
#12 C:\\Eureka\\htdocs\\sanna\\services\\vendor\\laravel\\framework\\src\\Illuminate\\Routing\\Router.php(806): Illuminate\\Routing\\Route->run()
#13 C:\\Eureka\\htdocs\\sanna\\services\\vendor\\laravel\\framework\\src\\Illuminate\\Pipeline\\Pipeline.php(144): Illuminate\\Routing\\Router->Illuminate\\Routing\\{closure}()
#14 C:\\Eureka\\htdocs\\sanna\\services\\app\\Http\\Middleware\\ValidarToken.php(32): Illuminate\\Pipeline\\Pipeline->Illuminate\\Pipeline\\{closure}()
#15 C:\\Eureka\\htdocs\\sanna\\services\\vendor\\laravel\\framework\\src\\Illuminate\\Pipeline\\Pipeline.php(183): App\\Http\\Middleware\\ValidarToken->handle()
#16 C:\\Eureka\\htdocs\\sanna\\services\\vendor\\laravel\\framework\\src\\Illuminate\\Routing\\Middleware\\SubstituteBindings.php(50): Illuminate\\Pipeline\\Pipeline->Illuminate\\Pipeline\\{closure}()
#17 C:\\Eureka\\htdocs\\sanna\\services\\vendor\\laravel\\framework\\src\\Illuminate\\Pipeline\\Pipeline.php(183): Illuminate\\Routing\\Middleware\\SubstituteBindings->handle()
#18 C:\\Eureka\\htdocs\\sanna\\services\\vendor\\laravel\\framework\\src\\Illuminate\\Routing\\Middleware\\ThrottleRequests.php(159): Illuminate\\Pipeline\\Pipeline->Illuminate\\Pipeline\\{closure}()
#19 C:\\Eureka\\htdocs\\sanna\\services\\vendor\\laravel\\framework\\src\\Illuminate\\Routing\\Middleware\\ThrottleRequests.php(125): Illuminate\\Routing\\Middleware\\ThrottleRequests->handleRequest()
#20 C:\\Eureka\\htdocs\\sanna\\services\\vendor\\laravel\\framework\\src\\Illuminate\\Routing\\Middleware\\ThrottleRequests.php(87): Illuminate\\Routing\\Middleware\\ThrottleRequests->handleRequestUsingNamedLimiter()
#21 C:\\Eureka\\htdocs\\sanna\\services\\vendor\\laravel\\framework\\src\\Illuminate\\Pipeline\\Pipeline.php(183): Illuminate\\Routing\\Middleware\\ThrottleRequests->handle()
#22 C:\\Eureka\\htdocs\\sanna\\services\\vendor\\laravel\\framework\\src\\Illuminate\\Pipeline\\Pipeline.php(119): Illuminate\\Pipeline\\Pipeline->Illuminate\\Pipeline\\{closure}()
#23 C:\\Eureka\\htdocs\\sanna\\services\\vendor\\laravel\\framework\\src\\Illuminate\\Routing\\Router.php(805): Illuminate\\Pipeline\\Pipeline->then()
#24 C:\\Eureka\\htdocs\\sanna\\services\\vendor\\laravel\\framework\\src\\Illuminate\\Routing\\Router.php(784): Illuminate\\Routing\\Router->runRouteWithinStack()
#25 C:\\Eureka\\htdocs\\sanna\\services\\vendor\\laravel\\framework\\src\\Illuminate\\Routing\\Router.php(748): Illuminate\\Routing\\Router->runRoute()
#26 C:\\Eureka\\htdocs\\sanna\\services\\vendor\\laravel\\framework\\src\\Illuminate\\Routing\\Router.php(737): Illuminate\\Routing\\Router->dispatchToRoute()
#27 C:\\Eureka\\htdocs\\sanna\\services\\vendor\\laravel\\framework\\src\\Illuminate\\Foundation\\Http\\Kernel.php(200): Illuminate\\Routing\\Router->dispatch()
#28 C:\\Eureka\\htdocs\\sanna\\services\\vendor\\laravel\\framework\\src\\Illuminate\\Pipeline\\Pipeline.php(144): Illuminate\\Foundation\\Http\\Kernel->Illuminate\\Foundation\\Http\\{closure}()
#29 C:\\Eureka\\htdocs\\sanna\\services\\vendor\\laravel\\framework\\src\\Illuminate\\Foundation\\Http\\Middleware\\TransformsRequest.php(21): Illuminate\\Pipeline\\Pipeline->Illuminate\\Pipeline\\{closure}()
#30 C:\\Eureka\\htdocs\\sanna\\services\\vendor\\laravel\\framework\\src\\Illuminate\\Foundation\\Http\\Middleware\\ConvertEmptyStringsToNull.php(31): Illuminate\\Foundation\\Http\\Middleware\\TransformsRequest->handle()
#31 C:\\Eureka\\htdocs\\sanna\\services\\vendor\\laravel\\framework\\src\\Illuminate\\Pipeline\\Pipeline.php(183): Illuminate\\Foundation\\Http\\Middleware\\ConvertEmptyStringsToNull->handle()
#32 C:\\Eureka\\htdocs\\sanna\\services\\vendor\\laravel\\framework\\src\\Illuminate\\Foundation\\Http\\Middleware\\TransformsRequest.php(21): Illuminate\\Pipeline\\Pipeline->Illuminate\\Pipeline\\{closure}()
#33 C:\\Eureka\\htdocs\\sanna\\services\\vendor\\laravel\\framework\\src\\Illuminate\\Foundation\\Http\\Middleware\\TrimStrings.php(40): Illuminate\\Foundation\\Http\\Middleware\\TransformsRequest->handle()
#34 C:\\Eureka\\htdocs\\sanna\\services\\vendor\\laravel\\framework\\src\\Illuminate\\Pipeline\\Pipeline.php(183): Illuminate\\Foundation\\Http\\Middleware\\TrimStrings->handle()
#35 C:\\Eureka\\htdocs\\sanna\\services\\vendor\\laravel\\framework\\src\\Illuminate\\Foundation\\Http\\Middleware\\ValidatePostSize.php(27): Illuminate\\Pipeline\\Pipeline->Illuminate\\Pipeline\\{closure}()
#36 C:\\Eureka\\htdocs\\sanna\\services\\vendor\\laravel\\framework\\src\\Illuminate\\Pipeline\\Pipeline.php(183): Illuminate\\Foundation\\Http\\Middleware\\ValidatePostSize->handle()
#37 C:\\Eureka\\htdocs\\sanna\\services\\vendor\\laravel\\framework\\src\\Illuminate\\Foundation\\Http\\Middleware\\PreventRequestsDuringMaintenance.php(99): Illuminate\\Pipeline\\Pipeline->Illuminate\\Pipeline\\{closure}()
#38 C:\\Eureka\\htdocs\\sanna\\services\\vendor\\laravel\\framework\\src\\Illuminate\\Pipeline\\Pipeline.php(183): Illuminate\\Foundation\\Http\\Middleware\\PreventRequestsDuringMaintenance->handle()
#39 C:\\Eureka\\htdocs\\sanna\\services\\vendor\\laravel\\framework\\src\\Illuminate\\Http\\Middleware\\HandleCors.php(62): Illuminate\\Pipeline\\Pipeline->Illuminate\\Pipeline\\{closure}()
#40 C:\\Eureka\\htdocs\\sanna\\services\\vendor\\laravel\\framework\\src\\Illuminate\\Pipeline\\Pipeline.php(183): Illuminate\\Http\\Middleware\\HandleCors->handle()
#41 C:\\Eureka\\htdocs\\sanna\\services\\vendor\\laravel\\framework\\src\\Illuminate\\Http\\Middleware\\TrustProxies.php(39): Illuminate\\Pipeline\\Pipeline->Illuminate\\Pipeline\\{closure}()
#42 C:\\Eureka\\htdocs\\sanna\\services\\vendor\\laravel\\framework\\src\\Illuminate\\Pipeline\\Pipeline.php(183): Illuminate\\Http\\Middleware\\TrustProxies->handle()
#43 C:\\Eureka\\htdocs\\sanna\\services\\vendor\\laravel\\framework\\src\\Illuminate\\Pipeline\\Pipeline.php(119): Illuminate\\Pipeline\\Pipeline->Illuminate\\Pipeline\\{closure}()
#44 C:\\Eureka\\htdocs\\sanna\\services\\vendor\\laravel\\framework\\src\\Illuminate\\Foundation\\Http\\Kernel.php(175): Illuminate\\Pipeline\\Pipeline->then()
#45 C:\\Eureka\\htdocs\\sanna\\services\\vendor\\laravel\\framework\\src\\Illuminate\\Foundation\\Http\\Kernel.php(144): Illuminate\\Foundation\\Http\\Kernel->sendRequestThroughRouter()
#46 C:\\Eureka\\htdocs\\sanna\\services\\public\\index.php(54): Illuminate\\Foundation\\Http\\Kernel->handle()
#47 {main}
"} 
[2025-07-08 14:02:36] local.ERROR: SQLSTATE[22018]: [Microsoft][ODBC Driver 17 for SQL Server][SQL Server]Conversion failed when converting the nvarchar value '9.' to data type int. (Connection: sqlsrv, SQL: insert into [afiliados] ([dni], [nombres], [ape_paterno], [ape_materno], [direccion], [telf1], [telf2], [manejodatos], [hoja_filiacion]) values (46508510, JHONATAN CESAR, BALDOCEDA, CAJACURI, ., 9., , 1, {"NombreContratante":"-1","codigo_afi":"","etnia":"","idioma":"","religion":".","email":"B@s","estadocivil":"soltero(a)","gradoinstitucion":".","ocupacion":".","procedencia":".","no_patologico":[{"id":"100","nombre":"Niega","txt":null}],"patologicos":[{"id":"4","nombre":"Asma","txt":null},{"id":"8","nombre":"Otros","txt":"Consumo de quemadores de grasa"}],"quirurgico":"","padres":"Niega","abuelos":"Niega","hermanos":"Niega","conyugue":"Niega","persona_responsable":".","celular_responsble":".","tlf_casa_paciente":"."})) {"userId":1367,"exception":"[object] (Illuminate\\Database\\QueryException(code: 22018): SQLSTATE[22018]: [Microsoft][ODBC Driver 17 for SQL Server][SQL Server]Conversion failed when converting the nvarchar value '9.' to data type int. (Connection: sqlsrv, SQL: insert into [afiliados] ([dni], [nombres], [ape_paterno], [ape_materno], [direccion], [telf1], [telf2], [manejodatos], [hoja_filiacion]) values (46508510, JHONATAN CESAR, BALDOCEDA, CAJACURI, ., 9., , 1, {\"NombreContratante\":\"-1\",\"codigo_afi\":\"\",\"etnia\":\"\",\"idioma\":\"\",\"religion\":\".\",\"email\":\"B@s\",\"estadocivil\":\"soltero(a)\",\"gradoinstitucion\":\".\",\"ocupacion\":\".\",\"procedencia\":\".\",\"no_patologico\":[{\"id\":\"100\",\"nombre\":\"Niega\",\"txt\":null}],\"patologicos\":[{\"id\":\"4\",\"nombre\":\"Asma\",\"txt\":null},{\"id\":\"8\",\"nombre\":\"Otros\",\"txt\":\"Consumo de quemadores de grasa\"}],\"quirurgico\":\"\",\"padres\":\"Niega\",\"abuelos\":\"Niega\",\"hermanos\":\"Niega\",\"conyugue\":\"Niega\",\"persona_responsable\":\".\",\"celular_responsble\":\".\",\"tlf_casa_paciente\":\".\"})) at C:\\Eureka\\htdocs\\sanna\\services\\vendor\\laravel\\framework\\src\\Illuminate\\Database\\Connection.php:829)
[stacktrace]
#0 C:\\Eureka\\htdocs\\sanna\\services\\vendor\\laravel\\framework\\src\\Illuminate\\Database\\Connection.php(783): Illuminate\\Database\\Connection->runQueryCallback()
#1 C:\\Eureka\\htdocs\\sanna\\services\\vendor\\laravel\\framework\\src\\Illuminate\\Database\\Connection.php(576): Illuminate\\Database\\Connection->run()
#2 C:\\Eureka\\htdocs\\sanna\\services\\vendor\\laravel\\framework\\src\\Illuminate\\Database\\Connection.php(540): Illuminate\\Database\\Connection->statement()
#3 C:\\Eureka\\htdocs\\sanna\\services\\vendor\\laravel\\framework\\src\\Illuminate\\Database\\Query\\Builder.php(3456): Illuminate\\Database\\Connection->insert()
#4 C:\\Eureka\\htdocs\\sanna\\services\\vendor\\laravel\\framework\\src\\Illuminate\\Database\\Query\\Builder.php(3596): Illuminate\\Database\\Query\\Builder->insert()
#5 C:\\Eureka\\htdocs\\sanna\\services\\app\\Http\\Controllers\\RegistroatencionController.php(662): Illuminate\\Database\\Query\\Builder->updateOrInsert()
#6 C:\\Eureka\\htdocs\\sanna\\services\\vendor\\laravel\\framework\\src\\Illuminate\\Routing\\Controller.php(54): App\\Http\\Controllers\\RegistroatencionController->generarHistoriaClinica()
#7 C:\\Eureka\\htdocs\\sanna\\services\\vendor\\laravel\\framework\\src\\Illuminate\\Routing\\ControllerDispatcher.php(43): Illuminate\\Routing\\Controller->callAction()
#8 C:\\Eureka\\htdocs\\sanna\\services\\vendor\\laravel\\framework\\src\\Illuminate\\Routing\\Route.php(259): Illuminate\\Routing\\ControllerDispatcher->dispatch()
#9 C:\\Eureka\\htdocs\\sanna\\services\\vendor\\laravel\\framework\\src\\Illuminate\\Routing\\Route.php(205): Illuminate\\Routing\\Route->runController()
#10 C:\\Eureka\\htdocs\\sanna\\services\\vendor\\laravel\\framework\\src\\Illuminate\\Routing\\Router.php(806): Illuminate\\Routing\\Route->run()
#11 C:\\Eureka\\htdocs\\sanna\\services\\vendor\\laravel\\framework\\src\\Illuminate\\Pipeline\\Pipeline.php(144): Illuminate\\Routing\\Router->Illuminate\\Routing\\{closure}()
#12 C:\\Eureka\\htdocs\\sanna\\services\\app\\Http\\Middleware\\ValidarToken.php(32): Illuminate\\Pipeline\\Pipeline->Illuminate\\Pipeline\\{closure}()
#13 C:\\Eureka\\htdocs\\sanna\\services\\vendor\\laravel\\framework\\src\\Illuminate\\Pipeline\\Pipeline.php(183): App\\Http\\Middleware\\ValidarToken->handle()
#14 C:\\Eureka\\htdocs\\sanna\\services\\vendor\\laravel\\framework\\src\\Illuminate\\Routing\\Middleware\\SubstituteBindings.php(50): Illuminate\\Pipeline\\Pipeline->Illuminate\\Pipeline\\{closure}()
#15 C:\\Eureka\\htdocs\\sanna\\services\\vendor\\laravel\\framework\\src\\Illuminate\\Pipeline\\Pipeline.php(183): Illuminate\\Routing\\Middleware\\SubstituteBindings->handle()
#16 C:\\Eureka\\htdocs\\sanna\\services\\vendor\\laravel\\framework\\src\\Illuminate\\Routing\\Middleware\\ThrottleRequests.php(159): Illuminate\\Pipeline\\Pipeline->Illuminate\\Pipeline\\{closure}()
#17 C:\\Eureka\\htdocs\\sanna\\services\\vendor\\laravel\\framework\\src\\Illuminate\\Routing\\Middleware\\ThrottleRequests.php(125): Illuminate\\Routing\\Middleware\\ThrottleRequests->handleRequest()
#18 C:\\Eureka\\htdocs\\sanna\\services\\vendor\\laravel\\framework\\src\\Illuminate\\Routing\\Middleware\\ThrottleRequests.php(87): Illuminate\\Routing\\Middleware\\ThrottleRequests->handleRequestUsingNamedLimiter()
#19 C:\\Eureka\\htdocs\\sanna\\services\\vendor\\laravel\\framework\\src\\Illuminate\\Pipeline\\Pipeline.php(183): Illuminate\\Routing\\Middleware\\ThrottleRequests->handle()
#20 C:\\Eureka\\htdocs\\sanna\\services\\vendor\\laravel\\framework\\src\\Illuminate\\Pipeline\\Pipeline.php(119): Illuminate\\Pipeline\\Pipeline->Illuminate\\Pipeline\\{closure}()
#21 C:\\Eureka\\htdocs\\sanna\\services\\vendor\\laravel\\framework\\src\\Illuminate\\Routing\\Router.php(805): Illuminate\\Pipeline\\Pipeline->then()
#22 C:\\Eureka\\htdocs\\sanna\\services\\vendor\\laravel\\framework\\src\\Illuminate\\Routing\\Router.php(784): Illuminate\\Routing\\Router->runRouteWithinStack()
#23 C:\\Eureka\\htdocs\\sanna\\services\\vendor\\laravel\\framework\\src\\Illuminate\\Routing\\Router.php(748): Illuminate\\Routing\\Router->runRoute()
#24 C:\\Eureka\\htdocs\\sanna\\services\\vendor\\laravel\\framework\\src\\Illuminate\\Routing\\Router.php(737): Illuminate\\Routing\\Router->dispatchToRoute()
#25 C:\\Eureka\\htdocs\\sanna\\services\\vendor\\laravel\\framework\\src\\Illuminate\\Foundation\\Http\\Kernel.php(200): Illuminate\\Routing\\Router->dispatch()
#26 C:\\Eureka\\htdocs\\sanna\\services\\vendor\\laravel\\framework\\src\\Illuminate\\Pipeline\\Pipeline.php(144): Illuminate\\Foundation\\Http\\Kernel->Illuminate\\Foundation\\Http\\{closure}()
#27 C:\\Eureka\\htdocs\\sanna\\services\\vendor\\laravel\\framework\\src\\Illuminate\\Foundation\\Http\\Middleware\\TransformsRequest.php(21): Illuminate\\Pipeline\\Pipeline->Illuminate\\Pipeline\\{closure}()
#28 C:\\Eureka\\htdocs\\sanna\\services\\vendor\\laravel\\framework\\src\\Illuminate\\Foundation\\Http\\Middleware\\ConvertEmptyStringsToNull.php(31): Illuminate\\Foundation\\Http\\Middleware\\TransformsRequest->handle()
#29 C:\\Eureka\\htdocs\\sanna\\services\\vendor\\laravel\\framework\\src\\Illuminate\\Pipeline\\Pipeline.php(183): Illuminate\\Foundation\\Http\\Middleware\\ConvertEmptyStringsToNull->handle()
#30 C:\\Eureka\\htdocs\\sanna\\services\\vendor\\laravel\\framework\\src\\Illuminate\\Foundation\\Http\\Middleware\\TransformsRequest.php(21): Illuminate\\Pipeline\\Pipeline->Illuminate\\Pipeline\\{closure}()
#31 C:\\Eureka\\htdocs\\sanna\\services\\vendor\\laravel\\framework\\src\\Illuminate\\Foundation\\Http\\Middleware\\TrimStrings.php(40): Illuminate\\Foundation\\Http\\Middleware\\TransformsRequest->handle()
#32 C:\\Eureka\\htdocs\\sanna\\services\\vendor\\laravel\\framework\\src\\Illuminate\\Pipeline\\Pipeline.php(183): Illuminate\\Foundation\\Http\\Middleware\\TrimStrings->handle()
#33 C:\\Eureka\\htdocs\\sanna\\services\\vendor\\laravel\\framework\\src\\Illuminate\\Foundation\\Http\\Middleware\\ValidatePostSize.php(27): Illuminate\\Pipeline\\Pipeline->Illuminate\\Pipeline\\{closure}()
#34 C:\\Eureka\\htdocs\\sanna\\services\\vendor\\laravel\\framework\\src\\Illuminate\\Pipeline\\Pipeline.php(183): Illuminate\\Foundation\\Http\\Middleware\\ValidatePostSize->handle()
#35 C:\\Eureka\\htdocs\\sanna\\services\\vendor\\laravel\\framework\\src\\Illuminate\\Foundation\\Http\\Middleware\\PreventRequestsDuringMaintenance.php(99): Illuminate\\Pipeline\\Pipeline->Illuminate\\Pipeline\\{closure}()
#36 C:\\Eureka\\htdocs\\sanna\\services\\vendor\\laravel\\framework\\src\\Illuminate\\Pipeline\\Pipeline.php(183): Illuminate\\Foundation\\Http\\Middleware\\PreventRequestsDuringMaintenance->handle()
#37 C:\\Eureka\\htdocs\\sanna\\services\\vendor\\laravel\\framework\\src\\Illuminate\\Http\\Middleware\\HandleCors.php(62): Illuminate\\Pipeline\\Pipeline->Illuminate\\Pipeline\\{closure}()
#38 C:\\Eureka\\htdocs\\sanna\\services\\vendor\\laravel\\framework\\src\\Illuminate\\Pipeline\\Pipeline.php(183): Illuminate\\Http\\Middleware\\HandleCors->handle()
#39 C:\\Eureka\\htdocs\\sanna\\services\\vendor\\laravel\\framework\\src\\Illuminate\\Http\\Middleware\\TrustProxies.php(39): Illuminate\\Pipeline\\Pipeline->Illuminate\\Pipeline\\{closure}()
#40 C:\\Eureka\\htdocs\\sanna\\services\\vendor\\laravel\\framework\\src\\Illuminate\\Pipeline\\Pipeline.php(183): Illuminate\\Http\\Middleware\\TrustProxies->handle()
#41 C:\\Eureka\\htdocs\\sanna\\services\\vendor\\laravel\\framework\\src\\Illuminate\\Pipeline\\Pipeline.php(119): Illuminate\\Pipeline\\Pipeline->Illuminate\\Pipeline\\{closure}()
#42 C:\\Eureka\\htdocs\\sanna\\services\\vendor\\laravel\\framework\\src\\Illuminate\\Foundation\\Http\\Kernel.php(175): Illuminate\\Pipeline\\Pipeline->then()
#43 C:\\Eureka\\htdocs\\sanna\\services\\vendor\\laravel\\framework\\src\\Illuminate\\Foundation\\Http\\Kernel.php(144): Illuminate\\Foundation\\Http\\Kernel->sendRequestThroughRouter()
#44 C:\\Eureka\\htdocs\\sanna\\services\\public\\index.php(54): Illuminate\\Foundation\\Http\\Kernel->handle()
#45 {main}

[previous exception] [object] (PDOException(code: 22018): SQLSTATE[22018]: [Microsoft][ODBC Driver 17 for SQL Server][SQL Server]Conversion failed when converting the nvarchar value '9.' to data type int. at C:\\Eureka\\htdocs\\sanna\\services\\vendor\\laravel\\framework\\src\\Illuminate\\Database\\Connection.php:587)
[stacktrace]
#0 C:\\Eureka\\htdocs\\sanna\\services\\vendor\\laravel\\framework\\src\\Illuminate\\Database\\Connection.php(587): PDOStatement->execute()
#1 C:\\Eureka\\htdocs\\sanna\\services\\vendor\\laravel\\framework\\src\\Illuminate\\Database\\Connection.php(816): Illuminate\\Database\\Connection->Illuminate\\Database\\{closure}()
#2 C:\\Eureka\\htdocs\\sanna\\services\\vendor\\laravel\\framework\\src\\Illuminate\\Database\\Connection.php(783): Illuminate\\Database\\Connection->runQueryCallback()
#3 C:\\Eureka\\htdocs\\sanna\\services\\vendor\\laravel\\framework\\src\\Illuminate\\Database\\Connection.php(576): Illuminate\\Database\\Connection->run()
#4 C:\\Eureka\\htdocs\\sanna\\services\\vendor\\laravel\\framework\\src\\Illuminate\\Database\\Connection.php(540): Illuminate\\Database\\Connection->statement()
#5 C:\\Eureka\\htdocs\\sanna\\services\\vendor\\laravel\\framework\\src\\Illuminate\\Database\\Query\\Builder.php(3456): Illuminate\\Database\\Connection->insert()
#6 C:\\Eureka\\htdocs\\sanna\\services\\vendor\\laravel\\framework\\src\\Illuminate\\Database\\Query\\Builder.php(3596): Illuminate\\Database\\Query\\Builder->insert()
#7 C:\\Eureka\\htdocs\\sanna\\services\\app\\Http\\Controllers\\RegistroatencionController.php(662): Illuminate\\Database\\Query\\Builder->updateOrInsert()
#8 C:\\Eureka\\htdocs\\sanna\\services\\vendor\\laravel\\framework\\src\\Illuminate\\Routing\\Controller.php(54): App\\Http\\Controllers\\RegistroatencionController->generarHistoriaClinica()
#9 C:\\Eureka\\htdocs\\sanna\\services\\vendor\\laravel\\framework\\src\\Illuminate\\Routing\\ControllerDispatcher.php(43): Illuminate\\Routing\\Controller->callAction()
#10 C:\\Eureka\\htdocs\\sanna\\services\\vendor\\laravel\\framework\\src\\Illuminate\\Routing\\Route.php(259): Illuminate\\Routing\\ControllerDispatcher->dispatch()
#11 C:\\Eureka\\htdocs\\sanna\\services\\vendor\\laravel\\framework\\src\\Illuminate\\Routing\\Route.php(205): Illuminate\\Routing\\Route->runController()
#12 C:\\Eureka\\htdocs\\sanna\\services\\vendor\\laravel\\framework\\src\\Illuminate\\Routing\\Router.php(806): Illuminate\\Routing\\Route->run()
#13 C:\\Eureka\\htdocs\\sanna\\services\\vendor\\laravel\\framework\\src\\Illuminate\\Pipeline\\Pipeline.php(144): Illuminate\\Routing\\Router->Illuminate\\Routing\\{closure}()
#14 C:\\Eureka\\htdocs\\sanna\\services\\app\\Http\\Middleware\\ValidarToken.php(32): Illuminate\\Pipeline\\Pipeline->Illuminate\\Pipeline\\{closure}()
#15 C:\\Eureka\\htdocs\\sanna\\services\\vendor\\laravel\\framework\\src\\Illuminate\\Pipeline\\Pipeline.php(183): App\\Http\\Middleware\\ValidarToken->handle()
#16 C:\\Eureka\\htdocs\\sanna\\services\\vendor\\laravel\\framework\\src\\Illuminate\\Routing\\Middleware\\SubstituteBindings.php(50): Illuminate\\Pipeline\\Pipeline->Illuminate\\Pipeline\\{closure}()
#17 C:\\Eureka\\htdocs\\sanna\\services\\vendor\\laravel\\framework\\src\\Illuminate\\Pipeline\\Pipeline.php(183): Illuminate\\Routing\\Middleware\\SubstituteBindings->handle()
#18 C:\\Eureka\\htdocs\\sanna\\services\\vendor\\laravel\\framework\\src\\Illuminate\\Routing\\Middleware\\ThrottleRequests.php(159): Illuminate\\Pipeline\\Pipeline->Illuminate\\Pipeline\\{closure}()
#19 C:\\Eureka\\htdocs\\sanna\\services\\vendor\\laravel\\framework\\src\\Illuminate\\Routing\\Middleware\\ThrottleRequests.php(125): Illuminate\\Routing\\Middleware\\ThrottleRequests->handleRequest()
#20 C:\\Eureka\\htdocs\\sanna\\services\\vendor\\laravel\\framework\\src\\Illuminate\\Routing\\Middleware\\ThrottleRequests.php(87): Illuminate\\Routing\\Middleware\\ThrottleRequests->handleRequestUsingNamedLimiter()
#21 C:\\Eureka\\htdocs\\sanna\\services\\vendor\\laravel\\framework\\src\\Illuminate\\Pipeline\\Pipeline.php(183): Illuminate\\Routing\\Middleware\\ThrottleRequests->handle()
#22 C:\\Eureka\\htdocs\\sanna\\services\\vendor\\laravel\\framework\\src\\Illuminate\\Pipeline\\Pipeline.php(119): Illuminate\\Pipeline\\Pipeline->Illuminate\\Pipeline\\{closure}()
#23 C:\\Eureka\\htdocs\\sanna\\services\\vendor\\laravel\\framework\\src\\Illuminate\\Routing\\Router.php(805): Illuminate\\Pipeline\\Pipeline->then()
#24 C:\\Eureka\\htdocs\\sanna\\services\\vendor\\laravel\\framework\\src\\Illuminate\\Routing\\Router.php(784): Illuminate\\Routing\\Router->runRouteWithinStack()
#25 C:\\Eureka\\htdocs\\sanna\\services\\vendor\\laravel\\framework\\src\\Illuminate\\Routing\\Router.php(748): Illuminate\\Routing\\Router->runRoute()
#26 C:\\Eureka\\htdocs\\sanna\\services\\vendor\\laravel\\framework\\src\\Illuminate\\Routing\\Router.php(737): Illuminate\\Routing\\Router->dispatchToRoute()
#27 C:\\Eureka\\htdocs\\sanna\\services\\vendor\\laravel\\framework\\src\\Illuminate\\Foundation\\Http\\Kernel.php(200): Illuminate\\Routing\\Router->dispatch()
#28 C:\\Eureka\\htdocs\\sanna\\services\\vendor\\laravel\\framework\\src\\Illuminate\\Pipeline\\Pipeline.php(144): Illuminate\\Foundation\\Http\\Kernel->Illuminate\\Foundation\\Http\\{closure}()
#29 C:\\Eureka\\htdocs\\sanna\\services\\vendor\\laravel\\framework\\src\\Illuminate\\Foundation\\Http\\Middleware\\TransformsRequest.php(21): Illuminate\\Pipeline\\Pipeline->Illuminate\\Pipeline\\{closure}()
#30 C:\\Eureka\\htdocs\\sanna\\services\\vendor\\laravel\\framework\\src\\Illuminate\\Foundation\\Http\\Middleware\\ConvertEmptyStringsToNull.php(31): Illuminate\\Foundation\\Http\\Middleware\\TransformsRequest->handle()
#31 C:\\Eureka\\htdocs\\sanna\\services\\vendor\\laravel\\framework\\src\\Illuminate\\Pipeline\\Pipeline.php(183): Illuminate\\Foundation\\Http\\Middleware\\ConvertEmptyStringsToNull->handle()
#32 C:\\Eureka\\htdocs\\sanna\\services\\vendor\\laravel\\framework\\src\\Illuminate\\Foundation\\Http\\Middleware\\TransformsRequest.php(21): Illuminate\\Pipeline\\Pipeline->Illuminate\\Pipeline\\{closure}()
#33 C:\\Eureka\\htdocs\\sanna\\services\\vendor\\laravel\\framework\\src\\Illuminate\\Foundation\\Http\\Middleware\\TrimStrings.php(40): Illuminate\\Foundation\\Http\\Middleware\\TransformsRequest->handle()
#34 C:\\Eureka\\htdocs\\sanna\\services\\vendor\\laravel\\framework\\src\\Illuminate\\Pipeline\\Pipeline.php(183): Illuminate\\Foundation\\Http\\Middleware\\TrimStrings->handle()
#35 C:\\Eureka\\htdocs\\sanna\\services\\vendor\\laravel\\framework\\src\\Illuminate\\Foundation\\Http\\Middleware\\ValidatePostSize.php(27): Illuminate\\Pipeline\\Pipeline->Illuminate\\Pipeline\\{closure}()
#36 C:\\Eureka\\htdocs\\sanna\\services\\vendor\\laravel\\framework\\src\\Illuminate\\Pipeline\\Pipeline.php(183): Illuminate\\Foundation\\Http\\Middleware\\ValidatePostSize->handle()
#37 C:\\Eureka\\htdocs\\sanna\\services\\vendor\\laravel\\framework\\src\\Illuminate\\Foundation\\Http\\Middleware\\PreventRequestsDuringMaintenance.php(99): Illuminate\\Pipeline\\Pipeline->Illuminate\\Pipeline\\{closure}()
#38 C:\\Eureka\\htdocs\\sanna\\services\\vendor\\laravel\\framework\\src\\Illuminate\\Pipeline\\Pipeline.php(183): Illuminate\\Foundation\\Http\\Middleware\\PreventRequestsDuringMaintenance->handle()
#39 C:\\Eureka\\htdocs\\sanna\\services\\vendor\\laravel\\framework\\src\\Illuminate\\Http\\Middleware\\HandleCors.php(62): Illuminate\\Pipeline\\Pipeline->Illuminate\\Pipeline\\{closure}()
#40 C:\\Eureka\\htdocs\\sanna\\services\\vendor\\laravel\\framework\\src\\Illuminate\\Pipeline\\Pipeline.php(183): Illuminate\\Http\\Middleware\\HandleCors->handle()
#41 C:\\Eureka\\htdocs\\sanna\\services\\vendor\\laravel\\framework\\src\\Illuminate\\Http\\Middleware\\TrustProxies.php(39): Illuminate\\Pipeline\\Pipeline->Illuminate\\Pipeline\\{closure}()
#42 C:\\Eureka\\htdocs\\sanna\\services\\vendor\\laravel\\framework\\src\\Illuminate\\Pipeline\\Pipeline.php(183): Illuminate\\Http\\Middleware\\TrustProxies->handle()
#43 C:\\Eureka\\htdocs\\sanna\\services\\vendor\\laravel\\framework\\src\\Illuminate\\Pipeline\\Pipeline.php(119): Illuminate\\Pipeline\\Pipeline->Illuminate\\Pipeline\\{closure}()
#44 C:\\Eureka\\htdocs\\sanna\\services\\vendor\\laravel\\framework\\src\\Illuminate\\Foundation\\Http\\Kernel.php(175): Illuminate\\Pipeline\\Pipeline->then()
#45 C:\\Eureka\\htdocs\\sanna\\services\\vendor\\laravel\\framework\\src\\Illuminate\\Foundation\\Http\\Kernel.php(144): Illuminate\\Foundation\\Http\\Kernel->sendRequestThroughRouter()
#46 C:\\Eureka\\htdocs\\sanna\\services\\public\\index.php(54): Illuminate\\Foundation\\Http\\Kernel->handle()
#47 {main}
"} 
[2025-07-08 14:02:47] local.ERROR: SQLSTATE[22018]: [Microsoft][ODBC Driver 17 for SQL Server][SQL Server]Conversion failed when converting the nvarchar value '9.' to data type int. (Connection: sqlsrv, SQL: insert into [afiliados] ([dni], [nombres], [ape_paterno], [ape_materno], [direccion], [telf1], [telf2], [manejodatos], [hoja_filiacion]) values (46508510, JHONATAN CESAR, BALDOCEDA, CAJACURI, ., 9., , 1, {"NombreContratante":"-1","codigo_afi":"","etnia":"","idioma":"","religion":".","email":"B@s","estadocivil":"soltero(a)","gradoinstitucion":".","ocupacion":".","procedencia":".","no_patologico":[{"id":"100","nombre":"Niega","txt":null}],"patologicos":[{"id":"4","nombre":"Asma","txt":null},{"id":"8","nombre":"Otros","txt":"Consumo de quemadores de grasa"}],"quirurgico":"","padres":"Niega","abuelos":"Niega","hermanos":"Niega","conyugue":"Niega","persona_responsable":".","celular_responsble":".","tlf_casa_paciente":"."})) {"userId":1367,"exception":"[object] (Illuminate\\Database\\QueryException(code: 22018): SQLSTATE[22018]: [Microsoft][ODBC Driver 17 for SQL Server][SQL Server]Conversion failed when converting the nvarchar value '9.' to data type int. (Connection: sqlsrv, SQL: insert into [afiliados] ([dni], [nombres], [ape_paterno], [ape_materno], [direccion], [telf1], [telf2], [manejodatos], [hoja_filiacion]) values (46508510, JHONATAN CESAR, BALDOCEDA, CAJACURI, ., 9., , 1, {\"NombreContratante\":\"-1\",\"codigo_afi\":\"\",\"etnia\":\"\",\"idioma\":\"\",\"religion\":\".\",\"email\":\"B@s\",\"estadocivil\":\"soltero(a)\",\"gradoinstitucion\":\".\",\"ocupacion\":\".\",\"procedencia\":\".\",\"no_patologico\":[{\"id\":\"100\",\"nombre\":\"Niega\",\"txt\":null}],\"patologicos\":[{\"id\":\"4\",\"nombre\":\"Asma\",\"txt\":null},{\"id\":\"8\",\"nombre\":\"Otros\",\"txt\":\"Consumo de quemadores de grasa\"}],\"quirurgico\":\"\",\"padres\":\"Niega\",\"abuelos\":\"Niega\",\"hermanos\":\"Niega\",\"conyugue\":\"Niega\",\"persona_responsable\":\".\",\"celular_responsble\":\".\",\"tlf_casa_paciente\":\".\"})) at C:\\Eureka\\htdocs\\sanna\\services\\vendor\\laravel\\framework\\src\\Illuminate\\Database\\Connection.php:829)
[stacktrace]
#0 C:\\Eureka\\htdocs\\sanna\\services\\vendor\\laravel\\framework\\src\\Illuminate\\Database\\Connection.php(783): Illuminate\\Database\\Connection->runQueryCallback()
#1 C:\\Eureka\\htdocs\\sanna\\services\\vendor\\laravel\\framework\\src\\Illuminate\\Database\\Connection.php(576): Illuminate\\Database\\Connection->run()
#2 C:\\Eureka\\htdocs\\sanna\\services\\vendor\\laravel\\framework\\src\\Illuminate\\Database\\Connection.php(540): Illuminate\\Database\\Connection->statement()
#3 C:\\Eureka\\htdocs\\sanna\\services\\vendor\\laravel\\framework\\src\\Illuminate\\Database\\Query\\Builder.php(3456): Illuminate\\Database\\Connection->insert()
#4 C:\\Eureka\\htdocs\\sanna\\services\\vendor\\laravel\\framework\\src\\Illuminate\\Database\\Query\\Builder.php(3596): Illuminate\\Database\\Query\\Builder->insert()
#5 C:\\Eureka\\htdocs\\sanna\\services\\app\\Http\\Controllers\\RegistroatencionController.php(662): Illuminate\\Database\\Query\\Builder->updateOrInsert()
#6 C:\\Eureka\\htdocs\\sanna\\services\\vendor\\laravel\\framework\\src\\Illuminate\\Routing\\Controller.php(54): App\\Http\\Controllers\\RegistroatencionController->generarHistoriaClinica()
#7 C:\\Eureka\\htdocs\\sanna\\services\\vendor\\laravel\\framework\\src\\Illuminate\\Routing\\ControllerDispatcher.php(43): Illuminate\\Routing\\Controller->callAction()
#8 C:\\Eureka\\htdocs\\sanna\\services\\vendor\\laravel\\framework\\src\\Illuminate\\Routing\\Route.php(259): Illuminate\\Routing\\ControllerDispatcher->dispatch()
#9 C:\\Eureka\\htdocs\\sanna\\services\\vendor\\laravel\\framework\\src\\Illuminate\\Routing\\Route.php(205): Illuminate\\Routing\\Route->runController()
#10 C:\\Eureka\\htdocs\\sanna\\services\\vendor\\laravel\\framework\\src\\Illuminate\\Routing\\Router.php(806): Illuminate\\Routing\\Route->run()
#11 C:\\Eureka\\htdocs\\sanna\\services\\vendor\\laravel\\framework\\src\\Illuminate\\Pipeline\\Pipeline.php(144): Illuminate\\Routing\\Router->Illuminate\\Routing\\{closure}()
#12 C:\\Eureka\\htdocs\\sanna\\services\\app\\Http\\Middleware\\ValidarToken.php(32): Illuminate\\Pipeline\\Pipeline->Illuminate\\Pipeline\\{closure}()
#13 C:\\Eureka\\htdocs\\sanna\\services\\vendor\\laravel\\framework\\src\\Illuminate\\Pipeline\\Pipeline.php(183): App\\Http\\Middleware\\ValidarToken->handle()
#14 C:\\Eureka\\htdocs\\sanna\\services\\vendor\\laravel\\framework\\src\\Illuminate\\Routing\\Middleware\\SubstituteBindings.php(50): Illuminate\\Pipeline\\Pipeline->Illuminate\\Pipeline\\{closure}()
#15 C:\\Eureka\\htdocs\\sanna\\services\\vendor\\laravel\\framework\\src\\Illuminate\\Pipeline\\Pipeline.php(183): Illuminate\\Routing\\Middleware\\SubstituteBindings->handle()
#16 C:\\Eureka\\htdocs\\sanna\\services\\vendor\\laravel\\framework\\src\\Illuminate\\Routing\\Middleware\\ThrottleRequests.php(159): Illuminate\\Pipeline\\Pipeline->Illuminate\\Pipeline\\{closure}()
#17 C:\\Eureka\\htdocs\\sanna\\services\\vendor\\laravel\\framework\\src\\Illuminate\\Routing\\Middleware\\ThrottleRequests.php(125): Illuminate\\Routing\\Middleware\\ThrottleRequests->handleRequest()
#18 C:\\Eureka\\htdocs\\sanna\\services\\vendor\\laravel\\framework\\src\\Illuminate\\Routing\\Middleware\\ThrottleRequests.php(87): Illuminate\\Routing\\Middleware\\ThrottleRequests->handleRequestUsingNamedLimiter()
#19 C:\\Eureka\\htdocs\\sanna\\services\\vendor\\laravel\\framework\\src\\Illuminate\\Pipeline\\Pipeline.php(183): Illuminate\\Routing\\Middleware\\ThrottleRequests->handle()
#20 C:\\Eureka\\htdocs\\sanna\\services\\vendor\\laravel\\framework\\src\\Illuminate\\Pipeline\\Pipeline.php(119): Illuminate\\Pipeline\\Pipeline->Illuminate\\Pipeline\\{closure}()
#21 C:\\Eureka\\htdocs\\sanna\\services\\vendor\\laravel\\framework\\src\\Illuminate\\Routing\\Router.php(805): Illuminate\\Pipeline\\Pipeline->then()
#22 C:\\Eureka\\htdocs\\sanna\\services\\vendor\\laravel\\framework\\src\\Illuminate\\Routing\\Router.php(784): Illuminate\\Routing\\Router->runRouteWithinStack()
#23 C:\\Eureka\\htdocs\\sanna\\services\\vendor\\laravel\\framework\\src\\Illuminate\\Routing\\Router.php(748): Illuminate\\Routing\\Router->runRoute()
#24 C:\\Eureka\\htdocs\\sanna\\services\\vendor\\laravel\\framework\\src\\Illuminate\\Routing\\Router.php(737): Illuminate\\Routing\\Router->dispatchToRoute()
#25 C:\\Eureka\\htdocs\\sanna\\services\\vendor\\laravel\\framework\\src\\Illuminate\\Foundation\\Http\\Kernel.php(200): Illuminate\\Routing\\Router->dispatch()
#26 C:\\Eureka\\htdocs\\sanna\\services\\vendor\\laravel\\framework\\src\\Illuminate\\Pipeline\\Pipeline.php(144): Illuminate\\Foundation\\Http\\Kernel->Illuminate\\Foundation\\Http\\{closure}()
#27 C:\\Eureka\\htdocs\\sanna\\services\\vendor\\laravel\\framework\\src\\Illuminate\\Foundation\\Http\\Middleware\\TransformsRequest.php(21): Illuminate\\Pipeline\\Pipeline->Illuminate\\Pipeline\\{closure}()
#28 C:\\Eureka\\htdocs\\sanna\\services\\vendor\\laravel\\framework\\src\\Illuminate\\Foundation\\Http\\Middleware\\ConvertEmptyStringsToNull.php(31): Illuminate\\Foundation\\Http\\Middleware\\TransformsRequest->handle()
#29 C:\\Eureka\\htdocs\\sanna\\services\\vendor\\laravel\\framework\\src\\Illuminate\\Pipeline\\Pipeline.php(183): Illuminate\\Foundation\\Http\\Middleware\\ConvertEmptyStringsToNull->handle()
#30 C:\\Eureka\\htdocs\\sanna\\services\\vendor\\laravel\\framework\\src\\Illuminate\\Foundation\\Http\\Middleware\\TransformsRequest.php(21): Illuminate\\Pipeline\\Pipeline->Illuminate\\Pipeline\\{closure}()
#31 C:\\Eureka\\htdocs\\sanna\\services\\vendor\\laravel\\framework\\src\\Illuminate\\Foundation\\Http\\Middleware\\TrimStrings.php(40): Illuminate\\Foundation\\Http\\Middleware\\TransformsRequest->handle()
#32 C:\\Eureka\\htdocs\\sanna\\services\\vendor\\laravel\\framework\\src\\Illuminate\\Pipeline\\Pipeline.php(183): Illuminate\\Foundation\\Http\\Middleware\\TrimStrings->handle()
#33 C:\\Eureka\\htdocs\\sanna\\services\\vendor\\laravel\\framework\\src\\Illuminate\\Foundation\\Http\\Middleware\\ValidatePostSize.php(27): Illuminate\\Pipeline\\Pipeline->Illuminate\\Pipeline\\{closure}()
#34 C:\\Eureka\\htdocs\\sanna\\services\\vendor\\laravel\\framework\\src\\Illuminate\\Pipeline\\Pipeline.php(183): Illuminate\\Foundation\\Http\\Middleware\\ValidatePostSize->handle()
#35 C:\\Eureka\\htdocs\\sanna\\services\\vendor\\laravel\\framework\\src\\Illuminate\\Foundation\\Http\\Middleware\\PreventRequestsDuringMaintenance.php(99): Illuminate\\Pipeline\\Pipeline->Illuminate\\Pipeline\\{closure}()
#36 C:\\Eureka\\htdocs\\sanna\\services\\vendor\\laravel\\framework\\src\\Illuminate\\Pipeline\\Pipeline.php(183): Illuminate\\Foundation\\Http\\Middleware\\PreventRequestsDuringMaintenance->handle()
#37 C:\\Eureka\\htdocs\\sanna\\services\\vendor\\laravel\\framework\\src\\Illuminate\\Http\\Middleware\\HandleCors.php(62): Illuminate\\Pipeline\\Pipeline->Illuminate\\Pipeline\\{closure}()
#38 C:\\Eureka\\htdocs\\sanna\\services\\vendor\\laravel\\framework\\src\\Illuminate\\Pipeline\\Pipeline.php(183): Illuminate\\Http\\Middleware\\HandleCors->handle()
#39 C:\\Eureka\\htdocs\\sanna\\services\\vendor\\laravel\\framework\\src\\Illuminate\\Http\\Middleware\\TrustProxies.php(39): Illuminate\\Pipeline\\Pipeline->Illuminate\\Pipeline\\{closure}()
#40 C:\\Eureka\\htdocs\\sanna\\services\\vendor\\laravel\\framework\\src\\Illuminate\\Pipeline\\Pipeline.php(183): Illuminate\\Http\\Middleware\\TrustProxies->handle()
#41 C:\\Eureka\\htdocs\\sanna\\services\\vendor\\laravel\\framework\\src\\Illuminate\\Pipeline\\Pipeline.php(119): Illuminate\\Pipeline\\Pipeline->Illuminate\\Pipeline\\{closure}()
#42 C:\\Eureka\\htdocs\\sanna\\services\\vendor\\laravel\\framework\\src\\Illuminate\\Foundation\\Http\\Kernel.php(175): Illuminate\\Pipeline\\Pipeline->then()
#43 C:\\Eureka\\htdocs\\sanna\\services\\vendor\\laravel\\framework\\src\\Illuminate\\Foundation\\Http\\Kernel.php(144): Illuminate\\Foundation\\Http\\Kernel->sendRequestThroughRouter()
#44 C:\\Eureka\\htdocs\\sanna\\services\\public\\index.php(54): Illuminate\\Foundation\\Http\\Kernel->handle()
#45 {main}

[previous exception] [object] (PDOException(code: 22018): SQLSTATE[22018]: [Microsoft][ODBC Driver 17 for SQL Server][SQL Server]Conversion failed when converting the nvarchar value '9.' to data type int. at C:\\Eureka\\htdocs\\sanna\\services\\vendor\\laravel\\framework\\src\\Illuminate\\Database\\Connection.php:587)
[stacktrace]
#0 C:\\Eureka\\htdocs\\sanna\\services\\vendor\\laravel\\framework\\src\\Illuminate\\Database\\Connection.php(587): PDOStatement->execute()
#1 C:\\Eureka\\htdocs\\sanna\\services\\vendor\\laravel\\framework\\src\\Illuminate\\Database\\Connection.php(816): Illuminate\\Database\\Connection->Illuminate\\Database\\{closure}()
#2 C:\\Eureka\\htdocs\\sanna\\services\\vendor\\laravel\\framework\\src\\Illuminate\\Database\\Connection.php(783): Illuminate\\Database\\Connection->runQueryCallback()
#3 C:\\Eureka\\htdocs\\sanna\\services\\vendor\\laravel\\framework\\src\\Illuminate\\Database\\Connection.php(576): Illuminate\\Database\\Connection->run()
#4 C:\\Eureka\\htdocs\\sanna\\services\\vendor\\laravel\\framework\\src\\Illuminate\\Database\\Connection.php(540): Illuminate\\Database\\Connection->statement()
#5 C:\\Eureka\\htdocs\\sanna\\services\\vendor\\laravel\\framework\\src\\Illuminate\\Database\\Query\\Builder.php(3456): Illuminate\\Database\\Connection->insert()
#6 C:\\Eureka\\htdocs\\sanna\\services\\vendor\\laravel\\framework\\src\\Illuminate\\Database\\Query\\Builder.php(3596): Illuminate\\Database\\Query\\Builder->insert()
#7 C:\\Eureka\\htdocs\\sanna\\services\\app\\Http\\Controllers\\RegistroatencionController.php(662): Illuminate\\Database\\Query\\Builder->updateOrInsert()
#8 C:\\Eureka\\htdocs\\sanna\\services\\vendor\\laravel\\framework\\src\\Illuminate\\Routing\\Controller.php(54): App\\Http\\Controllers\\RegistroatencionController->generarHistoriaClinica()
#9 C:\\Eureka\\htdocs\\sanna\\services\\vendor\\laravel\\framework\\src\\Illuminate\\Routing\\ControllerDispatcher.php(43): Illuminate\\Routing\\Controller->callAction()
#10 C:\\Eureka\\htdocs\\sanna\\services\\vendor\\laravel\\framework\\src\\Illuminate\\Routing\\Route.php(259): Illuminate\\Routing\\ControllerDispatcher->dispatch()
#11 C:\\Eureka\\htdocs\\sanna\\services\\vendor\\laravel\\framework\\src\\Illuminate\\Routing\\Route.php(205): Illuminate\\Routing\\Route->runController()
#12 C:\\Eureka\\htdocs\\sanna\\services\\vendor\\laravel\\framework\\src\\Illuminate\\Routing\\Router.php(806): Illuminate\\Routing\\Route->run()
#13 C:\\Eureka\\htdocs\\sanna\\services\\vendor\\laravel\\framework\\src\\Illuminate\\Pipeline\\Pipeline.php(144): Illuminate\\Routing\\Router->Illuminate\\Routing\\{closure}()
#14 C:\\Eureka\\htdocs\\sanna\\services\\app\\Http\\Middleware\\ValidarToken.php(32): Illuminate\\Pipeline\\Pipeline->Illuminate\\Pipeline\\{closure}()
#15 C:\\Eureka\\htdocs\\sanna\\services\\vendor\\laravel\\framework\\src\\Illuminate\\Pipeline\\Pipeline.php(183): App\\Http\\Middleware\\ValidarToken->handle()
#16 C:\\Eureka\\htdocs\\sanna\\services\\vendor\\laravel\\framework\\src\\Illuminate\\Routing\\Middleware\\SubstituteBindings.php(50): Illuminate\\Pipeline\\Pipeline->Illuminate\\Pipeline\\{closure}()
#17 C:\\Eureka\\htdocs\\sanna\\services\\vendor\\laravel\\framework\\src\\Illuminate\\Pipeline\\Pipeline.php(183): Illuminate\\Routing\\Middleware\\SubstituteBindings->handle()
#18 C:\\Eureka\\htdocs\\sanna\\services\\vendor\\laravel\\framework\\src\\Illuminate\\Routing\\Middleware\\ThrottleRequests.php(159): Illuminate\\Pipeline\\Pipeline->Illuminate\\Pipeline\\{closure}()
#19 C:\\Eureka\\htdocs\\sanna\\services\\vendor\\laravel\\framework\\src\\Illuminate\\Routing\\Middleware\\ThrottleRequests.php(125): Illuminate\\Routing\\Middleware\\ThrottleRequests->handleRequest()
#20 C:\\Eureka\\htdocs\\sanna\\services\\vendor\\laravel\\framework\\src\\Illuminate\\Routing\\Middleware\\ThrottleRequests.php(87): Illuminate\\Routing\\Middleware\\ThrottleRequests->handleRequestUsingNamedLimiter()
#21 C:\\Eureka\\htdocs\\sanna\\services\\vendor\\laravel\\framework\\src\\Illuminate\\Pipeline\\Pipeline.php(183): Illuminate\\Routing\\Middleware\\ThrottleRequests->handle()
#22 C:\\Eureka\\htdocs\\sanna\\services\\vendor\\laravel\\framework\\src\\Illuminate\\Pipeline\\Pipeline.php(119): Illuminate\\Pipeline\\Pipeline->Illuminate\\Pipeline\\{closure}()
#23 C:\\Eureka\\htdocs\\sanna\\services\\vendor\\laravel\\framework\\src\\Illuminate\\Routing\\Router.php(805): Illuminate\\Pipeline\\Pipeline->then()
#24 C:\\Eureka\\htdocs\\sanna\\services\\vendor\\laravel\\framework\\src\\Illuminate\\Routing\\Router.php(784): Illuminate\\Routing\\Router->runRouteWithinStack()
#25 C:\\Eureka\\htdocs\\sanna\\services\\vendor\\laravel\\framework\\src\\Illuminate\\Routing\\Router.php(748): Illuminate\\Routing\\Router->runRoute()
#26 C:\\Eureka\\htdocs\\sanna\\services\\vendor\\laravel\\framework\\src\\Illuminate\\Routing\\Router.php(737): Illuminate\\Routing\\Router->dispatchToRoute()
#27 C:\\Eureka\\htdocs\\sanna\\services\\vendor\\laravel\\framework\\src\\Illuminate\\Foundation\\Http\\Kernel.php(200): Illuminate\\Routing\\Router->dispatch()
#28 C:\\Eureka\\htdocs\\sanna\\services\\vendor\\laravel\\framework\\src\\Illuminate\\Pipeline\\Pipeline.php(144): Illuminate\\Foundation\\Http\\Kernel->Illuminate\\Foundation\\Http\\{closure}()
#29 C:\\Eureka\\htdocs\\sanna\\services\\vendor\\laravel\\framework\\src\\Illuminate\\Foundation\\Http\\Middleware\\TransformsRequest.php(21): Illuminate\\Pipeline\\Pipeline->Illuminate\\Pipeline\\{closure}()
#30 C:\\Eureka\\htdocs\\sanna\\services\\vendor\\laravel\\framework\\src\\Illuminate\\Foundation\\Http\\Middleware\\ConvertEmptyStringsToNull.php(31): Illuminate\\Foundation\\Http\\Middleware\\TransformsRequest->handle()
#31 C:\\Eureka\\htdocs\\sanna\\services\\vendor\\laravel\\framework\\src\\Illuminate\\Pipeline\\Pipeline.php(183): Illuminate\\Foundation\\Http\\Middleware\\ConvertEmptyStringsToNull->handle()
#32 C:\\Eureka\\htdocs\\sanna\\services\\vendor\\laravel\\framework\\src\\Illuminate\\Foundation\\Http\\Middleware\\TransformsRequest.php(21): Illuminate\\Pipeline\\Pipeline->Illuminate\\Pipeline\\{closure}()
#33 C:\\Eureka\\htdocs\\sanna\\services\\vendor\\laravel\\framework\\src\\Illuminate\\Foundation\\Http\\Middleware\\TrimStrings.php(40): Illuminate\\Foundation\\Http\\Middleware\\TransformsRequest->handle()
#34 C:\\Eureka\\htdocs\\sanna\\services\\vendor\\laravel\\framework\\src\\Illuminate\\Pipeline\\Pipeline.php(183): Illuminate\\Foundation\\Http\\Middleware\\TrimStrings->handle()
#35 C:\\Eureka\\htdocs\\sanna\\services\\vendor\\laravel\\framework\\src\\Illuminate\\Foundation\\Http\\Middleware\\ValidatePostSize.php(27): Illuminate\\Pipeline\\Pipeline->Illuminate\\Pipeline\\{closure}()
#36 C:\\Eureka\\htdocs\\sanna\\services\\vendor\\laravel\\framework\\src\\Illuminate\\Pipeline\\Pipeline.php(183): Illuminate\\Foundation\\Http\\Middleware\\ValidatePostSize->handle()
#37 C:\\Eureka\\htdocs\\sanna\\services\\vendor\\laravel\\framework\\src\\Illuminate\\Foundation\\Http\\Middleware\\PreventRequestsDuringMaintenance.php(99): Illuminate\\Pipeline\\Pipeline->Illuminate\\Pipeline\\{closure}()
#38 C:\\Eureka\\htdocs\\sanna\\services\\vendor\\laravel\\framework\\src\\Illuminate\\Pipeline\\Pipeline.php(183): Illuminate\\Foundation\\Http\\Middleware\\PreventRequestsDuringMaintenance->handle()
#39 C:\\Eureka\\htdocs\\sanna\\services\\vendor\\laravel\\framework\\src\\Illuminate\\Http\\Middleware\\HandleCors.php(62): Illuminate\\Pipeline\\Pipeline->Illuminate\\Pipeline\\{closure}()
#40 C:\\Eureka\\htdocs\\sanna\\services\\vendor\\laravel\\framework\\src\\Illuminate\\Pipeline\\Pipeline.php(183): Illuminate\\Http\\Middleware\\HandleCors->handle()
#41 C:\\Eureka\\htdocs\\sanna\\services\\vendor\\laravel\\framework\\src\\Illuminate\\Http\\Middleware\\TrustProxies.php(39): Illuminate\\Pipeline\\Pipeline->Illuminate\\Pipeline\\{closure}()
#42 C:\\Eureka\\htdocs\\sanna\\services\\vendor\\laravel\\framework\\src\\Illuminate\\Pipeline\\Pipeline.php(183): Illuminate\\Http\\Middleware\\TrustProxies->handle()
#43 C:\\Eureka\\htdocs\\sanna\\services\\vendor\\laravel\\framework\\src\\Illuminate\\Pipeline\\Pipeline.php(119): Illuminate\\Pipeline\\Pipeline->Illuminate\\Pipeline\\{closure}()
#44 C:\\Eureka\\htdocs\\sanna\\services\\vendor\\laravel\\framework\\src\\Illuminate\\Foundation\\Http\\Kernel.php(175): Illuminate\\Pipeline\\Pipeline->then()
#45 C:\\Eureka\\htdocs\\sanna\\services\\vendor\\laravel\\framework\\src\\Illuminate\\Foundation\\Http\\Kernel.php(144): Illuminate\\Foundation\\Http\\Kernel->sendRequestThroughRouter()
#46 C:\\Eureka\\htdocs\\sanna\\services\\public\\index.php(54): Illuminate\\Foundation\\Http\\Kernel->handle()
#47 {main}
"} 
[2025-07-08 14:03:02] local.ERROR: SQLSTATE[22018]: [Microsoft][ODBC Driver 17 for SQL Server][SQL Server]Conversion failed when converting the nvarchar value '9.' to data type int. (Connection: sqlsrv, SQL: insert into [afiliados] ([dni], [nombres], [ape_paterno], [ape_materno], [direccion], [telf1], [telf2], [manejodatos], [hoja_filiacion]) values (46508510, JHONATAN CESAR, BALDOCEDA, CAJACURI, ., 9., , 1, {"NombreContratante":"-1","codigo_afi":"","etnia":"","idioma":"","religion":".","email":"B@s","estadocivil":"soltero(a)","gradoinstitucion":".","ocupacion":".","procedencia":".","no_patologico":[{"id":"100","nombre":"Niega","txt":null}],"patologicos":[{"id":"4","nombre":"Asma","txt":null},{"id":"8","nombre":"Otros","txt":"Consumo de quemadores de grasa"}],"quirurgico":"","padres":"Niega","abuelos":"Niega","hermanos":"Niega","conyugue":"Niega","persona_responsable":".","celular_responsble":".","tlf_casa_paciente":"."})) {"userId":1367,"exception":"[object] (Illuminate\\Database\\QueryException(code: 22018): SQLSTATE[22018]: [Microsoft][ODBC Driver 17 for SQL Server][SQL Server]Conversion failed when converting the nvarchar value '9.' to data type int. (Connection: sqlsrv, SQL: insert into [afiliados] ([dni], [nombres], [ape_paterno], [ape_materno], [direccion], [telf1], [telf2], [manejodatos], [hoja_filiacion]) values (46508510, JHONATAN CESAR, BALDOCEDA, CAJACURI, ., 9., , 1, {\"NombreContratante\":\"-1\",\"codigo_afi\":\"\",\"etnia\":\"\",\"idioma\":\"\",\"religion\":\".\",\"email\":\"B@s\",\"estadocivil\":\"soltero(a)\",\"gradoinstitucion\":\".\",\"ocupacion\":\".\",\"procedencia\":\".\",\"no_patologico\":[{\"id\":\"100\",\"nombre\":\"Niega\",\"txt\":null}],\"patologicos\":[{\"id\":\"4\",\"nombre\":\"Asma\",\"txt\":null},{\"id\":\"8\",\"nombre\":\"Otros\",\"txt\":\"Consumo de quemadores de grasa\"}],\"quirurgico\":\"\",\"padres\":\"Niega\",\"abuelos\":\"Niega\",\"hermanos\":\"Niega\",\"conyugue\":\"Niega\",\"persona_responsable\":\".\",\"celular_responsble\":\".\",\"tlf_casa_paciente\":\".\"})) at C:\\Eureka\\htdocs\\sanna\\services\\vendor\\laravel\\framework\\src\\Illuminate\\Database\\Connection.php:829)
[stacktrace]
#0 C:\\Eureka\\htdocs\\sanna\\services\\vendor\\laravel\\framework\\src\\Illuminate\\Database\\Connection.php(783): Illuminate\\Database\\Connection->runQueryCallback()
#1 C:\\Eureka\\htdocs\\sanna\\services\\vendor\\laravel\\framework\\src\\Illuminate\\Database\\Connection.php(576): Illuminate\\Database\\Connection->run()
#2 C:\\Eureka\\htdocs\\sanna\\services\\vendor\\laravel\\framework\\src\\Illuminate\\Database\\Connection.php(540): Illuminate\\Database\\Connection->statement()
#3 C:\\Eureka\\htdocs\\sanna\\services\\vendor\\laravel\\framework\\src\\Illuminate\\Database\\Query\\Builder.php(3456): Illuminate\\Database\\Connection->insert()
#4 C:\\Eureka\\htdocs\\sanna\\services\\vendor\\laravel\\framework\\src\\Illuminate\\Database\\Query\\Builder.php(3596): Illuminate\\Database\\Query\\Builder->insert()
#5 C:\\Eureka\\htdocs\\sanna\\services\\app\\Http\\Controllers\\RegistroatencionController.php(662): Illuminate\\Database\\Query\\Builder->updateOrInsert()
#6 C:\\Eureka\\htdocs\\sanna\\services\\vendor\\laravel\\framework\\src\\Illuminate\\Routing\\Controller.php(54): App\\Http\\Controllers\\RegistroatencionController->generarHistoriaClinica()
#7 C:\\Eureka\\htdocs\\sanna\\services\\vendor\\laravel\\framework\\src\\Illuminate\\Routing\\ControllerDispatcher.php(43): Illuminate\\Routing\\Controller->callAction()
#8 C:\\Eureka\\htdocs\\sanna\\services\\vendor\\laravel\\framework\\src\\Illuminate\\Routing\\Route.php(259): Illuminate\\Routing\\ControllerDispatcher->dispatch()
#9 C:\\Eureka\\htdocs\\sanna\\services\\vendor\\laravel\\framework\\src\\Illuminate\\Routing\\Route.php(205): Illuminate\\Routing\\Route->runController()
#10 C:\\Eureka\\htdocs\\sanna\\services\\vendor\\laravel\\framework\\src\\Illuminate\\Routing\\Router.php(806): Illuminate\\Routing\\Route->run()
#11 C:\\Eureka\\htdocs\\sanna\\services\\vendor\\laravel\\framework\\src\\Illuminate\\Pipeline\\Pipeline.php(144): Illuminate\\Routing\\Router->Illuminate\\Routing\\{closure}()
#12 C:\\Eureka\\htdocs\\sanna\\services\\app\\Http\\Middleware\\ValidarToken.php(32): Illuminate\\Pipeline\\Pipeline->Illuminate\\Pipeline\\{closure}()
#13 C:\\Eureka\\htdocs\\sanna\\services\\vendor\\laravel\\framework\\src\\Illuminate\\Pipeline\\Pipeline.php(183): App\\Http\\Middleware\\ValidarToken->handle()
#14 C:\\Eureka\\htdocs\\sanna\\services\\vendor\\laravel\\framework\\src\\Illuminate\\Routing\\Middleware\\SubstituteBindings.php(50): Illuminate\\Pipeline\\Pipeline->Illuminate\\Pipeline\\{closure}()
#15 C:\\Eureka\\htdocs\\sanna\\services\\vendor\\laravel\\framework\\src\\Illuminate\\Pipeline\\Pipeline.php(183): Illuminate\\Routing\\Middleware\\SubstituteBindings->handle()
#16 C:\\Eureka\\htdocs\\sanna\\services\\vendor\\laravel\\framework\\src\\Illuminate\\Routing\\Middleware\\ThrottleRequests.php(159): Illuminate\\Pipeline\\Pipeline->Illuminate\\Pipeline\\{closure}()
#17 C:\\Eureka\\htdocs\\sanna\\services\\vendor\\laravel\\framework\\src\\Illuminate\\Routing\\Middleware\\ThrottleRequests.php(125): Illuminate\\Routing\\Middleware\\ThrottleRequests->handleRequest()
#18 C:\\Eureka\\htdocs\\sanna\\services\\vendor\\laravel\\framework\\src\\Illuminate\\Routing\\Middleware\\ThrottleRequests.php(87): Illuminate\\Routing\\Middleware\\ThrottleRequests->handleRequestUsingNamedLimiter()
#19 C:\\Eureka\\htdocs\\sanna\\services\\vendor\\laravel\\framework\\src\\Illuminate\\Pipeline\\Pipeline.php(183): Illuminate\\Routing\\Middleware\\ThrottleRequests->handle()
#20 C:\\Eureka\\htdocs\\sanna\\services\\vendor\\laravel\\framework\\src\\Illuminate\\Pipeline\\Pipeline.php(119): Illuminate\\Pipeline\\Pipeline->Illuminate\\Pipeline\\{closure}()
#21 C:\\Eureka\\htdocs\\sanna\\services\\vendor\\laravel\\framework\\src\\Illuminate\\Routing\\Router.php(805): Illuminate\\Pipeline\\Pipeline->then()
#22 C:\\Eureka\\htdocs\\sanna\\services\\vendor\\laravel\\framework\\src\\Illuminate\\Routing\\Router.php(784): Illuminate\\Routing\\Router->runRouteWithinStack()
#23 C:\\Eureka\\htdocs\\sanna\\services\\vendor\\laravel\\framework\\src\\Illuminate\\Routing\\Router.php(748): Illuminate\\Routing\\Router->runRoute()
#24 C:\\Eureka\\htdocs\\sanna\\services\\vendor\\laravel\\framework\\src\\Illuminate\\Routing\\Router.php(737): Illuminate\\Routing\\Router->dispatchToRoute()
#25 C:\\Eureka\\htdocs\\sanna\\services\\vendor\\laravel\\framework\\src\\Illuminate\\Foundation\\Http\\Kernel.php(200): Illuminate\\Routing\\Router->dispatch()
#26 C:\\Eureka\\htdocs\\sanna\\services\\vendor\\laravel\\framework\\src\\Illuminate\\Pipeline\\Pipeline.php(144): Illuminate\\Foundation\\Http\\Kernel->Illuminate\\Foundation\\Http\\{closure}()
#27 C:\\Eureka\\htdocs\\sanna\\services\\vendor\\laravel\\framework\\src\\Illuminate\\Foundation\\Http\\Middleware\\TransformsRequest.php(21): Illuminate\\Pipeline\\Pipeline->Illuminate\\Pipeline\\{closure}()
#28 C:\\Eureka\\htdocs\\sanna\\services\\vendor\\laravel\\framework\\src\\Illuminate\\Foundation\\Http\\Middleware\\ConvertEmptyStringsToNull.php(31): Illuminate\\Foundation\\Http\\Middleware\\TransformsRequest->handle()
#29 C:\\Eureka\\htdocs\\sanna\\services\\vendor\\laravel\\framework\\src\\Illuminate\\Pipeline\\Pipeline.php(183): Illuminate\\Foundation\\Http\\Middleware\\ConvertEmptyStringsToNull->handle()
#30 C:\\Eureka\\htdocs\\sanna\\services\\vendor\\laravel\\framework\\src\\Illuminate\\Foundation\\Http\\Middleware\\TransformsRequest.php(21): Illuminate\\Pipeline\\Pipeline->Illuminate\\Pipeline\\{closure}()
#31 C:\\Eureka\\htdocs\\sanna\\services\\vendor\\laravel\\framework\\src\\Illuminate\\Foundation\\Http\\Middleware\\TrimStrings.php(40): Illuminate\\Foundation\\Http\\Middleware\\TransformsRequest->handle()
#32 C:\\Eureka\\htdocs\\sanna\\services\\vendor\\laravel\\framework\\src\\Illuminate\\Pipeline\\Pipeline.php(183): Illuminate\\Foundation\\Http\\Middleware\\TrimStrings->handle()
#33 C:\\Eureka\\htdocs\\sanna\\services\\vendor\\laravel\\framework\\src\\Illuminate\\Foundation\\Http\\Middleware\\ValidatePostSize.php(27): Illuminate\\Pipeline\\Pipeline->Illuminate\\Pipeline\\{closure}()
#34 C:\\Eureka\\htdocs\\sanna\\services\\vendor\\laravel\\framework\\src\\Illuminate\\Pipeline\\Pipeline.php(183): Illuminate\\Foundation\\Http\\Middleware\\ValidatePostSize->handle()
#35 C:\\Eureka\\htdocs\\sanna\\services\\vendor\\laravel\\framework\\src\\Illuminate\\Foundation\\Http\\Middleware\\PreventRequestsDuringMaintenance.php(99): Illuminate\\Pipeline\\Pipeline->Illuminate\\Pipeline\\{closure}()
#36 C:\\Eureka\\htdocs\\sanna\\services\\vendor\\laravel\\framework\\src\\Illuminate\\Pipeline\\Pipeline.php(183): Illuminate\\Foundation\\Http\\Middleware\\PreventRequestsDuringMaintenance->handle()
#37 C:\\Eureka\\htdocs\\sanna\\services\\vendor\\laravel\\framework\\src\\Illuminate\\Http\\Middleware\\HandleCors.php(62): Illuminate\\Pipeline\\Pipeline->Illuminate\\Pipeline\\{closure}()
#38 C:\\Eureka\\htdocs\\sanna\\services\\vendor\\laravel\\framework\\src\\Illuminate\\Pipeline\\Pipeline.php(183): Illuminate\\Http\\Middleware\\HandleCors->handle()
#39 C:\\Eureka\\htdocs\\sanna\\services\\vendor\\laravel\\framework\\src\\Illuminate\\Http\\Middleware\\TrustProxies.php(39): Illuminate\\Pipeline\\Pipeline->Illuminate\\Pipeline\\{closure}()
#40 C:\\Eureka\\htdocs\\sanna\\services\\vendor\\laravel\\framework\\src\\Illuminate\\Pipeline\\Pipeline.php(183): Illuminate\\Http\\Middleware\\TrustProxies->handle()
#41 C:\\Eureka\\htdocs\\sanna\\services\\vendor\\laravel\\framework\\src\\Illuminate\\Pipeline\\Pipeline.php(119): Illuminate\\Pipeline\\Pipeline->Illuminate\\Pipeline\\{closure}()
#42 C:\\Eureka\\htdocs\\sanna\\services\\vendor\\laravel\\framework\\src\\Illuminate\\Foundation\\Http\\Kernel.php(175): Illuminate\\Pipeline\\Pipeline->then()
#43 C:\\Eureka\\htdocs\\sanna\\services\\vendor\\laravel\\framework\\src\\Illuminate\\Foundation\\Http\\Kernel.php(144): Illuminate\\Foundation\\Http\\Kernel->sendRequestThroughRouter()
#44 C:\\Eureka\\htdocs\\sanna\\services\\public\\index.php(54): Illuminate\\Foundation\\Http\\Kernel->handle()
#45 {main}

[previous exception] [object] (PDOException(code: 22018): SQLSTATE[22018]: [Microsoft][ODBC Driver 17 for SQL Server][SQL Server]Conversion failed when converting the nvarchar value '9.' to data type int. at C:\\Eureka\\htdocs\\sanna\\services\\vendor\\laravel\\framework\\src\\Illuminate\\Database\\Connection.php:587)
[stacktrace]
#0 C:\\Eureka\\htdocs\\sanna\\services\\vendor\\laravel\\framework\\src\\Illuminate\\Database\\Connection.php(587): PDOStatement->execute()
#1 C:\\Eureka\\htdocs\\sanna\\services\\vendor\\laravel\\framework\\src\\Illuminate\\Database\\Connection.php(816): Illuminate\\Database\\Connection->Illuminate\\Database\\{closure}()
#2 C:\\Eureka\\htdocs\\sanna\\services\\vendor\\laravel\\framework\\src\\Illuminate\\Database\\Connection.php(783): Illuminate\\Database\\Connection->runQueryCallback()
#3 C:\\Eureka\\htdocs\\sanna\\services\\vendor\\laravel\\framework\\src\\Illuminate\\Database\\Connection.php(576): Illuminate\\Database\\Connection->run()
#4 C:\\Eureka\\htdocs\\sanna\\services\\vendor\\laravel\\framework\\src\\Illuminate\\Database\\Connection.php(540): Illuminate\\Database\\Connection->statement()
#5 C:\\Eureka\\htdocs\\sanna\\services\\vendor\\laravel\\framework\\src\\Illuminate\\Database\\Query\\Builder.php(3456): Illuminate\\Database\\Connection->insert()
#6 C:\\Eureka\\htdocs\\sanna\\services\\vendor\\laravel\\framework\\src\\Illuminate\\Database\\Query\\Builder.php(3596): Illuminate\\Database\\Query\\Builder->insert()
#7 C:\\Eureka\\htdocs\\sanna\\services\\app\\Http\\Controllers\\RegistroatencionController.php(662): Illuminate\\Database\\Query\\Builder->updateOrInsert()
#8 C:\\Eureka\\htdocs\\sanna\\services\\vendor\\laravel\\framework\\src\\Illuminate\\Routing\\Controller.php(54): App\\Http\\Controllers\\RegistroatencionController->generarHistoriaClinica()
#9 C:\\Eureka\\htdocs\\sanna\\services\\vendor\\laravel\\framework\\src\\Illuminate\\Routing\\ControllerDispatcher.php(43): Illuminate\\Routing\\Controller->callAction()
#10 C:\\Eureka\\htdocs\\sanna\\services\\vendor\\laravel\\framework\\src\\Illuminate\\Routing\\Route.php(259): Illuminate\\Routing\\ControllerDispatcher->dispatch()
#11 C:\\Eureka\\htdocs\\sanna\\services\\vendor\\laravel\\framework\\src\\Illuminate\\Routing\\Route.php(205): Illuminate\\Routing\\Route->runController()
#12 C:\\Eureka\\htdocs\\sanna\\services\\vendor\\laravel\\framework\\src\\Illuminate\\Routing\\Router.php(806): Illuminate\\Routing\\Route->run()
#13 C:\\Eureka\\htdocs\\sanna\\services\\vendor\\laravel\\framework\\src\\Illuminate\\Pipeline\\Pipeline.php(144): Illuminate\\Routing\\Router->Illuminate\\Routing\\{closure}()
#14 C:\\Eureka\\htdocs\\sanna\\services\\app\\Http\\Middleware\\ValidarToken.php(32): Illuminate\\Pipeline\\Pipeline->Illuminate\\Pipeline\\{closure}()
#15 C:\\Eureka\\htdocs\\sanna\\services\\vendor\\laravel\\framework\\src\\Illuminate\\Pipeline\\Pipeline.php(183): App\\Http\\Middleware\\ValidarToken->handle()
#16 C:\\Eureka\\htdocs\\sanna\\services\\vendor\\laravel\\framework\\src\\Illuminate\\Routing\\Middleware\\SubstituteBindings.php(50): Illuminate\\Pipeline\\Pipeline->Illuminate\\Pipeline\\{closure}()
#17 C:\\Eureka\\htdocs\\sanna\\services\\vendor\\laravel\\framework\\src\\Illuminate\\Pipeline\\Pipeline.php(183): Illuminate\\Routing\\Middleware\\SubstituteBindings->handle()
#18 C:\\Eureka\\htdocs\\sanna\\services\\vendor\\laravel\\framework\\src\\Illuminate\\Routing\\Middleware\\ThrottleRequests.php(159): Illuminate\\Pipeline\\Pipeline->Illuminate\\Pipeline\\{closure}()
#19 C:\\Eureka\\htdocs\\sanna\\services\\vendor\\laravel\\framework\\src\\Illuminate\\Routing\\Middleware\\ThrottleRequests.php(125): Illuminate\\Routing\\Middleware\\ThrottleRequests->handleRequest()
#20 C:\\Eureka\\htdocs\\sanna\\services\\vendor\\laravel\\framework\\src\\Illuminate\\Routing\\Middleware\\ThrottleRequests.php(87): Illuminate\\Routing\\Middleware\\ThrottleRequests->handleRequestUsingNamedLimiter()
#21 C:\\Eureka\\htdocs\\sanna\\services\\vendor\\laravel\\framework\\src\\Illuminate\\Pipeline\\Pipeline.php(183): Illuminate\\Routing\\Middleware\\ThrottleRequests->handle()
#22 C:\\Eureka\\htdocs\\sanna\\services\\vendor\\laravel\\framework\\src\\Illuminate\\Pipeline\\Pipeline.php(119): Illuminate\\Pipeline\\Pipeline->Illuminate\\Pipeline\\{closure}()
#23 C:\\Eureka\\htdocs\\sanna\\services\\vendor\\laravel\\framework\\src\\Illuminate\\Routing\\Router.php(805): Illuminate\\Pipeline\\Pipeline->then()
#24 C:\\Eureka\\htdocs\\sanna\\services\\vendor\\laravel\\framework\\src\\Illuminate\\Routing\\Router.php(784): Illuminate\\Routing\\Router->runRouteWithinStack()
#25 C:\\Eureka\\htdocs\\sanna\\services\\vendor\\laravel\\framework\\src\\Illuminate\\Routing\\Router.php(748): Illuminate\\Routing\\Router->runRoute()
#26 C:\\Eureka\\htdocs\\sanna\\services\\vendor\\laravel\\framework\\src\\Illuminate\\Routing\\Router.php(737): Illuminate\\Routing\\Router->dispatchToRoute()
#27 C:\\Eureka\\htdocs\\sanna\\services\\vendor\\laravel\\framework\\src\\Illuminate\\Foundation\\Http\\Kernel.php(200): Illuminate\\Routing\\Router->dispatch()
#28 C:\\Eureka\\htdocs\\sanna\\services\\vendor\\laravel\\framework\\src\\Illuminate\\Pipeline\\Pipeline.php(144): Illuminate\\Foundation\\Http\\Kernel->Illuminate\\Foundation\\Http\\{closure}()
#29 C:\\Eureka\\htdocs\\sanna\\services\\vendor\\laravel\\framework\\src\\Illuminate\\Foundation\\Http\\Middleware\\TransformsRequest.php(21): Illuminate\\Pipeline\\Pipeline->Illuminate\\Pipeline\\{closure}()
#30 C:\\Eureka\\htdocs\\sanna\\services\\vendor\\laravel\\framework\\src\\Illuminate\\Foundation\\Http\\Middleware\\ConvertEmptyStringsToNull.php(31): Illuminate\\Foundation\\Http\\Middleware\\TransformsRequest->handle()
#31 C:\\Eureka\\htdocs\\sanna\\services\\vendor\\laravel\\framework\\src\\Illuminate\\Pipeline\\Pipeline.php(183): Illuminate\\Foundation\\Http\\Middleware\\ConvertEmptyStringsToNull->handle()
#32 C:\\Eureka\\htdocs\\sanna\\services\\vendor\\laravel\\framework\\src\\Illuminate\\Foundation\\Http\\Middleware\\TransformsRequest.php(21): Illuminate\\Pipeline\\Pipeline->Illuminate\\Pipeline\\{closure}()
#33 C:\\Eureka\\htdocs\\sanna\\services\\vendor\\laravel\\framework\\src\\Illuminate\\Foundation\\Http\\Middleware\\TrimStrings.php(40): Illuminate\\Foundation\\Http\\Middleware\\TransformsRequest->handle()
#34 C:\\Eureka\\htdocs\\sanna\\services\\vendor\\laravel\\framework\\src\\Illuminate\\Pipeline\\Pipeline.php(183): Illuminate\\Foundation\\Http\\Middleware\\TrimStrings->handle()
#35 C:\\Eureka\\htdocs\\sanna\\services\\vendor\\laravel\\framework\\src\\Illuminate\\Foundation\\Http\\Middleware\\ValidatePostSize.php(27): Illuminate\\Pipeline\\Pipeline->Illuminate\\Pipeline\\{closure}()
#36 C:\\Eureka\\htdocs\\sanna\\services\\vendor\\laravel\\framework\\src\\Illuminate\\Pipeline\\Pipeline.php(183): Illuminate\\Foundation\\Http\\Middleware\\ValidatePostSize->handle()
#37 C:\\Eureka\\htdocs\\sanna\\services\\vendor\\laravel\\framework\\src\\Illuminate\\Foundation\\Http\\Middleware\\PreventRequestsDuringMaintenance.php(99): Illuminate\\Pipeline\\Pipeline->Illuminate\\Pipeline\\{closure}()
#38 C:\\Eureka\\htdocs\\sanna\\services\\vendor\\laravel\\framework\\src\\Illuminate\\Pipeline\\Pipeline.php(183): Illuminate\\Foundation\\Http\\Middleware\\PreventRequestsDuringMaintenance->handle()
#39 C:\\Eureka\\htdocs\\sanna\\services\\vendor\\laravel\\framework\\src\\Illuminate\\Http\\Middleware\\HandleCors.php(62): Illuminate\\Pipeline\\Pipeline->Illuminate\\Pipeline\\{closure}()
#40 C:\\Eureka\\htdocs\\sanna\\services\\vendor\\laravel\\framework\\src\\Illuminate\\Pipeline\\Pipeline.php(183): Illuminate\\Http\\Middleware\\HandleCors->handle()
#41 C:\\Eureka\\htdocs\\sanna\\services\\vendor\\laravel\\framework\\src\\Illuminate\\Http\\Middleware\\TrustProxies.php(39): Illuminate\\Pipeline\\Pipeline->Illuminate\\Pipeline\\{closure}()
#42 C:\\Eureka\\htdocs\\sanna\\services\\vendor\\laravel\\framework\\src\\Illuminate\\Pipeline\\Pipeline.php(183): Illuminate\\Http\\Middleware\\TrustProxies->handle()
#43 C:\\Eureka\\htdocs\\sanna\\services\\vendor\\laravel\\framework\\src\\Illuminate\\Pipeline\\Pipeline.php(119): Illuminate\\Pipeline\\Pipeline->Illuminate\\Pipeline\\{closure}()
#44 C:\\Eureka\\htdocs\\sanna\\services\\vendor\\laravel\\framework\\src\\Illuminate\\Foundation\\Http\\Kernel.php(175): Illuminate\\Pipeline\\Pipeline->then()
#45 C:\\Eureka\\htdocs\\sanna\\services\\vendor\\laravel\\framework\\src\\Illuminate\\Foundation\\Http\\Kernel.php(144): Illuminate\\Foundation\\Http\\Kernel->sendRequestThroughRouter()
#46 C:\\Eureka\\htdocs\\sanna\\services\\public\\index.php(54): Illuminate\\Foundation\\Http\\Kernel->handle()
#47 {main}
"} 
[2025-07-08 14:03:11] local.ERROR: SQLSTATE[22018]: [Microsoft][ODBC Driver 17 for SQL Server][SQL Server]Conversion failed when converting the nvarchar value '9.' to data type int. (Connection: sqlsrv, SQL: insert into [afiliados] ([dni], [nombres], [ape_paterno], [ape_materno], [direccion], [telf1], [telf2], [manejodatos], [hoja_filiacion]) values (46508510, JHONATAN CESAR, BALDOCEDA, CAJACURI, ., 9., , 1, {"NombreContratante":"-1","codigo_afi":"","etnia":"","idioma":"","religion":".","email":"B@s","estadocivil":"soltero(a)","gradoinstitucion":".","ocupacion":".","procedencia":".","no_patologico":[{"id":"100","nombre":"Niega","txt":null}],"patologicos":[{"id":"4","nombre":"Asma","txt":null},{"id":"8","nombre":"Otros","txt":"Consumo de quemadores de grasa"}],"quirurgico":"","padres":"Niega","abuelos":"Niega","hermanos":"Niega","conyugue":"Niega","persona_responsable":".","celular_responsble":".","tlf_casa_paciente":"."})) {"userId":1367,"exception":"[object] (Illuminate\\Database\\QueryException(code: 22018): SQLSTATE[22018]: [Microsoft][ODBC Driver 17 for SQL Server][SQL Server]Conversion failed when converting the nvarchar value '9.' to data type int. (Connection: sqlsrv, SQL: insert into [afiliados] ([dni], [nombres], [ape_paterno], [ape_materno], [direccion], [telf1], [telf2], [manejodatos], [hoja_filiacion]) values (46508510, JHONATAN CESAR, BALDOCEDA, CAJACURI, ., 9., , 1, {\"NombreContratante\":\"-1\",\"codigo_afi\":\"\",\"etnia\":\"\",\"idioma\":\"\",\"religion\":\".\",\"email\":\"B@s\",\"estadocivil\":\"soltero(a)\",\"gradoinstitucion\":\".\",\"ocupacion\":\".\",\"procedencia\":\".\",\"no_patologico\":[{\"id\":\"100\",\"nombre\":\"Niega\",\"txt\":null}],\"patologicos\":[{\"id\":\"4\",\"nombre\":\"Asma\",\"txt\":null},{\"id\":\"8\",\"nombre\":\"Otros\",\"txt\":\"Consumo de quemadores de grasa\"}],\"quirurgico\":\"\",\"padres\":\"Niega\",\"abuelos\":\"Niega\",\"hermanos\":\"Niega\",\"conyugue\":\"Niega\",\"persona_responsable\":\".\",\"celular_responsble\":\".\",\"tlf_casa_paciente\":\".\"})) at C:\\Eureka\\htdocs\\sanna\\services\\vendor\\laravel\\framework\\src\\Illuminate\\Database\\Connection.php:829)
[stacktrace]
#0 C:\\Eureka\\htdocs\\sanna\\services\\vendor\\laravel\\framework\\src\\Illuminate\\Database\\Connection.php(783): Illuminate\\Database\\Connection->runQueryCallback()
#1 C:\\Eureka\\htdocs\\sanna\\services\\vendor\\laravel\\framework\\src\\Illuminate\\Database\\Connection.php(576): Illuminate\\Database\\Connection->run()
#2 C:\\Eureka\\htdocs\\sanna\\services\\vendor\\laravel\\framework\\src\\Illuminate\\Database\\Connection.php(540): Illuminate\\Database\\Connection->statement()
#3 C:\\Eureka\\htdocs\\sanna\\services\\vendor\\laravel\\framework\\src\\Illuminate\\Database\\Query\\Builder.php(3456): Illuminate\\Database\\Connection->insert()
#4 C:\\Eureka\\htdocs\\sanna\\services\\vendor\\laravel\\framework\\src\\Illuminate\\Database\\Query\\Builder.php(3596): Illuminate\\Database\\Query\\Builder->insert()
#5 C:\\Eureka\\htdocs\\sanna\\services\\app\\Http\\Controllers\\RegistroatencionController.php(662): Illuminate\\Database\\Query\\Builder->updateOrInsert()
#6 C:\\Eureka\\htdocs\\sanna\\services\\vendor\\laravel\\framework\\src\\Illuminate\\Routing\\Controller.php(54): App\\Http\\Controllers\\RegistroatencionController->generarHistoriaClinica()
#7 C:\\Eureka\\htdocs\\sanna\\services\\vendor\\laravel\\framework\\src\\Illuminate\\Routing\\ControllerDispatcher.php(43): Illuminate\\Routing\\Controller->callAction()
#8 C:\\Eureka\\htdocs\\sanna\\services\\vendor\\laravel\\framework\\src\\Illuminate\\Routing\\Route.php(259): Illuminate\\Routing\\ControllerDispatcher->dispatch()
#9 C:\\Eureka\\htdocs\\sanna\\services\\vendor\\laravel\\framework\\src\\Illuminate\\Routing\\Route.php(205): Illuminate\\Routing\\Route->runController()
#10 C:\\Eureka\\htdocs\\sanna\\services\\vendor\\laravel\\framework\\src\\Illuminate\\Routing\\Router.php(806): Illuminate\\Routing\\Route->run()
#11 C:\\Eureka\\htdocs\\sanna\\services\\vendor\\laravel\\framework\\src\\Illuminate\\Pipeline\\Pipeline.php(144): Illuminate\\Routing\\Router->Illuminate\\Routing\\{closure}()
#12 C:\\Eureka\\htdocs\\sanna\\services\\app\\Http\\Middleware\\ValidarToken.php(32): Illuminate\\Pipeline\\Pipeline->Illuminate\\Pipeline\\{closure}()
#13 C:\\Eureka\\htdocs\\sanna\\services\\vendor\\laravel\\framework\\src\\Illuminate\\Pipeline\\Pipeline.php(183): App\\Http\\Middleware\\ValidarToken->handle()
#14 C:\\Eureka\\htdocs\\sanna\\services\\vendor\\laravel\\framework\\src\\Illuminate\\Routing\\Middleware\\SubstituteBindings.php(50): Illuminate\\Pipeline\\Pipeline->Illuminate\\Pipeline\\{closure}()
#15 C:\\Eureka\\htdocs\\sanna\\services\\vendor\\laravel\\framework\\src\\Illuminate\\Pipeline\\Pipeline.php(183): Illuminate\\Routing\\Middleware\\SubstituteBindings->handle()
#16 C:\\Eureka\\htdocs\\sanna\\services\\vendor\\laravel\\framework\\src\\Illuminate\\Routing\\Middleware\\ThrottleRequests.php(159): Illuminate\\Pipeline\\Pipeline->Illuminate\\Pipeline\\{closure}()
#17 C:\\Eureka\\htdocs\\sanna\\services\\vendor\\laravel\\framework\\src\\Illuminate\\Routing\\Middleware\\ThrottleRequests.php(125): Illuminate\\Routing\\Middleware\\ThrottleRequests->handleRequest()
#18 C:\\Eureka\\htdocs\\sanna\\services\\vendor\\laravel\\framework\\src\\Illuminate\\Routing\\Middleware\\ThrottleRequests.php(87): Illuminate\\Routing\\Middleware\\ThrottleRequests->handleRequestUsingNamedLimiter()
#19 C:\\Eureka\\htdocs\\sanna\\services\\vendor\\laravel\\framework\\src\\Illuminate\\Pipeline\\Pipeline.php(183): Illuminate\\Routing\\Middleware\\ThrottleRequests->handle()
#20 C:\\Eureka\\htdocs\\sanna\\services\\vendor\\laravel\\framework\\src\\Illuminate\\Pipeline\\Pipeline.php(119): Illuminate\\Pipeline\\Pipeline->Illuminate\\Pipeline\\{closure}()
#21 C:\\Eureka\\htdocs\\sanna\\services\\vendor\\laravel\\framework\\src\\Illuminate\\Routing\\Router.php(805): Illuminate\\Pipeline\\Pipeline->then()
#22 C:\\Eureka\\htdocs\\sanna\\services\\vendor\\laravel\\framework\\src\\Illuminate\\Routing\\Router.php(784): Illuminate\\Routing\\Router->runRouteWithinStack()
#23 C:\\Eureka\\htdocs\\sanna\\services\\vendor\\laravel\\framework\\src\\Illuminate\\Routing\\Router.php(748): Illuminate\\Routing\\Router->runRoute()
#24 C:\\Eureka\\htdocs\\sanna\\services\\vendor\\laravel\\framework\\src\\Illuminate\\Routing\\Router.php(737): Illuminate\\Routing\\Router->dispatchToRoute()
#25 C:\\Eureka\\htdocs\\sanna\\services\\vendor\\laravel\\framework\\src\\Illuminate\\Foundation\\Http\\Kernel.php(200): Illuminate\\Routing\\Router->dispatch()
#26 C:\\Eureka\\htdocs\\sanna\\services\\vendor\\laravel\\framework\\src\\Illuminate\\Pipeline\\Pipeline.php(144): Illuminate\\Foundation\\Http\\Kernel->Illuminate\\Foundation\\Http\\{closure}()
#27 C:\\Eureka\\htdocs\\sanna\\services\\vendor\\laravel\\framework\\src\\Illuminate\\Foundation\\Http\\Middleware\\TransformsRequest.php(21): Illuminate\\Pipeline\\Pipeline->Illuminate\\Pipeline\\{closure}()
#28 C:\\Eureka\\htdocs\\sanna\\services\\vendor\\laravel\\framework\\src\\Illuminate\\Foundation\\Http\\Middleware\\ConvertEmptyStringsToNull.php(31): Illuminate\\Foundation\\Http\\Middleware\\TransformsRequest->handle()
#29 C:\\Eureka\\htdocs\\sanna\\services\\vendor\\laravel\\framework\\src\\Illuminate\\Pipeline\\Pipeline.php(183): Illuminate\\Foundation\\Http\\Middleware\\ConvertEmptyStringsToNull->handle()
#30 C:\\Eureka\\htdocs\\sanna\\services\\vendor\\laravel\\framework\\src\\Illuminate\\Foundation\\Http\\Middleware\\TransformsRequest.php(21): Illuminate\\Pipeline\\Pipeline->Illuminate\\Pipeline\\{closure}()
#31 C:\\Eureka\\htdocs\\sanna\\services\\vendor\\laravel\\framework\\src\\Illuminate\\Foundation\\Http\\Middleware\\TrimStrings.php(40): Illuminate\\Foundation\\Http\\Middleware\\TransformsRequest->handle()
#32 C:\\Eureka\\htdocs\\sanna\\services\\vendor\\laravel\\framework\\src\\Illuminate\\Pipeline\\Pipeline.php(183): Illuminate\\Foundation\\Http\\Middleware\\TrimStrings->handle()
#33 C:\\Eureka\\htdocs\\sanna\\services\\vendor\\laravel\\framework\\src\\Illuminate\\Foundation\\Http\\Middleware\\ValidatePostSize.php(27): Illuminate\\Pipeline\\Pipeline->Illuminate\\Pipeline\\{closure}()
#34 C:\\Eureka\\htdocs\\sanna\\services\\vendor\\laravel\\framework\\src\\Illuminate\\Pipeline\\Pipeline.php(183): Illuminate\\Foundation\\Http\\Middleware\\ValidatePostSize->handle()
#35 C:\\Eureka\\htdocs\\sanna\\services\\vendor\\laravel\\framework\\src\\Illuminate\\Foundation\\Http\\Middleware\\PreventRequestsDuringMaintenance.php(99): Illuminate\\Pipeline\\Pipeline->Illuminate\\Pipeline\\{closure}()
#36 C:\\Eureka\\htdocs\\sanna\\services\\vendor\\laravel\\framework\\src\\Illuminate\\Pipeline\\Pipeline.php(183): Illuminate\\Foundation\\Http\\Middleware\\PreventRequestsDuringMaintenance->handle()
#37 C:\\Eureka\\htdocs\\sanna\\services\\vendor\\laravel\\framework\\src\\Illuminate\\Http\\Middleware\\HandleCors.php(62): Illuminate\\Pipeline\\Pipeline->Illuminate\\Pipeline\\{closure}()
#38 C:\\Eureka\\htdocs\\sanna\\services\\vendor\\laravel\\framework\\src\\Illuminate\\Pipeline\\Pipeline.php(183): Illuminate\\Http\\Middleware\\HandleCors->handle()
#39 C:\\Eureka\\htdocs\\sanna\\services\\vendor\\laravel\\framework\\src\\Illuminate\\Http\\Middleware\\TrustProxies.php(39): Illuminate\\Pipeline\\Pipeline->Illuminate\\Pipeline\\{closure}()
#40 C:\\Eureka\\htdocs\\sanna\\services\\vendor\\laravel\\framework\\src\\Illuminate\\Pipeline\\Pipeline.php(183): Illuminate\\Http\\Middleware\\TrustProxies->handle()
#41 C:\\Eureka\\htdocs\\sanna\\services\\vendor\\laravel\\framework\\src\\Illuminate\\Pipeline\\Pipeline.php(119): Illuminate\\Pipeline\\Pipeline->Illuminate\\Pipeline\\{closure}()
#42 C:\\Eureka\\htdocs\\sanna\\services\\vendor\\laravel\\framework\\src\\Illuminate\\Foundation\\Http\\Kernel.php(175): Illuminate\\Pipeline\\Pipeline->then()
#43 C:\\Eureka\\htdocs\\sanna\\services\\vendor\\laravel\\framework\\src\\Illuminate\\Foundation\\Http\\Kernel.php(144): Illuminate\\Foundation\\Http\\Kernel->sendRequestThroughRouter()
#44 C:\\Eureka\\htdocs\\sanna\\services\\public\\index.php(54): Illuminate\\Foundation\\Http\\Kernel->handle()
#45 {main}

[previous exception] [object] (PDOException(code: 22018): SQLSTATE[22018]: [Microsoft][ODBC Driver 17 for SQL Server][SQL Server]Conversion failed when converting the nvarchar value '9.' to data type int. at C:\\Eureka\\htdocs\\sanna\\services\\vendor\\laravel\\framework\\src\\Illuminate\\Database\\Connection.php:587)
[stacktrace]
#0 C:\\Eureka\\htdocs\\sanna\\services\\vendor\\laravel\\framework\\src\\Illuminate\\Database\\Connection.php(587): PDOStatement->execute()
#1 C:\\Eureka\\htdocs\\sanna\\services\\vendor\\laravel\\framework\\src\\Illuminate\\Database\\Connection.php(816): Illuminate\\Database\\Connection->Illuminate\\Database\\{closure}()
#2 C:\\Eureka\\htdocs\\sanna\\services\\vendor\\laravel\\framework\\src\\Illuminate\\Database\\Connection.php(783): Illuminate\\Database\\Connection->runQueryCallback()
#3 C:\\Eureka\\htdocs\\sanna\\services\\vendor\\laravel\\framework\\src\\Illuminate\\Database\\Connection.php(576): Illuminate\\Database\\Connection->run()
#4 C:\\Eureka\\htdocs\\sanna\\services\\vendor\\laravel\\framework\\src\\Illuminate\\Database\\Connection.php(540): Illuminate\\Database\\Connection->statement()
#5 C:\\Eureka\\htdocs\\sanna\\services\\vendor\\laravel\\framework\\src\\Illuminate\\Database\\Query\\Builder.php(3456): Illuminate\\Database\\Connection->insert()
#6 C:\\Eureka\\htdocs\\sanna\\services\\vendor\\laravel\\framework\\src\\Illuminate\\Database\\Query\\Builder.php(3596): Illuminate\\Database\\Query\\Builder->insert()
#7 C:\\Eureka\\htdocs\\sanna\\services\\app\\Http\\Controllers\\RegistroatencionController.php(662): Illuminate\\Database\\Query\\Builder->updateOrInsert()
#8 C:\\Eureka\\htdocs\\sanna\\services\\vendor\\laravel\\framework\\src\\Illuminate\\Routing\\Controller.php(54): App\\Http\\Controllers\\RegistroatencionController->generarHistoriaClinica()
#9 C:\\Eureka\\htdocs\\sanna\\services\\vendor\\laravel\\framework\\src\\Illuminate\\Routing\\ControllerDispatcher.php(43): Illuminate\\Routing\\Controller->callAction()
#10 C:\\Eureka\\htdocs\\sanna\\services\\vendor\\laravel\\framework\\src\\Illuminate\\Routing\\Route.php(259): Illuminate\\Routing\\ControllerDispatcher->dispatch()
#11 C:\\Eureka\\htdocs\\sanna\\services\\vendor\\laravel\\framework\\src\\Illuminate\\Routing\\Route.php(205): Illuminate\\Routing\\Route->runController()
#12 C:\\Eureka\\htdocs\\sanna\\services\\vendor\\laravel\\framework\\src\\Illuminate\\Routing\\Router.php(806): Illuminate\\Routing\\Route->run()
#13 C:\\Eureka\\htdocs\\sanna\\services\\vendor\\laravel\\framework\\src\\Illuminate\\Pipeline\\Pipeline.php(144): Illuminate\\Routing\\Router->Illuminate\\Routing\\{closure}()
#14 C:\\Eureka\\htdocs\\sanna\\services\\app\\Http\\Middleware\\ValidarToken.php(32): Illuminate\\Pipeline\\Pipeline->Illuminate\\Pipeline\\{closure}()
#15 C:\\Eureka\\htdocs\\sanna\\services\\vendor\\laravel\\framework\\src\\Illuminate\\Pipeline\\Pipeline.php(183): App\\Http\\Middleware\\ValidarToken->handle()
#16 C:\\Eureka\\htdocs\\sanna\\services\\vendor\\laravel\\framework\\src\\Illuminate\\Routing\\Middleware\\SubstituteBindings.php(50): Illuminate\\Pipeline\\Pipeline->Illuminate\\Pipeline\\{closure}()
#17 C:\\Eureka\\htdocs\\sanna\\services\\vendor\\laravel\\framework\\src\\Illuminate\\Pipeline\\Pipeline.php(183): Illuminate\\Routing\\Middleware\\SubstituteBindings->handle()
#18 C:\\Eureka\\htdocs\\sanna\\services\\vendor\\laravel\\framework\\src\\Illuminate\\Routing\\Middleware\\ThrottleRequests.php(159): Illuminate\\Pipeline\\Pipeline->Illuminate\\Pipeline\\{closure}()
#19 C:\\Eureka\\htdocs\\sanna\\services\\vendor\\laravel\\framework\\src\\Illuminate\\Routing\\Middleware\\ThrottleRequests.php(125): Illuminate\\Routing\\Middleware\\ThrottleRequests->handleRequest()
#20 C:\\Eureka\\htdocs\\sanna\\services\\vendor\\laravel\\framework\\src\\Illuminate\\Routing\\Middleware\\ThrottleRequests.php(87): Illuminate\\Routing\\Middleware\\ThrottleRequests->handleRequestUsingNamedLimiter()
#21 C:\\Eureka\\htdocs\\sanna\\services\\vendor\\laravel\\framework\\src\\Illuminate\\Pipeline\\Pipeline.php(183): Illuminate\\Routing\\Middleware\\ThrottleRequests->handle()
#22 C:\\Eureka\\htdocs\\sanna\\services\\vendor\\laravel\\framework\\src\\Illuminate\\Pipeline\\Pipeline.php(119): Illuminate\\Pipeline\\Pipeline->Illuminate\\Pipeline\\{closure}()
#23 C:\\Eureka\\htdocs\\sanna\\services\\vendor\\laravel\\framework\\src\\Illuminate\\Routing\\Router.php(805): Illuminate\\Pipeline\\Pipeline->then()
#24 C:\\Eureka\\htdocs\\sanna\\services\\vendor\\laravel\\framework\\src\\Illuminate\\Routing\\Router.php(784): Illuminate\\Routing\\Router->runRouteWithinStack()
#25 C:\\Eureka\\htdocs\\sanna\\services\\vendor\\laravel\\framework\\src\\Illuminate\\Routing\\Router.php(748): Illuminate\\Routing\\Router->runRoute()
#26 C:\\Eureka\\htdocs\\sanna\\services\\vendor\\laravel\\framework\\src\\Illuminate\\Routing\\Router.php(737): Illuminate\\Routing\\Router->dispatchToRoute()
#27 C:\\Eureka\\htdocs\\sanna\\services\\vendor\\laravel\\framework\\src\\Illuminate\\Foundation\\Http\\Kernel.php(200): Illuminate\\Routing\\Router->dispatch()
#28 C:\\Eureka\\htdocs\\sanna\\services\\vendor\\laravel\\framework\\src\\Illuminate\\Pipeline\\Pipeline.php(144): Illuminate\\Foundation\\Http\\Kernel->Illuminate\\Foundation\\Http\\{closure}()
#29 C:\\Eureka\\htdocs\\sanna\\services\\vendor\\laravel\\framework\\src\\Illuminate\\Foundation\\Http\\Middleware\\TransformsRequest.php(21): Illuminate\\Pipeline\\Pipeline->Illuminate\\Pipeline\\{closure}()
#30 C:\\Eureka\\htdocs\\sanna\\services\\vendor\\laravel\\framework\\src\\Illuminate\\Foundation\\Http\\Middleware\\ConvertEmptyStringsToNull.php(31): Illuminate\\Foundation\\Http\\Middleware\\TransformsRequest->handle()
#31 C:\\Eureka\\htdocs\\sanna\\services\\vendor\\laravel\\framework\\src\\Illuminate\\Pipeline\\Pipeline.php(183): Illuminate\\Foundation\\Http\\Middleware\\ConvertEmptyStringsToNull->handle()
#32 C:\\Eureka\\htdocs\\sanna\\services\\vendor\\laravel\\framework\\src\\Illuminate\\Foundation\\Http\\Middleware\\TransformsRequest.php(21): Illuminate\\Pipeline\\Pipeline->Illuminate\\Pipeline\\{closure}()
#33 C:\\Eureka\\htdocs\\sanna\\services\\vendor\\laravel\\framework\\src\\Illuminate\\Foundation\\Http\\Middleware\\TrimStrings.php(40): Illuminate\\Foundation\\Http\\Middleware\\TransformsRequest->handle()
#34 C:\\Eureka\\htdocs\\sanna\\services\\vendor\\laravel\\framework\\src\\Illuminate\\Pipeline\\Pipeline.php(183): Illuminate\\Foundation\\Http\\Middleware\\TrimStrings->handle()
#35 C:\\Eureka\\htdocs\\sanna\\services\\vendor\\laravel\\framework\\src\\Illuminate\\Foundation\\Http\\Middleware\\ValidatePostSize.php(27): Illuminate\\Pipeline\\Pipeline->Illuminate\\Pipeline\\{closure}()
#36 C:\\Eureka\\htdocs\\sanna\\services\\vendor\\laravel\\framework\\src\\Illuminate\\Pipeline\\Pipeline.php(183): Illuminate\\Foundation\\Http\\Middleware\\ValidatePostSize->handle()
#37 C:\\Eureka\\htdocs\\sanna\\services\\vendor\\laravel\\framework\\src\\Illuminate\\Foundation\\Http\\Middleware\\PreventRequestsDuringMaintenance.php(99): Illuminate\\Pipeline\\Pipeline->Illuminate\\Pipeline\\{closure}()
#38 C:\\Eureka\\htdocs\\sanna\\services\\vendor\\laravel\\framework\\src\\Illuminate\\Pipeline\\Pipeline.php(183): Illuminate\\Foundation\\Http\\Middleware\\PreventRequestsDuringMaintenance->handle()
#39 C:\\Eureka\\htdocs\\sanna\\services\\vendor\\laravel\\framework\\src\\Illuminate\\Http\\Middleware\\HandleCors.php(62): Illuminate\\Pipeline\\Pipeline->Illuminate\\Pipeline\\{closure}()
#40 C:\\Eureka\\htdocs\\sanna\\services\\vendor\\laravel\\framework\\src\\Illuminate\\Pipeline\\Pipeline.php(183): Illuminate\\Http\\Middleware\\HandleCors->handle()
#41 C:\\Eureka\\htdocs\\sanna\\services\\vendor\\laravel\\framework\\src\\Illuminate\\Http\\Middleware\\TrustProxies.php(39): Illuminate\\Pipeline\\Pipeline->Illuminate\\Pipeline\\{closure}()
#42 C:\\Eureka\\htdocs\\sanna\\services\\vendor\\laravel\\framework\\src\\Illuminate\\Pipeline\\Pipeline.php(183): Illuminate\\Http\\Middleware\\TrustProxies->handle()
#43 C:\\Eureka\\htdocs\\sanna\\services\\vendor\\laravel\\framework\\src\\Illuminate\\Pipeline\\Pipeline.php(119): Illuminate\\Pipeline\\Pipeline->Illuminate\\Pipeline\\{closure}()
#44 C:\\Eureka\\htdocs\\sanna\\services\\vendor\\laravel\\framework\\src\\Illuminate\\Foundation\\Http\\Kernel.php(175): Illuminate\\Pipeline\\Pipeline->then()
#45 C:\\Eureka\\htdocs\\sanna\\services\\vendor\\laravel\\framework\\src\\Illuminate\\Foundation\\Http\\Kernel.php(144): Illuminate\\Foundation\\Http\\Kernel->sendRequestThroughRouter()
#46 C:\\Eureka\\htdocs\\sanna\\services\\public\\index.php(54): Illuminate\\Foundation\\Http\\Kernel->handle()
#47 {main}
"} 
[2025-07-08 14:15:04] local.ERROR: SQLSTATE[22018]: [Microsoft][ODBC Driver 17 for SQL Server][SQL Server]Conversion failed when converting the nvarchar value '9.' to data type int. (Connection: sqlsrv, SQL: insert into [afiliados] ([dni], [nombres], [ape_paterno], [ape_materno], [direccion], [telf1], [telf2], [manejodatos], [hoja_filiacion]) values (46508510, JHONATAN CESAR, BALDOCEDA, CAJACURI, ., 9., , 1, {"NombreContratante":"-1","codigo_afi":"","etnia":"","idioma":"","religion":".","email":"B@s","estadocivil":"soltero(a)","gradoinstitucion":".","ocupacion":".","procedencia":".","no_patologico":[{"id":"100","nombre":"Niega","txt":null}],"patologicos":[{"id":"4","nombre":"Asma","txt":null},{"id":"8","nombre":"Otros","txt":"Consumo de quemadores de grasa"}],"quirurgico":"","padres":"Niega","abuelos":"Niega","hermanos":"Niega","conyugue":"Niega","persona_responsable":".","celular_responsble":".","tlf_casa_paciente":"."})) {"userId":1367,"exception":"[object] (Illuminate\\Database\\QueryException(code: 22018): SQLSTATE[22018]: [Microsoft][ODBC Driver 17 for SQL Server][SQL Server]Conversion failed when converting the nvarchar value '9.' to data type int. (Connection: sqlsrv, SQL: insert into [afiliados] ([dni], [nombres], [ape_paterno], [ape_materno], [direccion], [telf1], [telf2], [manejodatos], [hoja_filiacion]) values (46508510, JHONATAN CESAR, BALDOCEDA, CAJACURI, ., 9., , 1, {\"NombreContratante\":\"-1\",\"codigo_afi\":\"\",\"etnia\":\"\",\"idioma\":\"\",\"religion\":\".\",\"email\":\"B@s\",\"estadocivil\":\"soltero(a)\",\"gradoinstitucion\":\".\",\"ocupacion\":\".\",\"procedencia\":\".\",\"no_patologico\":[{\"id\":\"100\",\"nombre\":\"Niega\",\"txt\":null}],\"patologicos\":[{\"id\":\"4\",\"nombre\":\"Asma\",\"txt\":null},{\"id\":\"8\",\"nombre\":\"Otros\",\"txt\":\"Consumo de quemadores de grasa\"}],\"quirurgico\":\"\",\"padres\":\"Niega\",\"abuelos\":\"Niega\",\"hermanos\":\"Niega\",\"conyugue\":\"Niega\",\"persona_responsable\":\".\",\"celular_responsble\":\".\",\"tlf_casa_paciente\":\".\"})) at C:\\Eureka\\htdocs\\sanna\\services\\vendor\\laravel\\framework\\src\\Illuminate\\Database\\Connection.php:829)
[stacktrace]
#0 C:\\Eureka\\htdocs\\sanna\\services\\vendor\\laravel\\framework\\src\\Illuminate\\Database\\Connection.php(783): Illuminate\\Database\\Connection->runQueryCallback()
#1 C:\\Eureka\\htdocs\\sanna\\services\\vendor\\laravel\\framework\\src\\Illuminate\\Database\\Connection.php(576): Illuminate\\Database\\Connection->run()
#2 C:\\Eureka\\htdocs\\sanna\\services\\vendor\\laravel\\framework\\src\\Illuminate\\Database\\Connection.php(540): Illuminate\\Database\\Connection->statement()
#3 C:\\Eureka\\htdocs\\sanna\\services\\vendor\\laravel\\framework\\src\\Illuminate\\Database\\Query\\Builder.php(3456): Illuminate\\Database\\Connection->insert()
#4 C:\\Eureka\\htdocs\\sanna\\services\\vendor\\laravel\\framework\\src\\Illuminate\\Database\\Query\\Builder.php(3596): Illuminate\\Database\\Query\\Builder->insert()
#5 C:\\Eureka\\htdocs\\sanna\\services\\app\\Http\\Controllers\\RegistroatencionController.php(662): Illuminate\\Database\\Query\\Builder->updateOrInsert()
#6 C:\\Eureka\\htdocs\\sanna\\services\\vendor\\laravel\\framework\\src\\Illuminate\\Routing\\Controller.php(54): App\\Http\\Controllers\\RegistroatencionController->generarHistoriaClinica()
#7 C:\\Eureka\\htdocs\\sanna\\services\\vendor\\laravel\\framework\\src\\Illuminate\\Routing\\ControllerDispatcher.php(43): Illuminate\\Routing\\Controller->callAction()
#8 C:\\Eureka\\htdocs\\sanna\\services\\vendor\\laravel\\framework\\src\\Illuminate\\Routing\\Route.php(259): Illuminate\\Routing\\ControllerDispatcher->dispatch()
#9 C:\\Eureka\\htdocs\\sanna\\services\\vendor\\laravel\\framework\\src\\Illuminate\\Routing\\Route.php(205): Illuminate\\Routing\\Route->runController()
#10 C:\\Eureka\\htdocs\\sanna\\services\\vendor\\laravel\\framework\\src\\Illuminate\\Routing\\Router.php(806): Illuminate\\Routing\\Route->run()
#11 C:\\Eureka\\htdocs\\sanna\\services\\vendor\\laravel\\framework\\src\\Illuminate\\Pipeline\\Pipeline.php(144): Illuminate\\Routing\\Router->Illuminate\\Routing\\{closure}()
#12 C:\\Eureka\\htdocs\\sanna\\services\\app\\Http\\Middleware\\ValidarToken.php(32): Illuminate\\Pipeline\\Pipeline->Illuminate\\Pipeline\\{closure}()
#13 C:\\Eureka\\htdocs\\sanna\\services\\vendor\\laravel\\framework\\src\\Illuminate\\Pipeline\\Pipeline.php(183): App\\Http\\Middleware\\ValidarToken->handle()
#14 C:\\Eureka\\htdocs\\sanna\\services\\vendor\\laravel\\framework\\src\\Illuminate\\Routing\\Middleware\\SubstituteBindings.php(50): Illuminate\\Pipeline\\Pipeline->Illuminate\\Pipeline\\{closure}()
#15 C:\\Eureka\\htdocs\\sanna\\services\\vendor\\laravel\\framework\\src\\Illuminate\\Pipeline\\Pipeline.php(183): Illuminate\\Routing\\Middleware\\SubstituteBindings->handle()
#16 C:\\Eureka\\htdocs\\sanna\\services\\vendor\\laravel\\framework\\src\\Illuminate\\Routing\\Middleware\\ThrottleRequests.php(159): Illuminate\\Pipeline\\Pipeline->Illuminate\\Pipeline\\{closure}()
#17 C:\\Eureka\\htdocs\\sanna\\services\\vendor\\laravel\\framework\\src\\Illuminate\\Routing\\Middleware\\ThrottleRequests.php(125): Illuminate\\Routing\\Middleware\\ThrottleRequests->handleRequest()
#18 C:\\Eureka\\htdocs\\sanna\\services\\vendor\\laravel\\framework\\src\\Illuminate\\Routing\\Middleware\\ThrottleRequests.php(87): Illuminate\\Routing\\Middleware\\ThrottleRequests->handleRequestUsingNamedLimiter()
#19 C:\\Eureka\\htdocs\\sanna\\services\\vendor\\laravel\\framework\\src\\Illuminate\\Pipeline\\Pipeline.php(183): Illuminate\\Routing\\Middleware\\ThrottleRequests->handle()
#20 C:\\Eureka\\htdocs\\sanna\\services\\vendor\\laravel\\framework\\src\\Illuminate\\Pipeline\\Pipeline.php(119): Illuminate\\Pipeline\\Pipeline->Illuminate\\Pipeline\\{closure}()
#21 C:\\Eureka\\htdocs\\sanna\\services\\vendor\\laravel\\framework\\src\\Illuminate\\Routing\\Router.php(805): Illuminate\\Pipeline\\Pipeline->then()
#22 C:\\Eureka\\htdocs\\sanna\\services\\vendor\\laravel\\framework\\src\\Illuminate\\Routing\\Router.php(784): Illuminate\\Routing\\Router->runRouteWithinStack()
#23 C:\\Eureka\\htdocs\\sanna\\services\\vendor\\laravel\\framework\\src\\Illuminate\\Routing\\Router.php(748): Illuminate\\Routing\\Router->runRoute()
#24 C:\\Eureka\\htdocs\\sanna\\services\\vendor\\laravel\\framework\\src\\Illuminate\\Routing\\Router.php(737): Illuminate\\Routing\\Router->dispatchToRoute()
#25 C:\\Eureka\\htdocs\\sanna\\services\\vendor\\laravel\\framework\\src\\Illuminate\\Foundation\\Http\\Kernel.php(200): Illuminate\\Routing\\Router->dispatch()
#26 C:\\Eureka\\htdocs\\sanna\\services\\vendor\\laravel\\framework\\src\\Illuminate\\Pipeline\\Pipeline.php(144): Illuminate\\Foundation\\Http\\Kernel->Illuminate\\Foundation\\Http\\{closure}()
#27 C:\\Eureka\\htdocs\\sanna\\services\\vendor\\laravel\\framework\\src\\Illuminate\\Foundation\\Http\\Middleware\\TransformsRequest.php(21): Illuminate\\Pipeline\\Pipeline->Illuminate\\Pipeline\\{closure}()
#28 C:\\Eureka\\htdocs\\sanna\\services\\vendor\\laravel\\framework\\src\\Illuminate\\Foundation\\Http\\Middleware\\ConvertEmptyStringsToNull.php(31): Illuminate\\Foundation\\Http\\Middleware\\TransformsRequest->handle()
#29 C:\\Eureka\\htdocs\\sanna\\services\\vendor\\laravel\\framework\\src\\Illuminate\\Pipeline\\Pipeline.php(183): Illuminate\\Foundation\\Http\\Middleware\\ConvertEmptyStringsToNull->handle()
#30 C:\\Eureka\\htdocs\\sanna\\services\\vendor\\laravel\\framework\\src\\Illuminate\\Foundation\\Http\\Middleware\\TransformsRequest.php(21): Illuminate\\Pipeline\\Pipeline->Illuminate\\Pipeline\\{closure}()
#31 C:\\Eureka\\htdocs\\sanna\\services\\vendor\\laravel\\framework\\src\\Illuminate\\Foundation\\Http\\Middleware\\TrimStrings.php(40): Illuminate\\Foundation\\Http\\Middleware\\TransformsRequest->handle()
#32 C:\\Eureka\\htdocs\\sanna\\services\\vendor\\laravel\\framework\\src\\Illuminate\\Pipeline\\Pipeline.php(183): Illuminate\\Foundation\\Http\\Middleware\\TrimStrings->handle()
#33 C:\\Eureka\\htdocs\\sanna\\services\\vendor\\laravel\\framework\\src\\Illuminate\\Foundation\\Http\\Middleware\\ValidatePostSize.php(27): Illuminate\\Pipeline\\Pipeline->Illuminate\\Pipeline\\{closure}()
#34 C:\\Eureka\\htdocs\\sanna\\services\\vendor\\laravel\\framework\\src\\Illuminate\\Pipeline\\Pipeline.php(183): Illuminate\\Foundation\\Http\\Middleware\\ValidatePostSize->handle()
#35 C:\\Eureka\\htdocs\\sanna\\services\\vendor\\laravel\\framework\\src\\Illuminate\\Foundation\\Http\\Middleware\\PreventRequestsDuringMaintenance.php(99): Illuminate\\Pipeline\\Pipeline->Illuminate\\Pipeline\\{closure}()
#36 C:\\Eureka\\htdocs\\sanna\\services\\vendor\\laravel\\framework\\src\\Illuminate\\Pipeline\\Pipeline.php(183): Illuminate\\Foundation\\Http\\Middleware\\PreventRequestsDuringMaintenance->handle()
#37 C:\\Eureka\\htdocs\\sanna\\services\\vendor\\laravel\\framework\\src\\Illuminate\\Http\\Middleware\\HandleCors.php(62): Illuminate\\Pipeline\\Pipeline->Illuminate\\Pipeline\\{closure}()
#38 C:\\Eureka\\htdocs\\sanna\\services\\vendor\\laravel\\framework\\src\\Illuminate\\Pipeline\\Pipeline.php(183): Illuminate\\Http\\Middleware\\HandleCors->handle()
#39 C:\\Eureka\\htdocs\\sanna\\services\\vendor\\laravel\\framework\\src\\Illuminate\\Http\\Middleware\\TrustProxies.php(39): Illuminate\\Pipeline\\Pipeline->Illuminate\\Pipeline\\{closure}()
#40 C:\\Eureka\\htdocs\\sanna\\services\\vendor\\laravel\\framework\\src\\Illuminate\\Pipeline\\Pipeline.php(183): Illuminate\\Http\\Middleware\\TrustProxies->handle()
#41 C:\\Eureka\\htdocs\\sanna\\services\\vendor\\laravel\\framework\\src\\Illuminate\\Pipeline\\Pipeline.php(119): Illuminate\\Pipeline\\Pipeline->Illuminate\\Pipeline\\{closure}()
#42 C:\\Eureka\\htdocs\\sanna\\services\\vendor\\laravel\\framework\\src\\Illuminate\\Foundation\\Http\\Kernel.php(175): Illuminate\\Pipeline\\Pipeline->then()
#43 C:\\Eureka\\htdocs\\sanna\\services\\vendor\\laravel\\framework\\src\\Illuminate\\Foundation\\Http\\Kernel.php(144): Illuminate\\Foundation\\Http\\Kernel->sendRequestThroughRouter()
#44 C:\\Eureka\\htdocs\\sanna\\services\\public\\index.php(54): Illuminate\\Foundation\\Http\\Kernel->handle()
#45 {main}

[previous exception] [object] (PDOException(code: 22018): SQLSTATE[22018]: [Microsoft][ODBC Driver 17 for SQL Server][SQL Server]Conversion failed when converting the nvarchar value '9.' to data type int. at C:\\Eureka\\htdocs\\sanna\\services\\vendor\\laravel\\framework\\src\\Illuminate\\Database\\Connection.php:587)
[stacktrace]
#0 C:\\Eureka\\htdocs\\sanna\\services\\vendor\\laravel\\framework\\src\\Illuminate\\Database\\Connection.php(587): PDOStatement->execute()
#1 C:\\Eureka\\htdocs\\sanna\\services\\vendor\\laravel\\framework\\src\\Illuminate\\Database\\Connection.php(816): Illuminate\\Database\\Connection->Illuminate\\Database\\{closure}()
#2 C:\\Eureka\\htdocs\\sanna\\services\\vendor\\laravel\\framework\\src\\Illuminate\\Database\\Connection.php(783): Illuminate\\Database\\Connection->runQueryCallback()
#3 C:\\Eureka\\htdocs\\sanna\\services\\vendor\\laravel\\framework\\src\\Illuminate\\Database\\Connection.php(576): Illuminate\\Database\\Connection->run()
#4 C:\\Eureka\\htdocs\\sanna\\services\\vendor\\laravel\\framework\\src\\Illuminate\\Database\\Connection.php(540): Illuminate\\Database\\Connection->statement()
#5 C:\\Eureka\\htdocs\\sanna\\services\\vendor\\laravel\\framework\\src\\Illuminate\\Database\\Query\\Builder.php(3456): Illuminate\\Database\\Connection->insert()
#6 C:\\Eureka\\htdocs\\sanna\\services\\vendor\\laravel\\framework\\src\\Illuminate\\Database\\Query\\Builder.php(3596): Illuminate\\Database\\Query\\Builder->insert()
#7 C:\\Eureka\\htdocs\\sanna\\services\\app\\Http\\Controllers\\RegistroatencionController.php(662): Illuminate\\Database\\Query\\Builder->updateOrInsert()
#8 C:\\Eureka\\htdocs\\sanna\\services\\vendor\\laravel\\framework\\src\\Illuminate\\Routing\\Controller.php(54): App\\Http\\Controllers\\RegistroatencionController->generarHistoriaClinica()
#9 C:\\Eureka\\htdocs\\sanna\\services\\vendor\\laravel\\framework\\src\\Illuminate\\Routing\\ControllerDispatcher.php(43): Illuminate\\Routing\\Controller->callAction()
#10 C:\\Eureka\\htdocs\\sanna\\services\\vendor\\laravel\\framework\\src\\Illuminate\\Routing\\Route.php(259): Illuminate\\Routing\\ControllerDispatcher->dispatch()
#11 C:\\Eureka\\htdocs\\sanna\\services\\vendor\\laravel\\framework\\src\\Illuminate\\Routing\\Route.php(205): Illuminate\\Routing\\Route->runController()
#12 C:\\Eureka\\htdocs\\sanna\\services\\vendor\\laravel\\framework\\src\\Illuminate\\Routing\\Router.php(806): Illuminate\\Routing\\Route->run()
#13 C:\\Eureka\\htdocs\\sanna\\services\\vendor\\laravel\\framework\\src\\Illuminate\\Pipeline\\Pipeline.php(144): Illuminate\\Routing\\Router->Illuminate\\Routing\\{closure}()
#14 C:\\Eureka\\htdocs\\sanna\\services\\app\\Http\\Middleware\\ValidarToken.php(32): Illuminate\\Pipeline\\Pipeline->Illuminate\\Pipeline\\{closure}()
#15 C:\\Eureka\\htdocs\\sanna\\services\\vendor\\laravel\\framework\\src\\Illuminate\\Pipeline\\Pipeline.php(183): App\\Http\\Middleware\\ValidarToken->handle()
#16 C:\\Eureka\\htdocs\\sanna\\services\\vendor\\laravel\\framework\\src\\Illuminate\\Routing\\Middleware\\SubstituteBindings.php(50): Illuminate\\Pipeline\\Pipeline->Illuminate\\Pipeline\\{closure}()
#17 C:\\Eureka\\htdocs\\sanna\\services\\vendor\\laravel\\framework\\src\\Illuminate\\Pipeline\\Pipeline.php(183): Illuminate\\Routing\\Middleware\\SubstituteBindings->handle()
#18 C:\\Eureka\\htdocs\\sanna\\services\\vendor\\laravel\\framework\\src\\Illuminate\\Routing\\Middleware\\ThrottleRequests.php(159): Illuminate\\Pipeline\\Pipeline->Illuminate\\Pipeline\\{closure}()
#19 C:\\Eureka\\htdocs\\sanna\\services\\vendor\\laravel\\framework\\src\\Illuminate\\Routing\\Middleware\\ThrottleRequests.php(125): Illuminate\\Routing\\Middleware\\ThrottleRequests->handleRequest()
#20 C:\\Eureka\\htdocs\\sanna\\services\\vendor\\laravel\\framework\\src\\Illuminate\\Routing\\Middleware\\ThrottleRequests.php(87): Illuminate\\Routing\\Middleware\\ThrottleRequests->handleRequestUsingNamedLimiter()
#21 C:\\Eureka\\htdocs\\sanna\\services\\vendor\\laravel\\framework\\src\\Illuminate\\Pipeline\\Pipeline.php(183): Illuminate\\Routing\\Middleware\\ThrottleRequests->handle()
#22 C:\\Eureka\\htdocs\\sanna\\services\\vendor\\laravel\\framework\\src\\Illuminate\\Pipeline\\Pipeline.php(119): Illuminate\\Pipeline\\Pipeline->Illuminate\\Pipeline\\{closure}()
#23 C:\\Eureka\\htdocs\\sanna\\services\\vendor\\laravel\\framework\\src\\Illuminate\\Routing\\Router.php(805): Illuminate\\Pipeline\\Pipeline->then()
#24 C:\\Eureka\\htdocs\\sanna\\services\\vendor\\laravel\\framework\\src\\Illuminate\\Routing\\Router.php(784): Illuminate\\Routing\\Router->runRouteWithinStack()
#25 C:\\Eureka\\htdocs\\sanna\\services\\vendor\\laravel\\framework\\src\\Illuminate\\Routing\\Router.php(748): Illuminate\\Routing\\Router->runRoute()
#26 C:\\Eureka\\htdocs\\sanna\\services\\vendor\\laravel\\framework\\src\\Illuminate\\Routing\\Router.php(737): Illuminate\\Routing\\Router->dispatchToRoute()
#27 C:\\Eureka\\htdocs\\sanna\\services\\vendor\\laravel\\framework\\src\\Illuminate\\Foundation\\Http\\Kernel.php(200): Illuminate\\Routing\\Router->dispatch()
#28 C:\\Eureka\\htdocs\\sanna\\services\\vendor\\laravel\\framework\\src\\Illuminate\\Pipeline\\Pipeline.php(144): Illuminate\\Foundation\\Http\\Kernel->Illuminate\\Foundation\\Http\\{closure}()
#29 C:\\Eureka\\htdocs\\sanna\\services\\vendor\\laravel\\framework\\src\\Illuminate\\Foundation\\Http\\Middleware\\TransformsRequest.php(21): Illuminate\\Pipeline\\Pipeline->Illuminate\\Pipeline\\{closure}()
#30 C:\\Eureka\\htdocs\\sanna\\services\\vendor\\laravel\\framework\\src\\Illuminate\\Foundation\\Http\\Middleware\\ConvertEmptyStringsToNull.php(31): Illuminate\\Foundation\\Http\\Middleware\\TransformsRequest->handle()
#31 C:\\Eureka\\htdocs\\sanna\\services\\vendor\\laravel\\framework\\src\\Illuminate\\Pipeline\\Pipeline.php(183): Illuminate\\Foundation\\Http\\Middleware\\ConvertEmptyStringsToNull->handle()
#32 C:\\Eureka\\htdocs\\sanna\\services\\vendor\\laravel\\framework\\src\\Illuminate\\Foundation\\Http\\Middleware\\TransformsRequest.php(21): Illuminate\\Pipeline\\Pipeline->Illuminate\\Pipeline\\{closure}()
#33 C:\\Eureka\\htdocs\\sanna\\services\\vendor\\laravel\\framework\\src\\Illuminate\\Foundation\\Http\\Middleware\\TrimStrings.php(40): Illuminate\\Foundation\\Http\\Middleware\\TransformsRequest->handle()
#34 C:\\Eureka\\htdocs\\sanna\\services\\vendor\\laravel\\framework\\src\\Illuminate\\Pipeline\\Pipeline.php(183): Illuminate\\Foundation\\Http\\Middleware\\TrimStrings->handle()
#35 C:\\Eureka\\htdocs\\sanna\\services\\vendor\\laravel\\framework\\src\\Illuminate\\Foundation\\Http\\Middleware\\ValidatePostSize.php(27): Illuminate\\Pipeline\\Pipeline->Illuminate\\Pipeline\\{closure}()
#36 C:\\Eureka\\htdocs\\sanna\\services\\vendor\\laravel\\framework\\src\\Illuminate\\Pipeline\\Pipeline.php(183): Illuminate\\Foundation\\Http\\Middleware\\ValidatePostSize->handle()
#37 C:\\Eureka\\htdocs\\sanna\\services\\vendor\\laravel\\framework\\src\\Illuminate\\Foundation\\Http\\Middleware\\PreventRequestsDuringMaintenance.php(99): Illuminate\\Pipeline\\Pipeline->Illuminate\\Pipeline\\{closure}()
#38 C:\\Eureka\\htdocs\\sanna\\services\\vendor\\laravel\\framework\\src\\Illuminate\\Pipeline\\Pipeline.php(183): Illuminate\\Foundation\\Http\\Middleware\\PreventRequestsDuringMaintenance->handle()
#39 C:\\Eureka\\htdocs\\sanna\\services\\vendor\\laravel\\framework\\src\\Illuminate\\Http\\Middleware\\HandleCors.php(62): Illuminate\\Pipeline\\Pipeline->Illuminate\\Pipeline\\{closure}()
#40 C:\\Eureka\\htdocs\\sanna\\services\\vendor\\laravel\\framework\\src\\Illuminate\\Pipeline\\Pipeline.php(183): Illuminate\\Http\\Middleware\\HandleCors->handle()
#41 C:\\Eureka\\htdocs\\sanna\\services\\vendor\\laravel\\framework\\src\\Illuminate\\Http\\Middleware\\TrustProxies.php(39): Illuminate\\Pipeline\\Pipeline->Illuminate\\Pipeline\\{closure}()
#42 C:\\Eureka\\htdocs\\sanna\\services\\vendor\\laravel\\framework\\src\\Illuminate\\Pipeline\\Pipeline.php(183): Illuminate\\Http\\Middleware\\TrustProxies->handle()
#43 C:\\Eureka\\htdocs\\sanna\\services\\vendor\\laravel\\framework\\src\\Illuminate\\Pipeline\\Pipeline.php(119): Illuminate\\Pipeline\\Pipeline->Illuminate\\Pipeline\\{closure}()
#44 C:\\Eureka\\htdocs\\sanna\\services\\vendor\\laravel\\framework\\src\\Illuminate\\Foundation\\Http\\Kernel.php(175): Illuminate\\Pipeline\\Pipeline->then()
#45 C:\\Eureka\\htdocs\\sanna\\services\\vendor\\laravel\\framework\\src\\Illuminate\\Foundation\\Http\\Kernel.php(144): Illuminate\\Foundation\\Http\\Kernel->sendRequestThroughRouter()
#46 C:\\Eureka\\htdocs\\sanna\\services\\public\\index.php(54): Illuminate\\Foundation\\Http\\Kernel->handle()
#47 {main}
"} 
[2025-07-08 14:15:46] local.ERROR: SQLSTATE[22018]: [Microsoft][ODBC Driver 17 for SQL Server][SQL Server]Conversion failed when converting the nvarchar value '9.' to data type int. (Connection: sqlsrv, SQL: insert into [afiliados] ([dni], [nombres], [ape_paterno], [ape_materno], [direccion], [telf1], [telf2], [manejodatos], [hoja_filiacion]) values (46508510, JHONATAN CESAR, BALDOCEDA, CAJACURI, ., 9., , 1, {"NombreContratante":"-1","codigo_afi":"","etnia":"","idioma":"","religion":".","email":"B@s","estadocivil":"soltero(a)","gradoinstitucion":".","ocupacion":".","procedencia":".","no_patologico":[{"id":"100","nombre":"Niega","txt":null}],"patologicos":[{"id":"4","nombre":"Asma","txt":null},{"id":"8","nombre":"Otros","txt":"Consumo de quemadores de grasa"}],"quirurgico":"","padres":"Niega","abuelos":"Niega","hermanos":"Niega","conyugue":"Niega","persona_responsable":".","celular_responsble":".","tlf_casa_paciente":"."})) {"userId":1367,"exception":"[object] (Illuminate\\Database\\QueryException(code: 22018): SQLSTATE[22018]: [Microsoft][ODBC Driver 17 for SQL Server][SQL Server]Conversion failed when converting the nvarchar value '9.' to data type int. (Connection: sqlsrv, SQL: insert into [afiliados] ([dni], [nombres], [ape_paterno], [ape_materno], [direccion], [telf1], [telf2], [manejodatos], [hoja_filiacion]) values (46508510, JHONATAN CESAR, BALDOCEDA, CAJACURI, ., 9., , 1, {\"NombreContratante\":\"-1\",\"codigo_afi\":\"\",\"etnia\":\"\",\"idioma\":\"\",\"religion\":\".\",\"email\":\"B@s\",\"estadocivil\":\"soltero(a)\",\"gradoinstitucion\":\".\",\"ocupacion\":\".\",\"procedencia\":\".\",\"no_patologico\":[{\"id\":\"100\",\"nombre\":\"Niega\",\"txt\":null}],\"patologicos\":[{\"id\":\"4\",\"nombre\":\"Asma\",\"txt\":null},{\"id\":\"8\",\"nombre\":\"Otros\",\"txt\":\"Consumo de quemadores de grasa\"}],\"quirurgico\":\"\",\"padres\":\"Niega\",\"abuelos\":\"Niega\",\"hermanos\":\"Niega\",\"conyugue\":\"Niega\",\"persona_responsable\":\".\",\"celular_responsble\":\".\",\"tlf_casa_paciente\":\".\"})) at C:\\Eureka\\htdocs\\sanna\\services\\vendor\\laravel\\framework\\src\\Illuminate\\Database\\Connection.php:829)
[stacktrace]
#0 C:\\Eureka\\htdocs\\sanna\\services\\vendor\\laravel\\framework\\src\\Illuminate\\Database\\Connection.php(783): Illuminate\\Database\\Connection->runQueryCallback()
#1 C:\\Eureka\\htdocs\\sanna\\services\\vendor\\laravel\\framework\\src\\Illuminate\\Database\\Connection.php(576): Illuminate\\Database\\Connection->run()
#2 C:\\Eureka\\htdocs\\sanna\\services\\vendor\\laravel\\framework\\src\\Illuminate\\Database\\Connection.php(540): Illuminate\\Database\\Connection->statement()
#3 C:\\Eureka\\htdocs\\sanna\\services\\vendor\\laravel\\framework\\src\\Illuminate\\Database\\Query\\Builder.php(3456): Illuminate\\Database\\Connection->insert()
#4 C:\\Eureka\\htdocs\\sanna\\services\\vendor\\laravel\\framework\\src\\Illuminate\\Database\\Query\\Builder.php(3596): Illuminate\\Database\\Query\\Builder->insert()
#5 C:\\Eureka\\htdocs\\sanna\\services\\app\\Http\\Controllers\\RegistroatencionController.php(662): Illuminate\\Database\\Query\\Builder->updateOrInsert()
#6 C:\\Eureka\\htdocs\\sanna\\services\\vendor\\laravel\\framework\\src\\Illuminate\\Routing\\Controller.php(54): App\\Http\\Controllers\\RegistroatencionController->generarHistoriaClinica()
#7 C:\\Eureka\\htdocs\\sanna\\services\\vendor\\laravel\\framework\\src\\Illuminate\\Routing\\ControllerDispatcher.php(43): Illuminate\\Routing\\Controller->callAction()
#8 C:\\Eureka\\htdocs\\sanna\\services\\vendor\\laravel\\framework\\src\\Illuminate\\Routing\\Route.php(259): Illuminate\\Routing\\ControllerDispatcher->dispatch()
#9 C:\\Eureka\\htdocs\\sanna\\services\\vendor\\laravel\\framework\\src\\Illuminate\\Routing\\Route.php(205): Illuminate\\Routing\\Route->runController()
#10 C:\\Eureka\\htdocs\\sanna\\services\\vendor\\laravel\\framework\\src\\Illuminate\\Routing\\Router.php(806): Illuminate\\Routing\\Route->run()
#11 C:\\Eureka\\htdocs\\sanna\\services\\vendor\\laravel\\framework\\src\\Illuminate\\Pipeline\\Pipeline.php(144): Illuminate\\Routing\\Router->Illuminate\\Routing\\{closure}()
#12 C:\\Eureka\\htdocs\\sanna\\services\\app\\Http\\Middleware\\ValidarToken.php(32): Illuminate\\Pipeline\\Pipeline->Illuminate\\Pipeline\\{closure}()
#13 C:\\Eureka\\htdocs\\sanna\\services\\vendor\\laravel\\framework\\src\\Illuminate\\Pipeline\\Pipeline.php(183): App\\Http\\Middleware\\ValidarToken->handle()
#14 C:\\Eureka\\htdocs\\sanna\\services\\vendor\\laravel\\framework\\src\\Illuminate\\Routing\\Middleware\\SubstituteBindings.php(50): Illuminate\\Pipeline\\Pipeline->Illuminate\\Pipeline\\{closure}()
#15 C:\\Eureka\\htdocs\\sanna\\services\\vendor\\laravel\\framework\\src\\Illuminate\\Pipeline\\Pipeline.php(183): Illuminate\\Routing\\Middleware\\SubstituteBindings->handle()
#16 C:\\Eureka\\htdocs\\sanna\\services\\vendor\\laravel\\framework\\src\\Illuminate\\Routing\\Middleware\\ThrottleRequests.php(159): Illuminate\\Pipeline\\Pipeline->Illuminate\\Pipeline\\{closure}()
#17 C:\\Eureka\\htdocs\\sanna\\services\\vendor\\laravel\\framework\\src\\Illuminate\\Routing\\Middleware\\ThrottleRequests.php(125): Illuminate\\Routing\\Middleware\\ThrottleRequests->handleRequest()
#18 C:\\Eureka\\htdocs\\sanna\\services\\vendor\\laravel\\framework\\src\\Illuminate\\Routing\\Middleware\\ThrottleRequests.php(87): Illuminate\\Routing\\Middleware\\ThrottleRequests->handleRequestUsingNamedLimiter()
#19 C:\\Eureka\\htdocs\\sanna\\services\\vendor\\laravel\\framework\\src\\Illuminate\\Pipeline\\Pipeline.php(183): Illuminate\\Routing\\Middleware\\ThrottleRequests->handle()
#20 C:\\Eureka\\htdocs\\sanna\\services\\vendor\\laravel\\framework\\src\\Illuminate\\Pipeline\\Pipeline.php(119): Illuminate\\Pipeline\\Pipeline->Illuminate\\Pipeline\\{closure}()
#21 C:\\Eureka\\htdocs\\sanna\\services\\vendor\\laravel\\framework\\src\\Illuminate\\Routing\\Router.php(805): Illuminate\\Pipeline\\Pipeline->then()
#22 C:\\Eureka\\htdocs\\sanna\\services\\vendor\\laravel\\framework\\src\\Illuminate\\Routing\\Router.php(784): Illuminate\\Routing\\Router->runRouteWithinStack()
#23 C:\\Eureka\\htdocs\\sanna\\services\\vendor\\laravel\\framework\\src\\Illuminate\\Routing\\Router.php(748): Illuminate\\Routing\\Router->runRoute()
#24 C:\\Eureka\\htdocs\\sanna\\services\\vendor\\laravel\\framework\\src\\Illuminate\\Routing\\Router.php(737): Illuminate\\Routing\\Router->dispatchToRoute()
#25 C:\\Eureka\\htdocs\\sanna\\services\\vendor\\laravel\\framework\\src\\Illuminate\\Foundation\\Http\\Kernel.php(200): Illuminate\\Routing\\Router->dispatch()
#26 C:\\Eureka\\htdocs\\sanna\\services\\vendor\\laravel\\framework\\src\\Illuminate\\Pipeline\\Pipeline.php(144): Illuminate\\Foundation\\Http\\Kernel->Illuminate\\Foundation\\Http\\{closure}()
#27 C:\\Eureka\\htdocs\\sanna\\services\\vendor\\laravel\\framework\\src\\Illuminate\\Foundation\\Http\\Middleware\\TransformsRequest.php(21): Illuminate\\Pipeline\\Pipeline->Illuminate\\Pipeline\\{closure}()
#28 C:\\Eureka\\htdocs\\sanna\\services\\vendor\\laravel\\framework\\src\\Illuminate\\Foundation\\Http\\Middleware\\ConvertEmptyStringsToNull.php(31): Illuminate\\Foundation\\Http\\Middleware\\TransformsRequest->handle()
#29 C:\\Eureka\\htdocs\\sanna\\services\\vendor\\laravel\\framework\\src\\Illuminate\\Pipeline\\Pipeline.php(183): Illuminate\\Foundation\\Http\\Middleware\\ConvertEmptyStringsToNull->handle()
#30 C:\\Eureka\\htdocs\\sanna\\services\\vendor\\laravel\\framework\\src\\Illuminate\\Foundation\\Http\\Middleware\\TransformsRequest.php(21): Illuminate\\Pipeline\\Pipeline->Illuminate\\Pipeline\\{closure}()
#31 C:\\Eureka\\htdocs\\sanna\\services\\vendor\\laravel\\framework\\src\\Illuminate\\Foundation\\Http\\Middleware\\TrimStrings.php(40): Illuminate\\Foundation\\Http\\Middleware\\TransformsRequest->handle()
#32 C:\\Eureka\\htdocs\\sanna\\services\\vendor\\laravel\\framework\\src\\Illuminate\\Pipeline\\Pipeline.php(183): Illuminate\\Foundation\\Http\\Middleware\\TrimStrings->handle()
#33 C:\\Eureka\\htdocs\\sanna\\services\\vendor\\laravel\\framework\\src\\Illuminate\\Foundation\\Http\\Middleware\\ValidatePostSize.php(27): Illuminate\\Pipeline\\Pipeline->Illuminate\\Pipeline\\{closure}()
#34 C:\\Eureka\\htdocs\\sanna\\services\\vendor\\laravel\\framework\\src\\Illuminate\\Pipeline\\Pipeline.php(183): Illuminate\\Foundation\\Http\\Middleware\\ValidatePostSize->handle()
#35 C:\\Eureka\\htdocs\\sanna\\services\\vendor\\laravel\\framework\\src\\Illuminate\\Foundation\\Http\\Middleware\\PreventRequestsDuringMaintenance.php(99): Illuminate\\Pipeline\\Pipeline->Illuminate\\Pipeline\\{closure}()
#36 C:\\Eureka\\htdocs\\sanna\\services\\vendor\\laravel\\framework\\src\\Illuminate\\Pipeline\\Pipeline.php(183): Illuminate\\Foundation\\Http\\Middleware\\PreventRequestsDuringMaintenance->handle()
#37 C:\\Eureka\\htdocs\\sanna\\services\\vendor\\laravel\\framework\\src\\Illuminate\\Http\\Middleware\\HandleCors.php(62): Illuminate\\Pipeline\\Pipeline->Illuminate\\Pipeline\\{closure}()
#38 C:\\Eureka\\htdocs\\sanna\\services\\vendor\\laravel\\framework\\src\\Illuminate\\Pipeline\\Pipeline.php(183): Illuminate\\Http\\Middleware\\HandleCors->handle()
#39 C:\\Eureka\\htdocs\\sanna\\services\\vendor\\laravel\\framework\\src\\Illuminate\\Http\\Middleware\\TrustProxies.php(39): Illuminate\\Pipeline\\Pipeline->Illuminate\\Pipeline\\{closure}()
#40 C:\\Eureka\\htdocs\\sanna\\services\\vendor\\laravel\\framework\\src\\Illuminate\\Pipeline\\Pipeline.php(183): Illuminate\\Http\\Middleware\\TrustProxies->handle()
#41 C:\\Eureka\\htdocs\\sanna\\services\\vendor\\laravel\\framework\\src\\Illuminate\\Pipeline\\Pipeline.php(119): Illuminate\\Pipeline\\Pipeline->Illuminate\\Pipeline\\{closure}()
#42 C:\\Eureka\\htdocs\\sanna\\services\\vendor\\laravel\\framework\\src\\Illuminate\\Foundation\\Http\\Kernel.php(175): Illuminate\\Pipeline\\Pipeline->then()
#43 C:\\Eureka\\htdocs\\sanna\\services\\vendor\\laravel\\framework\\src\\Illuminate\\Foundation\\Http\\Kernel.php(144): Illuminate\\Foundation\\Http\\Kernel->sendRequestThroughRouter()
#44 C:\\Eureka\\htdocs\\sanna\\services\\public\\index.php(54): Illuminate\\Foundation\\Http\\Kernel->handle()
#45 {main}

[previous exception] [object] (PDOException(code: 22018): SQLSTATE[22018]: [Microsoft][ODBC Driver 17 for SQL Server][SQL Server]Conversion failed when converting the nvarchar value '9.' to data type int. at C:\\Eureka\\htdocs\\sanna\\services\\vendor\\laravel\\framework\\src\\Illuminate\\Database\\Connection.php:587)
[stacktrace]
#0 C:\\Eureka\\htdocs\\sanna\\services\\vendor\\laravel\\framework\\src\\Illuminate\\Database\\Connection.php(587): PDOStatement->execute()
#1 C:\\Eureka\\htdocs\\sanna\\services\\vendor\\laravel\\framework\\src\\Illuminate\\Database\\Connection.php(816): Illuminate\\Database\\Connection->Illuminate\\Database\\{closure}()
#2 C:\\Eureka\\htdocs\\sanna\\services\\vendor\\laravel\\framework\\src\\Illuminate\\Database\\Connection.php(783): Illuminate\\Database\\Connection->runQueryCallback()
#3 C:\\Eureka\\htdocs\\sanna\\services\\vendor\\laravel\\framework\\src\\Illuminate\\Database\\Connection.php(576): Illuminate\\Database\\Connection->run()
#4 C:\\Eureka\\htdocs\\sanna\\services\\vendor\\laravel\\framework\\src\\Illuminate\\Database\\Connection.php(540): Illuminate\\Database\\Connection->statement()
#5 C:\\Eureka\\htdocs\\sanna\\services\\vendor\\laravel\\framework\\src\\Illuminate\\Database\\Query\\Builder.php(3456): Illuminate\\Database\\Connection->insert()
#6 C:\\Eureka\\htdocs\\sanna\\services\\vendor\\laravel\\framework\\src\\Illuminate\\Database\\Query\\Builder.php(3596): Illuminate\\Database\\Query\\Builder->insert()
#7 C:\\Eureka\\htdocs\\sanna\\services\\app\\Http\\Controllers\\RegistroatencionController.php(662): Illuminate\\Database\\Query\\Builder->updateOrInsert()
#8 C:\\Eureka\\htdocs\\sanna\\services\\vendor\\laravel\\framework\\src\\Illuminate\\Routing\\Controller.php(54): App\\Http\\Controllers\\RegistroatencionController->generarHistoriaClinica()
#9 C:\\Eureka\\htdocs\\sanna\\services\\vendor\\laravel\\framework\\src\\Illuminate\\Routing\\ControllerDispatcher.php(43): Illuminate\\Routing\\Controller->callAction()
#10 C:\\Eureka\\htdocs\\sanna\\services\\vendor\\laravel\\framework\\src\\Illuminate\\Routing\\Route.php(259): Illuminate\\Routing\\ControllerDispatcher->dispatch()
#11 C:\\Eureka\\htdocs\\sanna\\services\\vendor\\laravel\\framework\\src\\Illuminate\\Routing\\Route.php(205): Illuminate\\Routing\\Route->runController()
#12 C:\\Eureka\\htdocs\\sanna\\services\\vendor\\laravel\\framework\\src\\Illuminate\\Routing\\Router.php(806): Illuminate\\Routing\\Route->run()
#13 C:\\Eureka\\htdocs\\sanna\\services\\vendor\\laravel\\framework\\src\\Illuminate\\Pipeline\\Pipeline.php(144): Illuminate\\Routing\\Router->Illuminate\\Routing\\{closure}()
#14 C:\\Eureka\\htdocs\\sanna\\services\\app\\Http\\Middleware\\ValidarToken.php(32): Illuminate\\Pipeline\\Pipeline->Illuminate\\Pipeline\\{closure}()
#15 C:\\Eureka\\htdocs\\sanna\\services\\vendor\\laravel\\framework\\src\\Illuminate\\Pipeline\\Pipeline.php(183): App\\Http\\Middleware\\ValidarToken->handle()
#16 C:\\Eureka\\htdocs\\sanna\\services\\vendor\\laravel\\framework\\src\\Illuminate\\Routing\\Middleware\\SubstituteBindings.php(50): Illuminate\\Pipeline\\Pipeline->Illuminate\\Pipeline\\{closure}()
#17 C:\\Eureka\\htdocs\\sanna\\services\\vendor\\laravel\\framework\\src\\Illuminate\\Pipeline\\Pipeline.php(183): Illuminate\\Routing\\Middleware\\SubstituteBindings->handle()
#18 C:\\Eureka\\htdocs\\sanna\\services\\vendor\\laravel\\framework\\src\\Illuminate\\Routing\\Middleware\\ThrottleRequests.php(159): Illuminate\\Pipeline\\Pipeline->Illuminate\\Pipeline\\{closure}()
#19 C:\\Eureka\\htdocs\\sanna\\services\\vendor\\laravel\\framework\\src\\Illuminate\\Routing\\Middleware\\ThrottleRequests.php(125): Illuminate\\Routing\\Middleware\\ThrottleRequests->handleRequest()
#20 C:\\Eureka\\htdocs\\sanna\\services\\vendor\\laravel\\framework\\src\\Illuminate\\Routing\\Middleware\\ThrottleRequests.php(87): Illuminate\\Routing\\Middleware\\ThrottleRequests->handleRequestUsingNamedLimiter()
#21 C:\\Eureka\\htdocs\\sanna\\services\\vendor\\laravel\\framework\\src\\Illuminate\\Pipeline\\Pipeline.php(183): Illuminate\\Routing\\Middleware\\ThrottleRequests->handle()
#22 C:\\Eureka\\htdocs\\sanna\\services\\vendor\\laravel\\framework\\src\\Illuminate\\Pipeline\\Pipeline.php(119): Illuminate\\Pipeline\\Pipeline->Illuminate\\Pipeline\\{closure}()
#23 C:\\Eureka\\htdocs\\sanna\\services\\vendor\\laravel\\framework\\src\\Illuminate\\Routing\\Router.php(805): Illuminate\\Pipeline\\Pipeline->then()
#24 C:\\Eureka\\htdocs\\sanna\\services\\vendor\\laravel\\framework\\src\\Illuminate\\Routing\\Router.php(784): Illuminate\\Routing\\Router->runRouteWithinStack()
#25 C:\\Eureka\\htdocs\\sanna\\services\\vendor\\laravel\\framework\\src\\Illuminate\\Routing\\Router.php(748): Illuminate\\Routing\\Router->runRoute()
#26 C:\\Eureka\\htdocs\\sanna\\services\\vendor\\laravel\\framework\\src\\Illuminate\\Routing\\Router.php(737): Illuminate\\Routing\\Router->dispatchToRoute()
#27 C:\\Eureka\\htdocs\\sanna\\services\\vendor\\laravel\\framework\\src\\Illuminate\\Foundation\\Http\\Kernel.php(200): Illuminate\\Routing\\Router->dispatch()
#28 C:\\Eureka\\htdocs\\sanna\\services\\vendor\\laravel\\framework\\src\\Illuminate\\Pipeline\\Pipeline.php(144): Illuminate\\Foundation\\Http\\Kernel->Illuminate\\Foundation\\Http\\{closure}()
#29 C:\\Eureka\\htdocs\\sanna\\services\\vendor\\laravel\\framework\\src\\Illuminate\\Foundation\\Http\\Middleware\\TransformsRequest.php(21): Illuminate\\Pipeline\\Pipeline->Illuminate\\Pipeline\\{closure}()
#30 C:\\Eureka\\htdocs\\sanna\\services\\vendor\\laravel\\framework\\src\\Illuminate\\Foundation\\Http\\Middleware\\ConvertEmptyStringsToNull.php(31): Illuminate\\Foundation\\Http\\Middleware\\TransformsRequest->handle()
#31 C:\\Eureka\\htdocs\\sanna\\services\\vendor\\laravel\\framework\\src\\Illuminate\\Pipeline\\Pipeline.php(183): Illuminate\\Foundation\\Http\\Middleware\\ConvertEmptyStringsToNull->handle()
#32 C:\\Eureka\\htdocs\\sanna\\services\\vendor\\laravel\\framework\\src\\Illuminate\\Foundation\\Http\\Middleware\\TransformsRequest.php(21): Illuminate\\Pipeline\\Pipeline->Illuminate\\Pipeline\\{closure}()
#33 C:\\Eureka\\htdocs\\sanna\\services\\vendor\\laravel\\framework\\src\\Illuminate\\Foundation\\Http\\Middleware\\TrimStrings.php(40): Illuminate\\Foundation\\Http\\Middleware\\TransformsRequest->handle()
#34 C:\\Eureka\\htdocs\\sanna\\services\\vendor\\laravel\\framework\\src\\Illuminate\\Pipeline\\Pipeline.php(183): Illuminate\\Foundation\\Http\\Middleware\\TrimStrings->handle()
#35 C:\\Eureka\\htdocs\\sanna\\services\\vendor\\laravel\\framework\\src\\Illuminate\\Foundation\\Http\\Middleware\\ValidatePostSize.php(27): Illuminate\\Pipeline\\Pipeline->Illuminate\\Pipeline\\{closure}()
#36 C:\\Eureka\\htdocs\\sanna\\services\\vendor\\laravel\\framework\\src\\Illuminate\\Pipeline\\Pipeline.php(183): Illuminate\\Foundation\\Http\\Middleware\\ValidatePostSize->handle()
#37 C:\\Eureka\\htdocs\\sanna\\services\\vendor\\laravel\\framework\\src\\Illuminate\\Foundation\\Http\\Middleware\\PreventRequestsDuringMaintenance.php(99): Illuminate\\Pipeline\\Pipeline->Illuminate\\Pipeline\\{closure}()
#38 C:\\Eureka\\htdocs\\sanna\\services\\vendor\\laravel\\framework\\src\\Illuminate\\Pipeline\\Pipeline.php(183): Illuminate\\Foundation\\Http\\Middleware\\PreventRequestsDuringMaintenance->handle()
#39 C:\\Eureka\\htdocs\\sanna\\services\\vendor\\laravel\\framework\\src\\Illuminate\\Http\\Middleware\\HandleCors.php(62): Illuminate\\Pipeline\\Pipeline->Illuminate\\Pipeline\\{closure}()
#40 C:\\Eureka\\htdocs\\sanna\\services\\vendor\\laravel\\framework\\src\\Illuminate\\Pipeline\\Pipeline.php(183): Illuminate\\Http\\Middleware\\HandleCors->handle()
#41 C:\\Eureka\\htdocs\\sanna\\services\\vendor\\laravel\\framework\\src\\Illuminate\\Http\\Middleware\\TrustProxies.php(39): Illuminate\\Pipeline\\Pipeline->Illuminate\\Pipeline\\{closure}()
#42 C:\\Eureka\\htdocs\\sanna\\services\\vendor\\laravel\\framework\\src\\Illuminate\\Pipeline\\Pipeline.php(183): Illuminate\\Http\\Middleware\\TrustProxies->handle()
#43 C:\\Eureka\\htdocs\\sanna\\services\\vendor\\laravel\\framework\\src\\Illuminate\\Pipeline\\Pipeline.php(119): Illuminate\\Pipeline\\Pipeline->Illuminate\\Pipeline\\{closure}()
#44 C:\\Eureka\\htdocs\\sanna\\services\\vendor\\laravel\\framework\\src\\Illuminate\\Foundation\\Http\\Kernel.php(175): Illuminate\\Pipeline\\Pipeline->then()
#45 C:\\Eureka\\htdocs\\sanna\\services\\vendor\\laravel\\framework\\src\\Illuminate\\Foundation\\Http\\Kernel.php(144): Illuminate\\Foundation\\Http\\Kernel->sendRequestThroughRouter()
#46 C:\\Eureka\\htdocs\\sanna\\services\\public\\index.php(54): Illuminate\\Foundation\\Http\\Kernel->handle()
#47 {main}
"} 
[2025-07-08 14:37:14] local.ERROR: SQLSTATE[42S22]: [Microsoft][ODBC Driver 17 for SQL Server][SQL Server]Invalid column name 'sj40'. (Connection: sqlsrv, SQL: SELECT email
                            FROM profesionales
                            WHERE num_doc='sj40' OR num_doc=sj40 ORDER BY idprofesional DESC ) {"exception":"[object] (Illuminate\\Database\\QueryException(code: 42S22): SQLSTATE[42S22]: [Microsoft][ODBC Driver 17 for SQL Server][SQL Server]Invalid column name 'sj40'. (Connection: sqlsrv, SQL: SELECT email

                            FROM profesionales

                            WHERE num_doc='sj40' OR num_doc=sj40 ORDER BY idprofesional DESC ) at C:\\Eureka\\htdocs\\sanna\\services\\vendor\\laravel\\framework\\src\\Illuminate\\Database\\Connection.php:829)
[stacktrace]
#0 C:\\Eureka\\htdocs\\sanna\\services\\vendor\\laravel\\framework\\src\\Illuminate\\Database\\Connection.php(783): Illuminate\\Database\\Connection->runQueryCallback()
#1 C:\\Eureka\\htdocs\\sanna\\services\\vendor\\laravel\\framework\\src\\Illuminate\\Database\\Connection.php(414): Illuminate\\Database\\Connection->run()
#2 C:\\Eureka\\htdocs\\sanna\\services\\vendor\\laravel\\framework\\src\\Illuminate\\Database\\DatabaseManager.php(509): Illuminate\\Database\\Connection->select()
#3 C:\\Eureka\\htdocs\\sanna\\services\\vendor\\laravel\\framework\\src\\Illuminate\\Support\\Facades\\Facade.php(355): Illuminate\\Database\\DatabaseManager->__call()
#4 C:\\Eureka\\htdocs\\sanna\\services\\app\\Http\\Controllers\\AuthController.php(215): Illuminate\\Support\\Facades\\Facade::__callStatic()
#5 C:\\Eureka\\htdocs\\sanna\\services\\vendor\\laravel\\framework\\src\\Illuminate\\Routing\\Controller.php(54): App\\Http\\Controllers\\AuthController->getCodigo()
#6 C:\\Eureka\\htdocs\\sanna\\services\\vendor\\laravel\\framework\\src\\Illuminate\\Routing\\ControllerDispatcher.php(43): Illuminate\\Routing\\Controller->callAction()
#7 C:\\Eureka\\htdocs\\sanna\\services\\vendor\\laravel\\framework\\src\\Illuminate\\Routing\\Route.php(259): Illuminate\\Routing\\ControllerDispatcher->dispatch()
#8 C:\\Eureka\\htdocs\\sanna\\services\\vendor\\laravel\\framework\\src\\Illuminate\\Routing\\Route.php(205): Illuminate\\Routing\\Route->runController()
#9 C:\\Eureka\\htdocs\\sanna\\services\\vendor\\laravel\\framework\\src\\Illuminate\\Routing\\Router.php(806): Illuminate\\Routing\\Route->run()
#10 C:\\Eureka\\htdocs\\sanna\\services\\vendor\\laravel\\framework\\src\\Illuminate\\Pipeline\\Pipeline.php(144): Illuminate\\Routing\\Router->Illuminate\\Routing\\{closure}()
#11 C:\\Eureka\\htdocs\\sanna\\services\\vendor\\laravel\\framework\\src\\Illuminate\\Routing\\Middleware\\SubstituteBindings.php(50): Illuminate\\Pipeline\\Pipeline->Illuminate\\Pipeline\\{closure}()
#12 C:\\Eureka\\htdocs\\sanna\\services\\vendor\\laravel\\framework\\src\\Illuminate\\Pipeline\\Pipeline.php(183): Illuminate\\Routing\\Middleware\\SubstituteBindings->handle()
#13 C:\\Eureka\\htdocs\\sanna\\services\\vendor\\laravel\\framework\\src\\Illuminate\\Routing\\Middleware\\ThrottleRequests.php(159): Illuminate\\Pipeline\\Pipeline->Illuminate\\Pipeline\\{closure}()
#14 C:\\Eureka\\htdocs\\sanna\\services\\vendor\\laravel\\framework\\src\\Illuminate\\Routing\\Middleware\\ThrottleRequests.php(125): Illuminate\\Routing\\Middleware\\ThrottleRequests->handleRequest()
#15 C:\\Eureka\\htdocs\\sanna\\services\\vendor\\laravel\\framework\\src\\Illuminate\\Routing\\Middleware\\ThrottleRequests.php(87): Illuminate\\Routing\\Middleware\\ThrottleRequests->handleRequestUsingNamedLimiter()
#16 C:\\Eureka\\htdocs\\sanna\\services\\vendor\\laravel\\framework\\src\\Illuminate\\Pipeline\\Pipeline.php(183): Illuminate\\Routing\\Middleware\\ThrottleRequests->handle()
#17 C:\\Eureka\\htdocs\\sanna\\services\\vendor\\laravel\\framework\\src\\Illuminate\\Pipeline\\Pipeline.php(119): Illuminate\\Pipeline\\Pipeline->Illuminate\\Pipeline\\{closure}()
#18 C:\\Eureka\\htdocs\\sanna\\services\\vendor\\laravel\\framework\\src\\Illuminate\\Routing\\Router.php(805): Illuminate\\Pipeline\\Pipeline->then()
#19 C:\\Eureka\\htdocs\\sanna\\services\\vendor\\laravel\\framework\\src\\Illuminate\\Routing\\Router.php(784): Illuminate\\Routing\\Router->runRouteWithinStack()
#20 C:\\Eureka\\htdocs\\sanna\\services\\vendor\\laravel\\framework\\src\\Illuminate\\Routing\\Router.php(748): Illuminate\\Routing\\Router->runRoute()
#21 C:\\Eureka\\htdocs\\sanna\\services\\vendor\\laravel\\framework\\src\\Illuminate\\Routing\\Router.php(737): Illuminate\\Routing\\Router->dispatchToRoute()
#22 C:\\Eureka\\htdocs\\sanna\\services\\vendor\\laravel\\framework\\src\\Illuminate\\Foundation\\Http\\Kernel.php(200): Illuminate\\Routing\\Router->dispatch()
#23 C:\\Eureka\\htdocs\\sanna\\services\\vendor\\laravel\\framework\\src\\Illuminate\\Pipeline\\Pipeline.php(144): Illuminate\\Foundation\\Http\\Kernel->Illuminate\\Foundation\\Http\\{closure}()
#24 C:\\Eureka\\htdocs\\sanna\\services\\vendor\\laravel\\framework\\src\\Illuminate\\Foundation\\Http\\Middleware\\TransformsRequest.php(21): Illuminate\\Pipeline\\Pipeline->Illuminate\\Pipeline\\{closure}()
#25 C:\\Eureka\\htdocs\\sanna\\services\\vendor\\laravel\\framework\\src\\Illuminate\\Foundation\\Http\\Middleware\\ConvertEmptyStringsToNull.php(31): Illuminate\\Foundation\\Http\\Middleware\\TransformsRequest->handle()
#26 C:\\Eureka\\htdocs\\sanna\\services\\vendor\\laravel\\framework\\src\\Illuminate\\Pipeline\\Pipeline.php(183): Illuminate\\Foundation\\Http\\Middleware\\ConvertEmptyStringsToNull->handle()
#27 C:\\Eureka\\htdocs\\sanna\\services\\vendor\\laravel\\framework\\src\\Illuminate\\Foundation\\Http\\Middleware\\TransformsRequest.php(21): Illuminate\\Pipeline\\Pipeline->Illuminate\\Pipeline\\{closure}()
#28 C:\\Eureka\\htdocs\\sanna\\services\\vendor\\laravel\\framework\\src\\Illuminate\\Foundation\\Http\\Middleware\\TrimStrings.php(40): Illuminate\\Foundation\\Http\\Middleware\\TransformsRequest->handle()
#29 C:\\Eureka\\htdocs\\sanna\\services\\vendor\\laravel\\framework\\src\\Illuminate\\Pipeline\\Pipeline.php(183): Illuminate\\Foundation\\Http\\Middleware\\TrimStrings->handle()
#30 C:\\Eureka\\htdocs\\sanna\\services\\vendor\\laravel\\framework\\src\\Illuminate\\Foundation\\Http\\Middleware\\ValidatePostSize.php(27): Illuminate\\Pipeline\\Pipeline->Illuminate\\Pipeline\\{closure}()
#31 C:\\Eureka\\htdocs\\sanna\\services\\vendor\\laravel\\framework\\src\\Illuminate\\Pipeline\\Pipeline.php(183): Illuminate\\Foundation\\Http\\Middleware\\ValidatePostSize->handle()
#32 C:\\Eureka\\htdocs\\sanna\\services\\vendor\\laravel\\framework\\src\\Illuminate\\Foundation\\Http\\Middleware\\PreventRequestsDuringMaintenance.php(99): Illuminate\\Pipeline\\Pipeline->Illuminate\\Pipeline\\{closure}()
#33 C:\\Eureka\\htdocs\\sanna\\services\\vendor\\laravel\\framework\\src\\Illuminate\\Pipeline\\Pipeline.php(183): Illuminate\\Foundation\\Http\\Middleware\\PreventRequestsDuringMaintenance->handle()
#34 C:\\Eureka\\htdocs\\sanna\\services\\vendor\\laravel\\framework\\src\\Illuminate\\Http\\Middleware\\HandleCors.php(62): Illuminate\\Pipeline\\Pipeline->Illuminate\\Pipeline\\{closure}()
#35 C:\\Eureka\\htdocs\\sanna\\services\\vendor\\laravel\\framework\\src\\Illuminate\\Pipeline\\Pipeline.php(183): Illuminate\\Http\\Middleware\\HandleCors->handle()
#36 C:\\Eureka\\htdocs\\sanna\\services\\vendor\\laravel\\framework\\src\\Illuminate\\Http\\Middleware\\TrustProxies.php(39): Illuminate\\Pipeline\\Pipeline->Illuminate\\Pipeline\\{closure}()
#37 C:\\Eureka\\htdocs\\sanna\\services\\vendor\\laravel\\framework\\src\\Illuminate\\Pipeline\\Pipeline.php(183): Illuminate\\Http\\Middleware\\TrustProxies->handle()
#38 C:\\Eureka\\htdocs\\sanna\\services\\vendor\\laravel\\framework\\src\\Illuminate\\Pipeline\\Pipeline.php(119): Illuminate\\Pipeline\\Pipeline->Illuminate\\Pipeline\\{closure}()
#39 C:\\Eureka\\htdocs\\sanna\\services\\vendor\\laravel\\framework\\src\\Illuminate\\Foundation\\Http\\Kernel.php(175): Illuminate\\Pipeline\\Pipeline->then()
#40 C:\\Eureka\\htdocs\\sanna\\services\\vendor\\laravel\\framework\\src\\Illuminate\\Foundation\\Http\\Kernel.php(144): Illuminate\\Foundation\\Http\\Kernel->sendRequestThroughRouter()
#41 C:\\Eureka\\htdocs\\sanna\\services\\public\\index.php(54): Illuminate\\Foundation\\Http\\Kernel->handle()
#42 {main}

[previous exception] [object] (PDOException(code: 42S22): SQLSTATE[42S22]: [Microsoft][ODBC Driver 17 for SQL Server][SQL Server]Invalid column name 'sj40'. at C:\\Eureka\\htdocs\\sanna\\services\\vendor\\laravel\\framework\\src\\Illuminate\\Database\\Connection.php:428)
[stacktrace]
#0 C:\\Eureka\\htdocs\\sanna\\services\\vendor\\laravel\\framework\\src\\Illuminate\\Database\\Connection.php(428): PDOStatement->execute()
#1 C:\\Eureka\\htdocs\\sanna\\services\\vendor\\laravel\\framework\\src\\Illuminate\\Database\\Connection.php(816): Illuminate\\Database\\Connection->Illuminate\\Database\\{closure}()
#2 C:\\Eureka\\htdocs\\sanna\\services\\vendor\\laravel\\framework\\src\\Illuminate\\Database\\Connection.php(783): Illuminate\\Database\\Connection->runQueryCallback()
#3 C:\\Eureka\\htdocs\\sanna\\services\\vendor\\laravel\\framework\\src\\Illuminate\\Database\\Connection.php(414): Illuminate\\Database\\Connection->run()
#4 C:\\Eureka\\htdocs\\sanna\\services\\vendor\\laravel\\framework\\src\\Illuminate\\Database\\DatabaseManager.php(509): Illuminate\\Database\\Connection->select()
#5 C:\\Eureka\\htdocs\\sanna\\services\\vendor\\laravel\\framework\\src\\Illuminate\\Support\\Facades\\Facade.php(355): Illuminate\\Database\\DatabaseManager->__call()
#6 C:\\Eureka\\htdocs\\sanna\\services\\app\\Http\\Controllers\\AuthController.php(215): Illuminate\\Support\\Facades\\Facade::__callStatic()
#7 C:\\Eureka\\htdocs\\sanna\\services\\vendor\\laravel\\framework\\src\\Illuminate\\Routing\\Controller.php(54): App\\Http\\Controllers\\AuthController->getCodigo()
#8 C:\\Eureka\\htdocs\\sanna\\services\\vendor\\laravel\\framework\\src\\Illuminate\\Routing\\ControllerDispatcher.php(43): Illuminate\\Routing\\Controller->callAction()
#9 C:\\Eureka\\htdocs\\sanna\\services\\vendor\\laravel\\framework\\src\\Illuminate\\Routing\\Route.php(259): Illuminate\\Routing\\ControllerDispatcher->dispatch()
#10 C:\\Eureka\\htdocs\\sanna\\services\\vendor\\laravel\\framework\\src\\Illuminate\\Routing\\Route.php(205): Illuminate\\Routing\\Route->runController()
#11 C:\\Eureka\\htdocs\\sanna\\services\\vendor\\laravel\\framework\\src\\Illuminate\\Routing\\Router.php(806): Illuminate\\Routing\\Route->run()
#12 C:\\Eureka\\htdocs\\sanna\\services\\vendor\\laravel\\framework\\src\\Illuminate\\Pipeline\\Pipeline.php(144): Illuminate\\Routing\\Router->Illuminate\\Routing\\{closure}()
#13 C:\\Eureka\\htdocs\\sanna\\services\\vendor\\laravel\\framework\\src\\Illuminate\\Routing\\Middleware\\SubstituteBindings.php(50): Illuminate\\Pipeline\\Pipeline->Illuminate\\Pipeline\\{closure}()
#14 C:\\Eureka\\htdocs\\sanna\\services\\vendor\\laravel\\framework\\src\\Illuminate\\Pipeline\\Pipeline.php(183): Illuminate\\Routing\\Middleware\\SubstituteBindings->handle()
#15 C:\\Eureka\\htdocs\\sanna\\services\\vendor\\laravel\\framework\\src\\Illuminate\\Routing\\Middleware\\ThrottleRequests.php(159): Illuminate\\Pipeline\\Pipeline->Illuminate\\Pipeline\\{closure}()
#16 C:\\Eureka\\htdocs\\sanna\\services\\vendor\\laravel\\framework\\src\\Illuminate\\Routing\\Middleware\\ThrottleRequests.php(125): Illuminate\\Routing\\Middleware\\ThrottleRequests->handleRequest()
#17 C:\\Eureka\\htdocs\\sanna\\services\\vendor\\laravel\\framework\\src\\Illuminate\\Routing\\Middleware\\ThrottleRequests.php(87): Illuminate\\Routing\\Middleware\\ThrottleRequests->handleRequestUsingNamedLimiter()
#18 C:\\Eureka\\htdocs\\sanna\\services\\vendor\\laravel\\framework\\src\\Illuminate\\Pipeline\\Pipeline.php(183): Illuminate\\Routing\\Middleware\\ThrottleRequests->handle()
#19 C:\\Eureka\\htdocs\\sanna\\services\\vendor\\laravel\\framework\\src\\Illuminate\\Pipeline\\Pipeline.php(119): Illuminate\\Pipeline\\Pipeline->Illuminate\\Pipeline\\{closure}()
#20 C:\\Eureka\\htdocs\\sanna\\services\\vendor\\laravel\\framework\\src\\Illuminate\\Routing\\Router.php(805): Illuminate\\Pipeline\\Pipeline->then()
#21 C:\\Eureka\\htdocs\\sanna\\services\\vendor\\laravel\\framework\\src\\Illuminate\\Routing\\Router.php(784): Illuminate\\Routing\\Router->runRouteWithinStack()
#22 C:\\Eureka\\htdocs\\sanna\\services\\vendor\\laravel\\framework\\src\\Illuminate\\Routing\\Router.php(748): Illuminate\\Routing\\Router->runRoute()
#23 C:\\Eureka\\htdocs\\sanna\\services\\vendor\\laravel\\framework\\src\\Illuminate\\Routing\\Router.php(737): Illuminate\\Routing\\Router->dispatchToRoute()
#24 C:\\Eureka\\htdocs\\sanna\\services\\vendor\\laravel\\framework\\src\\Illuminate\\Foundation\\Http\\Kernel.php(200): Illuminate\\Routing\\Router->dispatch()
#25 C:\\Eureka\\htdocs\\sanna\\services\\vendor\\laravel\\framework\\src\\Illuminate\\Pipeline\\Pipeline.php(144): Illuminate\\Foundation\\Http\\Kernel->Illuminate\\Foundation\\Http\\{closure}()
#26 C:\\Eureka\\htdocs\\sanna\\services\\vendor\\laravel\\framework\\src\\Illuminate\\Foundation\\Http\\Middleware\\TransformsRequest.php(21): Illuminate\\Pipeline\\Pipeline->Illuminate\\Pipeline\\{closure}()
#27 C:\\Eureka\\htdocs\\sanna\\services\\vendor\\laravel\\framework\\src\\Illuminate\\Foundation\\Http\\Middleware\\ConvertEmptyStringsToNull.php(31): Illuminate\\Foundation\\Http\\Middleware\\TransformsRequest->handle()
#28 C:\\Eureka\\htdocs\\sanna\\services\\vendor\\laravel\\framework\\src\\Illuminate\\Pipeline\\Pipeline.php(183): Illuminate\\Foundation\\Http\\Middleware\\ConvertEmptyStringsToNull->handle()
#29 C:\\Eureka\\htdocs\\sanna\\services\\vendor\\laravel\\framework\\src\\Illuminate\\Foundation\\Http\\Middleware\\TransformsRequest.php(21): Illuminate\\Pipeline\\Pipeline->Illuminate\\Pipeline\\{closure}()
#30 C:\\Eureka\\htdocs\\sanna\\services\\vendor\\laravel\\framework\\src\\Illuminate\\Foundation\\Http\\Middleware\\TrimStrings.php(40): Illuminate\\Foundation\\Http\\Middleware\\TransformsRequest->handle()
#31 C:\\Eureka\\htdocs\\sanna\\services\\vendor\\laravel\\framework\\src\\Illuminate\\Pipeline\\Pipeline.php(183): Illuminate\\Foundation\\Http\\Middleware\\TrimStrings->handle()
#32 C:\\Eureka\\htdocs\\sanna\\services\\vendor\\laravel\\framework\\src\\Illuminate\\Foundation\\Http\\Middleware\\ValidatePostSize.php(27): Illuminate\\Pipeline\\Pipeline->Illuminate\\Pipeline\\{closure}()
#33 C:\\Eureka\\htdocs\\sanna\\services\\vendor\\laravel\\framework\\src\\Illuminate\\Pipeline\\Pipeline.php(183): Illuminate\\Foundation\\Http\\Middleware\\ValidatePostSize->handle()
#34 C:\\Eureka\\htdocs\\sanna\\services\\vendor\\laravel\\framework\\src\\Illuminate\\Foundation\\Http\\Middleware\\PreventRequestsDuringMaintenance.php(99): Illuminate\\Pipeline\\Pipeline->Illuminate\\Pipeline\\{closure}()
#35 C:\\Eureka\\htdocs\\sanna\\services\\vendor\\laravel\\framework\\src\\Illuminate\\Pipeline\\Pipeline.php(183): Illuminate\\Foundation\\Http\\Middleware\\PreventRequestsDuringMaintenance->handle()
#36 C:\\Eureka\\htdocs\\sanna\\services\\vendor\\laravel\\framework\\src\\Illuminate\\Http\\Middleware\\HandleCors.php(62): Illuminate\\Pipeline\\Pipeline->Illuminate\\Pipeline\\{closure}()
#37 C:\\Eureka\\htdocs\\sanna\\services\\vendor\\laravel\\framework\\src\\Illuminate\\Pipeline\\Pipeline.php(183): Illuminate\\Http\\Middleware\\HandleCors->handle()
#38 C:\\Eureka\\htdocs\\sanna\\services\\vendor\\laravel\\framework\\src\\Illuminate\\Http\\Middleware\\TrustProxies.php(39): Illuminate\\Pipeline\\Pipeline->Illuminate\\Pipeline\\{closure}()
#39 C:\\Eureka\\htdocs\\sanna\\services\\vendor\\laravel\\framework\\src\\Illuminate\\Pipeline\\Pipeline.php(183): Illuminate\\Http\\Middleware\\TrustProxies->handle()
#40 C:\\Eureka\\htdocs\\sanna\\services\\vendor\\laravel\\framework\\src\\Illuminate\\Pipeline\\Pipeline.php(119): Illuminate\\Pipeline\\Pipeline->Illuminate\\Pipeline\\{closure}()
#41 C:\\Eureka\\htdocs\\sanna\\services\\vendor\\laravel\\framework\\src\\Illuminate\\Foundation\\Http\\Kernel.php(175): Illuminate\\Pipeline\\Pipeline->then()
#42 C:\\Eureka\\htdocs\\sanna\\services\\vendor\\laravel\\framework\\src\\Illuminate\\Foundation\\Http\\Kernel.php(144): Illuminate\\Foundation\\Http\\Kernel->sendRequestThroughRouter()
#43 C:\\Eureka\\htdocs\\sanna\\services\\public\\index.php(54): Illuminate\\Foundation\\Http\\Kernel->handle()
#44 {main}
"} 
[2025-08-12 19:12:05] local.ERROR: Target class [App\Http\Controllers\Sanna\AuthController] does not exist. {"exception":"[object] (Illuminate\\Contracts\\Container\\BindingResolutionException(code: 0): Target class [App\\Http\\Controllers\\Sanna\\AuthController] does not exist. at C:\\Eureka\\htdocs\\sanna\\services\\vendor\\laravel\\framework\\src\\Illuminate\\Container\\Container.php:914)
[stacktrace]
#0 C:\\Eureka\\htdocs\\sanna\\services\\vendor\\laravel\\framework\\src\\Illuminate\\Container\\Container.php(795): Illuminate\\Container\\Container->build()
#1 C:\\Eureka\\htdocs\\sanna\\services\\vendor\\laravel\\framework\\src\\Illuminate\\Foundation\\Application.php(961): Illuminate\\Container\\Container->resolve()
#2 C:\\Eureka\\htdocs\\sanna\\services\\vendor\\laravel\\framework\\src\\Illuminate\\Container\\Container.php(731): Illuminate\\Foundation\\Application->resolve()
#3 C:\\Eureka\\htdocs\\sanna\\services\\vendor\\laravel\\framework\\src\\Illuminate\\Foundation\\Application.php(946): Illuminate\\Container\\Container->make()
#4 C:\\Eureka\\htdocs\\sanna\\services\\vendor\\laravel\\framework\\src\\Illuminate\\Routing\\Route.php(278): Illuminate\\Foundation\\Application->make()
#5 C:\\Eureka\\htdocs\\sanna\\services\\vendor\\laravel\\framework\\src\\Illuminate\\Routing\\Route.php(260): Illuminate\\Routing\\Route->getController()
#6 C:\\Eureka\\htdocs\\sanna\\services\\vendor\\laravel\\framework\\src\\Illuminate\\Routing\\Route.php(205): Illuminate\\Routing\\Route->runController()
#7 C:\\Eureka\\htdocs\\sanna\\services\\vendor\\laravel\\framework\\src\\Illuminate\\Routing\\Router.php(806): Illuminate\\Routing\\Route->run()
#8 C:\\Eureka\\htdocs\\sanna\\services\\vendor\\laravel\\framework\\src\\Illuminate\\Pipeline\\Pipeline.php(144): Illuminate\\Routing\\Router->Illuminate\\Routing\\{closure}()
#9 C:\\Eureka\\htdocs\\sanna\\services\\vendor\\laravel\\framework\\src\\Illuminate\\Routing\\Middleware\\SubstituteBindings.php(50): Illuminate\\Pipeline\\Pipeline->Illuminate\\Pipeline\\{closure}()
#10 C:\\Eureka\\htdocs\\sanna\\services\\vendor\\laravel\\framework\\src\\Illuminate\\Pipeline\\Pipeline.php(183): Illuminate\\Routing\\Middleware\\SubstituteBindings->handle()
#11 C:\\Eureka\\htdocs\\sanna\\services\\vendor\\laravel\\framework\\src\\Illuminate\\Foundation\\Http\\Middleware\\VerifyCsrfToken.php(78): Illuminate\\Pipeline\\Pipeline->Illuminate\\Pipeline\\{closure}()
#12 C:\\Eureka\\htdocs\\sanna\\services\\vendor\\laravel\\framework\\src\\Illuminate\\Pipeline\\Pipeline.php(183): Illuminate\\Foundation\\Http\\Middleware\\VerifyCsrfToken->handle()
#13 C:\\Eureka\\htdocs\\sanna\\services\\vendor\\laravel\\framework\\src\\Illuminate\\View\\Middleware\\ShareErrorsFromSession.php(49): Illuminate\\Pipeline\\Pipeline->Illuminate\\Pipeline\\{closure}()
#14 C:\\Eureka\\htdocs\\sanna\\services\\vendor\\laravel\\framework\\src\\Illuminate\\Pipeline\\Pipeline.php(183): Illuminate\\View\\Middleware\\ShareErrorsFromSession->handle()
#15 C:\\Eureka\\htdocs\\sanna\\services\\vendor\\laravel\\framework\\src\\Illuminate\\Session\\Middleware\\StartSession.php(121): Illuminate\\Pipeline\\Pipeline->Illuminate\\Pipeline\\{closure}()
#16 C:\\Eureka\\htdocs\\sanna\\services\\vendor\\laravel\\framework\\src\\Illuminate\\Session\\Middleware\\StartSession.php(64): Illuminate\\Session\\Middleware\\StartSession->handleStatefulRequest()
#17 C:\\Eureka\\htdocs\\sanna\\services\\vendor\\laravel\\framework\\src\\Illuminate\\Pipeline\\Pipeline.php(183): Illuminate\\Session\\Middleware\\StartSession->handle()
#18 C:\\Eureka\\htdocs\\sanna\\services\\vendor\\laravel\\framework\\src\\Illuminate\\Cookie\\Middleware\\AddQueuedCookiesToResponse.php(37): Illuminate\\Pipeline\\Pipeline->Illuminate\\Pipeline\\{closure}()
#19 C:\\Eureka\\htdocs\\sanna\\services\\vendor\\laravel\\framework\\src\\Illuminate\\Pipeline\\Pipeline.php(183): Illuminate\\Cookie\\Middleware\\AddQueuedCookiesToResponse->handle()
#20 C:\\Eureka\\htdocs\\sanna\\services\\vendor\\laravel\\framework\\src\\Illuminate\\Cookie\\Middleware\\EncryptCookies.php(67): Illuminate\\Pipeline\\Pipeline->Illuminate\\Pipeline\\{closure}()
#21 C:\\Eureka\\htdocs\\sanna\\services\\vendor\\laravel\\framework\\src\\Illuminate\\Pipeline\\Pipeline.php(183): Illuminate\\Cookie\\Middleware\\EncryptCookies->handle()
#22 C:\\Eureka\\htdocs\\sanna\\services\\vendor\\laravel\\framework\\src\\Illuminate\\Pipeline\\Pipeline.php(119): Illuminate\\Pipeline\\Pipeline->Illuminate\\Pipeline\\{closure}()
#23 C:\\Eureka\\htdocs\\sanna\\services\\vendor\\laravel\\framework\\src\\Illuminate\\Routing\\Router.php(805): Illuminate\\Pipeline\\Pipeline->then()
#24 C:\\Eureka\\htdocs\\sanna\\services\\vendor\\laravel\\framework\\src\\Illuminate\\Routing\\Router.php(784): Illuminate\\Routing\\Router->runRouteWithinStack()
#25 C:\\Eureka\\htdocs\\sanna\\services\\vendor\\laravel\\framework\\src\\Illuminate\\Routing\\Router.php(748): Illuminate\\Routing\\Router->runRoute()
#26 C:\\Eureka\\htdocs\\sanna\\services\\vendor\\laravel\\framework\\src\\Illuminate\\Routing\\Router.php(737): Illuminate\\Routing\\Router->dispatchToRoute()
#27 C:\\Eureka\\htdocs\\sanna\\services\\vendor\\laravel\\framework\\src\\Illuminate\\Foundation\\Http\\Kernel.php(200): Illuminate\\Routing\\Router->dispatch()
#28 C:\\Eureka\\htdocs\\sanna\\services\\vendor\\laravel\\framework\\src\\Illuminate\\Pipeline\\Pipeline.php(144): Illuminate\\Foundation\\Http\\Kernel->Illuminate\\Foundation\\Http\\{closure}()
#29 C:\\Eureka\\htdocs\\sanna\\services\\vendor\\laravel\\framework\\src\\Illuminate\\Foundation\\Http\\Middleware\\TransformsRequest.php(21): Illuminate\\Pipeline\\Pipeline->Illuminate\\Pipeline\\{closure}()
#30 C:\\Eureka\\htdocs\\sanna\\services\\vendor\\laravel\\framework\\src\\Illuminate\\Foundation\\Http\\Middleware\\ConvertEmptyStringsToNull.php(31): Illuminate\\Foundation\\Http\\Middleware\\TransformsRequest->handle()
#31 C:\\Eureka\\htdocs\\sanna\\services\\vendor\\laravel\\framework\\src\\Illuminate\\Pipeline\\Pipeline.php(183): Illuminate\\Foundation\\Http\\Middleware\\ConvertEmptyStringsToNull->handle()
#32 C:\\Eureka\\htdocs\\sanna\\services\\vendor\\laravel\\framework\\src\\Illuminate\\Foundation\\Http\\Middleware\\TransformsRequest.php(21): Illuminate\\Pipeline\\Pipeline->Illuminate\\Pipeline\\{closure}()
#33 C:\\Eureka\\htdocs\\sanna\\services\\vendor\\laravel\\framework\\src\\Illuminate\\Foundation\\Http\\Middleware\\TrimStrings.php(40): Illuminate\\Foundation\\Http\\Middleware\\TransformsRequest->handle()
#34 C:\\Eureka\\htdocs\\sanna\\services\\vendor\\laravel\\framework\\src\\Illuminate\\Pipeline\\Pipeline.php(183): Illuminate\\Foundation\\Http\\Middleware\\TrimStrings->handle()
#35 C:\\Eureka\\htdocs\\sanna\\services\\vendor\\laravel\\framework\\src\\Illuminate\\Foundation\\Http\\Middleware\\ValidatePostSize.php(27): Illuminate\\Pipeline\\Pipeline->Illuminate\\Pipeline\\{closure}()
#36 C:\\Eureka\\htdocs\\sanna\\services\\vendor\\laravel\\framework\\src\\Illuminate\\Pipeline\\Pipeline.php(183): Illuminate\\Foundation\\Http\\Middleware\\ValidatePostSize->handle()
#37 C:\\Eureka\\htdocs\\sanna\\services\\vendor\\laravel\\framework\\src\\Illuminate\\Foundation\\Http\\Middleware\\PreventRequestsDuringMaintenance.php(99): Illuminate\\Pipeline\\Pipeline->Illuminate\\Pipeline\\{closure}()
#38 C:\\Eureka\\htdocs\\sanna\\services\\vendor\\laravel\\framework\\src\\Illuminate\\Pipeline\\Pipeline.php(183): Illuminate\\Foundation\\Http\\Middleware\\PreventRequestsDuringMaintenance->handle()
#39 C:\\Eureka\\htdocs\\sanna\\services\\vendor\\laravel\\framework\\src\\Illuminate\\Http\\Middleware\\HandleCors.php(49): Illuminate\\Pipeline\\Pipeline->Illuminate\\Pipeline\\{closure}()
#40 C:\\Eureka\\htdocs\\sanna\\services\\vendor\\laravel\\framework\\src\\Illuminate\\Pipeline\\Pipeline.php(183): Illuminate\\Http\\Middleware\\HandleCors->handle()
#41 C:\\Eureka\\htdocs\\sanna\\services\\vendor\\laravel\\framework\\src\\Illuminate\\Http\\Middleware\\TrustProxies.php(39): Illuminate\\Pipeline\\Pipeline->Illuminate\\Pipeline\\{closure}()
#42 C:\\Eureka\\htdocs\\sanna\\services\\vendor\\laravel\\framework\\src\\Illuminate\\Pipeline\\Pipeline.php(183): Illuminate\\Http\\Middleware\\TrustProxies->handle()
#43 C:\\Eureka\\htdocs\\sanna\\services\\vendor\\laravel\\framework\\src\\Illuminate\\Pipeline\\Pipeline.php(119): Illuminate\\Pipeline\\Pipeline->Illuminate\\Pipeline\\{closure}()
#44 C:\\Eureka\\htdocs\\sanna\\services\\vendor\\laravel\\framework\\src\\Illuminate\\Foundation\\Http\\Kernel.php(175): Illuminate\\Pipeline\\Pipeline->then()
#45 C:\\Eureka\\htdocs\\sanna\\services\\vendor\\laravel\\framework\\src\\Illuminate\\Foundation\\Http\\Kernel.php(144): Illuminate\\Foundation\\Http\\Kernel->sendRequestThroughRouter()
#46 C:\\Eureka\\htdocs\\sanna\\services\\public\\index.php(54): Illuminate\\Foundation\\Http\\Kernel->handle()
#47 {main}

[previous exception] [object] (ReflectionException(code: -1): Class \"App\\Http\\Controllers\\Sanna\\AuthController\" does not exist at C:\\Eureka\\htdocs\\sanna\\services\\vendor\\laravel\\framework\\src\\Illuminate\\Container\\Container.php:912)
[stacktrace]
#0 C:\\Eureka\\htdocs\\sanna\\services\\vendor\\laravel\\framework\\src\\Illuminate\\Container\\Container.php(912): ReflectionClass->__construct()
#1 C:\\Eureka\\htdocs\\sanna\\services\\vendor\\laravel\\framework\\src\\Illuminate\\Container\\Container.php(795): Illuminate\\Container\\Container->build()
#2 C:\\Eureka\\htdocs\\sanna\\services\\vendor\\laravel\\framework\\src\\Illuminate\\Foundation\\Application.php(961): Illuminate\\Container\\Container->resolve()
#3 C:\\Eureka\\htdocs\\sanna\\services\\vendor\\laravel\\framework\\src\\Illuminate\\Container\\Container.php(731): Illuminate\\Foundation\\Application->resolve()
#4 C:\\Eureka\\htdocs\\sanna\\services\\vendor\\laravel\\framework\\src\\Illuminate\\Foundation\\Application.php(946): Illuminate\\Container\\Container->make()
#5 C:\\Eureka\\htdocs\\sanna\\services\\vendor\\laravel\\framework\\src\\Illuminate\\Routing\\Route.php(278): Illuminate\\Foundation\\Application->make()
#6 C:\\Eureka\\htdocs\\sanna\\services\\vendor\\laravel\\framework\\src\\Illuminate\\Routing\\Route.php(260): Illuminate\\Routing\\Route->getController()
#7 C:\\Eureka\\htdocs\\sanna\\services\\vendor\\laravel\\framework\\src\\Illuminate\\Routing\\Route.php(205): Illuminate\\Routing\\Route->runController()
#8 C:\\Eureka\\htdocs\\sanna\\services\\vendor\\laravel\\framework\\src\\Illuminate\\Routing\\Router.php(806): Illuminate\\Routing\\Route->run()
#9 C:\\Eureka\\htdocs\\sanna\\services\\vendor\\laravel\\framework\\src\\Illuminate\\Pipeline\\Pipeline.php(144): Illuminate\\Routing\\Router->Illuminate\\Routing\\{closure}()
#10 C:\\Eureka\\htdocs\\sanna\\services\\vendor\\laravel\\framework\\src\\Illuminate\\Routing\\Middleware\\SubstituteBindings.php(50): Illuminate\\Pipeline\\Pipeline->Illuminate\\Pipeline\\{closure}()
#11 C:\\Eureka\\htdocs\\sanna\\services\\vendor\\laravel\\framework\\src\\Illuminate\\Pipeline\\Pipeline.php(183): Illuminate\\Routing\\Middleware\\SubstituteBindings->handle()
#12 C:\\Eureka\\htdocs\\sanna\\services\\vendor\\laravel\\framework\\src\\Illuminate\\Foundation\\Http\\Middleware\\VerifyCsrfToken.php(78): Illuminate\\Pipeline\\Pipeline->Illuminate\\Pipeline\\{closure}()
#13 C:\\Eureka\\htdocs\\sanna\\services\\vendor\\laravel\\framework\\src\\Illuminate\\Pipeline\\Pipeline.php(183): Illuminate\\Foundation\\Http\\Middleware\\VerifyCsrfToken->handle()
#14 C:\\Eureka\\htdocs\\sanna\\services\\vendor\\laravel\\framework\\src\\Illuminate\\View\\Middleware\\ShareErrorsFromSession.php(49): Illuminate\\Pipeline\\Pipeline->Illuminate\\Pipeline\\{closure}()
#15 C:\\Eureka\\htdocs\\sanna\\services\\vendor\\laravel\\framework\\src\\Illuminate\\Pipeline\\Pipeline.php(183): Illuminate\\View\\Middleware\\ShareErrorsFromSession->handle()
#16 C:\\Eureka\\htdocs\\sanna\\services\\vendor\\laravel\\framework\\src\\Illuminate\\Session\\Middleware\\StartSession.php(121): Illuminate\\Pipeline\\Pipeline->Illuminate\\Pipeline\\{closure}()
#17 C:\\Eureka\\htdocs\\sanna\\services\\vendor\\laravel\\framework\\src\\Illuminate\\Session\\Middleware\\StartSession.php(64): Illuminate\\Session\\Middleware\\StartSession->handleStatefulRequest()
#18 C:\\Eureka\\htdocs\\sanna\\services\\vendor\\laravel\\framework\\src\\Illuminate\\Pipeline\\Pipeline.php(183): Illuminate\\Session\\Middleware\\StartSession->handle()
#19 C:\\Eureka\\htdocs\\sanna\\services\\vendor\\laravel\\framework\\src\\Illuminate\\Cookie\\Middleware\\AddQueuedCookiesToResponse.php(37): Illuminate\\Pipeline\\Pipeline->Illuminate\\Pipeline\\{closure}()
#20 C:\\Eureka\\htdocs\\sanna\\services\\vendor\\laravel\\framework\\src\\Illuminate\\Pipeline\\Pipeline.php(183): Illuminate\\Cookie\\Middleware\\AddQueuedCookiesToResponse->handle()
#21 C:\\Eureka\\htdocs\\sanna\\services\\vendor\\laravel\\framework\\src\\Illuminate\\Cookie\\Middleware\\EncryptCookies.php(67): Illuminate\\Pipeline\\Pipeline->Illuminate\\Pipeline\\{closure}()
#22 C:\\Eureka\\htdocs\\sanna\\services\\vendor\\laravel\\framework\\src\\Illuminate\\Pipeline\\Pipeline.php(183): Illuminate\\Cookie\\Middleware\\EncryptCookies->handle()
#23 C:\\Eureka\\htdocs\\sanna\\services\\vendor\\laravel\\framework\\src\\Illuminate\\Pipeline\\Pipeline.php(119): Illuminate\\Pipeline\\Pipeline->Illuminate\\Pipeline\\{closure}()
#24 C:\\Eureka\\htdocs\\sanna\\services\\vendor\\laravel\\framework\\src\\Illuminate\\Routing\\Router.php(805): Illuminate\\Pipeline\\Pipeline->then()
#25 C:\\Eureka\\htdocs\\sanna\\services\\vendor\\laravel\\framework\\src\\Illuminate\\Routing\\Router.php(784): Illuminate\\Routing\\Router->runRouteWithinStack()
#26 C:\\Eureka\\htdocs\\sanna\\services\\vendor\\laravel\\framework\\src\\Illuminate\\Routing\\Router.php(748): Illuminate\\Routing\\Router->runRoute()
#27 C:\\Eureka\\htdocs\\sanna\\services\\vendor\\laravel\\framework\\src\\Illuminate\\Routing\\Router.php(737): Illuminate\\Routing\\Router->dispatchToRoute()
#28 C:\\Eureka\\htdocs\\sanna\\services\\vendor\\laravel\\framework\\src\\Illuminate\\Foundation\\Http\\Kernel.php(200): Illuminate\\Routing\\Router->dispatch()
#29 C:\\Eureka\\htdocs\\sanna\\services\\vendor\\laravel\\framework\\src\\Illuminate\\Pipeline\\Pipeline.php(144): Illuminate\\Foundation\\Http\\Kernel->Illuminate\\Foundation\\Http\\{closure}()
#30 C:\\Eureka\\htdocs\\sanna\\services\\vendor\\laravel\\framework\\src\\Illuminate\\Foundation\\Http\\Middleware\\TransformsRequest.php(21): Illuminate\\Pipeline\\Pipeline->Illuminate\\Pipeline\\{closure}()
#31 C:\\Eureka\\htdocs\\sanna\\services\\vendor\\laravel\\framework\\src\\Illuminate\\Foundation\\Http\\Middleware\\ConvertEmptyStringsToNull.php(31): Illuminate\\Foundation\\Http\\Middleware\\TransformsRequest->handle()
#32 C:\\Eureka\\htdocs\\sanna\\services\\vendor\\laravel\\framework\\src\\Illuminate\\Pipeline\\Pipeline.php(183): Illuminate\\Foundation\\Http\\Middleware\\ConvertEmptyStringsToNull->handle()
#33 C:\\Eureka\\htdocs\\sanna\\services\\vendor\\laravel\\framework\\src\\Illuminate\\Foundation\\Http\\Middleware\\TransformsRequest.php(21): Illuminate\\Pipeline\\Pipeline->Illuminate\\Pipeline\\{closure}()
#34 C:\\Eureka\\htdocs\\sanna\\services\\vendor\\laravel\\framework\\src\\Illuminate\\Foundation\\Http\\Middleware\\TrimStrings.php(40): Illuminate\\Foundation\\Http\\Middleware\\TransformsRequest->handle()
#35 C:\\Eureka\\htdocs\\sanna\\services\\vendor\\laravel\\framework\\src\\Illuminate\\Pipeline\\Pipeline.php(183): Illuminate\\Foundation\\Http\\Middleware\\TrimStrings->handle()
#36 C:\\Eureka\\htdocs\\sanna\\services\\vendor\\laravel\\framework\\src\\Illuminate\\Foundation\\Http\\Middleware\\ValidatePostSize.php(27): Illuminate\\Pipeline\\Pipeline->Illuminate\\Pipeline\\{closure}()
#37 C:\\Eureka\\htdocs\\sanna\\services\\vendor\\laravel\\framework\\src\\Illuminate\\Pipeline\\Pipeline.php(183): Illuminate\\Foundation\\Http\\Middleware\\ValidatePostSize->handle()
#38 C:\\Eureka\\htdocs\\sanna\\services\\vendor\\laravel\\framework\\src\\Illuminate\\Foundation\\Http\\Middleware\\PreventRequestsDuringMaintenance.php(99): Illuminate\\Pipeline\\Pipeline->Illuminate\\Pipeline\\{closure}()
#39 C:\\Eureka\\htdocs\\sanna\\services\\vendor\\laravel\\framework\\src\\Illuminate\\Pipeline\\Pipeline.php(183): Illuminate\\Foundation\\Http\\Middleware\\PreventRequestsDuringMaintenance->handle()
#40 C:\\Eureka\\htdocs\\sanna\\services\\vendor\\laravel\\framework\\src\\Illuminate\\Http\\Middleware\\HandleCors.php(49): Illuminate\\Pipeline\\Pipeline->Illuminate\\Pipeline\\{closure}()
#41 C:\\Eureka\\htdocs\\sanna\\services\\vendor\\laravel\\framework\\src\\Illuminate\\Pipeline\\Pipeline.php(183): Illuminate\\Http\\Middleware\\HandleCors->handle()
#42 C:\\Eureka\\htdocs\\sanna\\services\\vendor\\laravel\\framework\\src\\Illuminate\\Http\\Middleware\\TrustProxies.php(39): Illuminate\\Pipeline\\Pipeline->Illuminate\\Pipeline\\{closure}()
#43 C:\\Eureka\\htdocs\\sanna\\services\\vendor\\laravel\\framework\\src\\Illuminate\\Pipeline\\Pipeline.php(183): Illuminate\\Http\\Middleware\\TrustProxies->handle()
#44 C:\\Eureka\\htdocs\\sanna\\services\\vendor\\laravel\\framework\\src\\Illuminate\\Pipeline\\Pipeline.php(119): Illuminate\\Pipeline\\Pipeline->Illuminate\\Pipeline\\{closure}()
#45 C:\\Eureka\\htdocs\\sanna\\services\\vendor\\laravel\\framework\\src\\Illuminate\\Foundation\\Http\\Kernel.php(175): Illuminate\\Pipeline\\Pipeline->then()
#46 C:\\Eureka\\htdocs\\sanna\\services\\vendor\\laravel\\framework\\src\\Illuminate\\Foundation\\Http\\Kernel.php(144): Illuminate\\Foundation\\Http\\Kernel->sendRequestThroughRouter()
#47 C:\\Eureka\\htdocs\\sanna\\services\\public\\index.php(54): Illuminate\\Foundation\\Http\\Kernel->handle()
#48 {main}
"} 
[2025-08-28 15:17:14] local.ERROR: file_put_contents(C:\Eureka\htdocs\sanna\services\storage\framework/cache/data/d9/c9/d9c9abbbcead925164804e1e5006a0cc44ddb903): Failed to open stream: Permission denied {"exception":"[object] (ErrorException(code: 0): file_put_contents(C:\\Eureka\\htdocs\\sanna\\services\\storage\\framework/cache/data/d9/c9/d9c9abbbcead925164804e1e5006a0cc44ddb903): Failed to open stream: Permission denied at C:\\Eureka\\htdocs\\sanna\\services\\vendor\\laravel\\framework\\src\\Illuminate\\Filesystem\\Filesystem.php:204)
[stacktrace]
#0 C:\\Eureka\\htdocs\\sanna\\services\\vendor\\laravel\\framework\\src\\Illuminate\\Foundation\\Bootstrap\\HandleExceptions.php(255): Illuminate\\Foundation\\Bootstrap\\HandleExceptions->handleError()
#1 [internal function]: Illuminate\\Foundation\\Bootstrap\\HandleExceptions->Illuminate\\Foundation\\Bootstrap\\{closure}()
#2 C:\\Eureka\\htdocs\\sanna\\services\\vendor\\laravel\\framework\\src\\Illuminate\\Filesystem\\Filesystem.php(204): file_put_contents()
#3 C:\\Eureka\\htdocs\\sanna\\services\\vendor\\laravel\\framework\\src\\Illuminate\\Cache\\FileStore.php(83): Illuminate\\Filesystem\\Filesystem->put()
#4 C:\\Eureka\\htdocs\\sanna\\services\\vendor\\laravel\\framework\\src\\Illuminate\\Cache\\FileStore.php(182): Illuminate\\Cache\\FileStore->put()
#5 C:\\Eureka\\htdocs\\sanna\\services\\vendor\\laravel\\framework\\src\\Illuminate\\Support\\helpers.php(307): Illuminate\\Cache\\FileStore->Illuminate\\Cache\\{closure}()
#6 C:\\Eureka\\htdocs\\sanna\\services\\vendor\\laravel\\framework\\src\\Illuminate\\Cache\\FileStore.php(181): tap()
#7 C:\\Eureka\\htdocs\\sanna\\services\\vendor\\laravel\\framework\\src\\Illuminate\\Cache\\Repository.php(342): Illuminate\\Cache\\FileStore->increment()
#8 C:\\Eureka\\htdocs\\sanna\\services\\vendor\\laravel\\framework\\src\\Illuminate\\Cache\\RateLimiter.php(137): Illuminate\\Cache\\Repository->increment()
#9 C:\\Eureka\\htdocs\\sanna\\services\\vendor\\laravel\\framework\\src\\Illuminate\\Cache\\RateLimiter.php(116): Illuminate\\Cache\\RateLimiter->increment()
#10 C:\\Eureka\\htdocs\\sanna\\services\\vendor\\laravel\\framework\\src\\Illuminate\\Routing\\Middleware\\ThrottleRequests.php(156): Illuminate\\Cache\\RateLimiter->hit()
#11 C:\\Eureka\\htdocs\\sanna\\services\\vendor\\laravel\\framework\\src\\Illuminate\\Routing\\Middleware\\ThrottleRequests.php(125): Illuminate\\Routing\\Middleware\\ThrottleRequests->handleRequest()
#12 C:\\Eureka\\htdocs\\sanna\\services\\vendor\\laravel\\framework\\src\\Illuminate\\Routing\\Middleware\\ThrottleRequests.php(87): Illuminate\\Routing\\Middleware\\ThrottleRequests->handleRequestUsingNamedLimiter()
#13 C:\\Eureka\\htdocs\\sanna\\services\\vendor\\laravel\\framework\\src\\Illuminate\\Pipeline\\Pipeline.php(183): Illuminate\\Routing\\Middleware\\ThrottleRequests->handle()
#14 C:\\Eureka\\htdocs\\sanna\\services\\vendor\\laravel\\framework\\src\\Illuminate\\Pipeline\\Pipeline.php(119): Illuminate\\Pipeline\\Pipeline->Illuminate\\Pipeline\\{closure}()
#15 C:\\Eureka\\htdocs\\sanna\\services\\vendor\\laravel\\framework\\src\\Illuminate\\Routing\\Router.php(805): Illuminate\\Pipeline\\Pipeline->then()
#16 C:\\Eureka\\htdocs\\sanna\\services\\vendor\\laravel\\framework\\src\\Illuminate\\Routing\\Router.php(784): Illuminate\\Routing\\Router->runRouteWithinStack()
#17 C:\\Eureka\\htdocs\\sanna\\services\\vendor\\laravel\\framework\\src\\Illuminate\\Routing\\Router.php(748): Illuminate\\Routing\\Router->runRoute()
#18 C:\\Eureka\\htdocs\\sanna\\services\\vendor\\laravel\\framework\\src\\Illuminate\\Routing\\Router.php(737): Illuminate\\Routing\\Router->dispatchToRoute()
#19 C:\\Eureka\\htdocs\\sanna\\services\\vendor\\laravel\\framework\\src\\Illuminate\\Foundation\\Http\\Kernel.php(200): Illuminate\\Routing\\Router->dispatch()
#20 C:\\Eureka\\htdocs\\sanna\\services\\vendor\\laravel\\framework\\src\\Illuminate\\Pipeline\\Pipeline.php(144): Illuminate\\Foundation\\Http\\Kernel->Illuminate\\Foundation\\Http\\{closure}()
#21 C:\\Eureka\\htdocs\\sanna\\services\\vendor\\laravel\\framework\\src\\Illuminate\\Foundation\\Http\\Middleware\\TransformsRequest.php(21): Illuminate\\Pipeline\\Pipeline->Illuminate\\Pipeline\\{closure}()
#22 C:\\Eureka\\htdocs\\sanna\\services\\vendor\\laravel\\framework\\src\\Illuminate\\Foundation\\Http\\Middleware\\ConvertEmptyStringsToNull.php(31): Illuminate\\Foundation\\Http\\Middleware\\TransformsRequest->handle()
#23 C:\\Eureka\\htdocs\\sanna\\services\\vendor\\laravel\\framework\\src\\Illuminate\\Pipeline\\Pipeline.php(183): Illuminate\\Foundation\\Http\\Middleware\\ConvertEmptyStringsToNull->handle()
#24 C:\\Eureka\\htdocs\\sanna\\services\\vendor\\laravel\\framework\\src\\Illuminate\\Foundation\\Http\\Middleware\\TransformsRequest.php(21): Illuminate\\Pipeline\\Pipeline->Illuminate\\Pipeline\\{closure}()
#25 C:\\Eureka\\htdocs\\sanna\\services\\vendor\\laravel\\framework\\src\\Illuminate\\Foundation\\Http\\Middleware\\TrimStrings.php(40): Illuminate\\Foundation\\Http\\Middleware\\TransformsRequest->handle()
#26 C:\\Eureka\\htdocs\\sanna\\services\\vendor\\laravel\\framework\\src\\Illuminate\\Pipeline\\Pipeline.php(183): Illuminate\\Foundation\\Http\\Middleware\\TrimStrings->handle()
#27 C:\\Eureka\\htdocs\\sanna\\services\\vendor\\laravel\\framework\\src\\Illuminate\\Foundation\\Http\\Middleware\\ValidatePostSize.php(27): Illuminate\\Pipeline\\Pipeline->Illuminate\\Pipeline\\{closure}()
#28 C:\\Eureka\\htdocs\\sanna\\services\\vendor\\laravel\\framework\\src\\Illuminate\\Pipeline\\Pipeline.php(183): Illuminate\\Foundation\\Http\\Middleware\\ValidatePostSize->handle()
#29 C:\\Eureka\\htdocs\\sanna\\services\\vendor\\laravel\\framework\\src\\Illuminate\\Foundation\\Http\\Middleware\\PreventRequestsDuringMaintenance.php(99): Illuminate\\Pipeline\\Pipeline->Illuminate\\Pipeline\\{closure}()
#30 C:\\Eureka\\htdocs\\sanna\\services\\vendor\\laravel\\framework\\src\\Illuminate\\Pipeline\\Pipeline.php(183): Illuminate\\Foundation\\Http\\Middleware\\PreventRequestsDuringMaintenance->handle()
#31 C:\\Eureka\\htdocs\\sanna\\services\\vendor\\laravel\\framework\\src\\Illuminate\\Http\\Middleware\\HandleCors.php(62): Illuminate\\Pipeline\\Pipeline->Illuminate\\Pipeline\\{closure}()
#32 C:\\Eureka\\htdocs\\sanna\\services\\vendor\\laravel\\framework\\src\\Illuminate\\Pipeline\\Pipeline.php(183): Illuminate\\Http\\Middleware\\HandleCors->handle()
#33 C:\\Eureka\\htdocs\\sanna\\services\\vendor\\laravel\\framework\\src\\Illuminate\\Http\\Middleware\\TrustProxies.php(39): Illuminate\\Pipeline\\Pipeline->Illuminate\\Pipeline\\{closure}()
#34 C:\\Eureka\\htdocs\\sanna\\services\\vendor\\laravel\\framework\\src\\Illuminate\\Pipeline\\Pipeline.php(183): Illuminate\\Http\\Middleware\\TrustProxies->handle()
#35 C:\\Eureka\\htdocs\\sanna\\services\\vendor\\laravel\\framework\\src\\Illuminate\\Pipeline\\Pipeline.php(119): Illuminate\\Pipeline\\Pipeline->Illuminate\\Pipeline\\{closure}()
#36 C:\\Eureka\\htdocs\\sanna\\services\\vendor\\laravel\\framework\\src\\Illuminate\\Foundation\\Http\\Kernel.php(175): Illuminate\\Pipeline\\Pipeline->then()
#37 C:\\Eureka\\htdocs\\sanna\\services\\vendor\\laravel\\framework\\src\\Illuminate\\Foundation\\Http\\Kernel.php(144): Illuminate\\Foundation\\Http\\Kernel->sendRequestThroughRouter()
#38 C:\\Eureka\\htdocs\\sanna\\services\\public\\index.php(54): Illuminate\\Foundation\\Http\\Kernel->handle()
#39 {main}
"} 
